# https://github.com/mikedh/trimesh
v -0.42276500 -0.95000000 0.11032900
v -0.41885900 -0.95000000 0.09080200
v -0.27045200 -0.94414200 0.18843800
v -0.43838600 -0.93242500 0.11032900
v -0.42081200 -0.95000000 0.12985600
v -0.41690600 -0.95000000 0.14743100
v -0.43643400 -0.93242500 0.13571400
v -0.41495400 -0.94804700 0.06932200
v -0.24506700 -0.94804700 0.17672100
v -0.43448100 -0.93242500 0.08103800
v -0.41300100 -0.95000000 0.16891100
v -0.43057600 -0.93242500 0.16305200
v -0.39933200 -0.94804700 0.18258000
v -0.41885900 -0.93242500 0.18648500
v -0.34465600 -0.95000000 -0.09470700
v -0.15133600 -0.94804700 -0.01659800
v -0.34465600 -0.95000000 -0.08884900
v -0.35832500 -0.93047300 -0.09275400
v -0.33879800 -0.95000000 -0.11228200
v -0.14157200 -0.94804700 -0.02831400
v -0.35441900 -0.93242500 -0.11423400
v -0.15719400 -0.94804700 -0.00683500
v -0.34856100 -0.94218900 -0.08299100
v -0.33098700 -0.94804700 -0.13180900
v -0.13180900 -0.94804700 -0.04588900
v 0.33879800 -0.95000000 -0.11228200
v 0.34465600 -0.95000000 -0.09470700
v 0.14157200 -0.94804700 -0.02831400
v 0.35441900 -0.93242500 -0.11423400
v 0.13180900 -0.94804700 -0.04588900
v 0.33098700 -0.94804700 -0.13180900
v 0.34465600 -0.95000000 -0.08884900
v 0.15133600 -0.94804700 -0.01659800
v 0.35832500 -0.93047300 -0.09275400
v 0.15719400 -0.94804700 -0.00683500
v 0.34856100 -0.94218900 -0.08299100
v 0.41300100 -0.95000000 0.16891100
v 0.27045200 -0.94414200 0.18843800
v 0.41690600 -0.95000000 0.14743100
v 0.43057600 -0.93242500 0.16305200
v 0.39933200 -0.94804700 0.18258000
v 0.41885900 -0.93242500 0.18648500
v 0.42081200 -0.95000000 0.12985600
v 0.43643400 -0.93242500 0.13571400
v 0.41885900 -0.95000000 0.09080200
v 0.42276500 -0.95000000 0.11032900
v 0.43838600 -0.93242500 0.11032900
v 0.24506700 -0.94804700 0.17672100
v 0.41495400 -0.94804700 0.06932200
v 0.43448100 -0.93242500 0.08103800
v -0.40714300 -0.94804700 0.04979400
v -0.22944500 -0.94804700 0.15524200
v -0.42471700 -0.93242500 0.04784200
v -0.39933200 -0.94804700 0.03026700
v -0.21968100 -0.94804700 0.13376200
v -0.20991800 -0.94804700 0.11228200
v -0.38956800 -0.94609500 0.01074000
v -0.40909600 -0.93242500 0.01464500
v -0.38566300 -0.94804700 0.19234300
v -0.40323700 -0.93242500 0.20601200
v -0.28802700 -0.94804700 0.20991800
v -0.37394700 -0.94804700 0.20406000
v -0.38371000 -0.93242500 0.22163400
v -0.37785200 -0.94804700 -0.00683500
v -0.36808800 -0.94804700 -0.02440900
v -0.19624900 -0.94804700 0.05760500
v -0.39347400 -0.93242500 -0.00683500
v -0.20210700 -0.94804700 0.07713300
v -0.30560100 -0.94804700 0.21382300
v -0.35832500 -0.94804700 0.21382300
v -0.36027700 -0.94804700 -0.03026700
v -0.19429600 -0.94804700 0.03807800
v -0.37980500 -0.92461500 -0.04393600
v -0.19429600 -0.94218900 0.02831400
v -0.35246700 -0.94218900 -0.03807800
v -0.37004100 -0.92656700 -0.05565300
v -0.32317600 -0.94804700 0.21772900
v -0.34075000 -0.94804700 0.21772900
v -0.36223000 -0.93242500 0.23335000
v -0.33879800 -0.93242500 0.23920900
v -0.32122300 -0.94804700 -0.15328900
v -0.12399800 -0.94804700 -0.06736900
v -0.34465600 -0.93242500 -0.14352500
v -0.31341200 -0.93242500 0.23920900
v -0.30950700 -0.94804700 -0.17476900
v -0.11814000 -0.94804700 -0.08884900
v -0.32903400 -0.93242500 -0.17281600
v -0.12204500 -0.94804700 -0.11032900
v -0.29779000 -0.94609500 -0.19234300
v -0.30950700 -0.93242500 -0.19820100
v -0.28997900 -0.93242500 0.23139800
v -0.26849900 -0.93242500 0.21968100
v -0.28216900 -0.94804700 -0.20601200
v -0.26068900 -0.94804700 -0.21772900
v -0.12399800 -0.94804700 -0.13376200
v -0.28997900 -0.93242500 -0.21968100
v -0.23920900 -0.94804700 -0.22358700
v -0.13180900 -0.94804700 -0.15328900
v -0.26459400 -0.93242500 -0.23335000
v -0.23139800 -0.93242500 0.18843800
v -0.24897200 -0.93242500 0.20210700
v -0.21577600 -0.94804700 -0.22554000
v -0.13962000 -0.94804700 -0.17476900
v -0.23920900 -0.93242500 -0.24116100
v -0.21382300 -0.93242500 0.16110000
v -0.19820100 -0.93242500 0.12399800
v -0.19429600 -0.94804700 -0.22163400
v -0.15133600 -0.94804700 -0.19234300
v -0.21187000 -0.93242500 -0.24311400
v -0.20406000 -0.94804700 0.09275400
v -0.18648500 -0.93242500 0.08103800
v -0.17476900 -0.92656700 0.04003100
v -0.17086300 -0.94804700 -0.21382300
v -0.18258000 -0.93242500 -0.23530300
v -0.17476900 -0.92656700 0.02050400
v -0.15328900 -0.94804700 -0.20406000
v -0.15328900 -0.93242500 -0.22163400
v -0.14352500 -0.93242500 -0.00292900
v -0.16110000 -0.94218900 -0.00292900
v -0.15328900 -0.92656700 0.00683500
v -0.13376200 -0.94804700 -0.18453200
v -0.12985600 -0.93242500 -0.20406000
v -0.13180900 -0.93242500 -0.01855100
v -0.12204500 -0.94804700 -0.16695800
v -0.11228200 -0.93242500 -0.18258000
v -0.11423400 -0.94804700 -0.14743100
v -0.11814000 -0.93242500 -0.04198400
v -0.11032900 -0.94804700 -0.12595100
v -0.10837600 -0.93242500 -0.06736900
v -0.10251800 -0.93242500 -0.15914700
v -0.11228200 -0.94804700 -0.10642300
v -0.10056500 -0.93242500 -0.09275400
v -0.09666000 -0.93242500 -0.13571400
v -0.09666000 -0.93242500 -0.11423400
v 0.11032900 -0.94804700 -0.12595100
v 0.12204500 -0.94804700 -0.11032900
v 0.11228200 -0.94804700 -0.10642300
v 0.09666000 -0.93242500 -0.11423400
v 0.11423400 -0.94804700 -0.14743100
v 0.12399800 -0.94804700 -0.13376200
v 0.09666000 -0.93242500 -0.13571400
v 0.11814000 -0.94804700 -0.08884900
v 0.10056500 -0.93242500 -0.09275400
v 0.12204500 -0.94804700 -0.16695800
v 0.13180900 -0.94804700 -0.15328900
v 0.10251800 -0.93242500 -0.15914700
v 0.30950700 -0.94804700 -0.17476900
v 0.32122300 -0.94804700 -0.15328900
v 0.12399800 -0.94804700 -0.06736900
v 0.10837600 -0.93242500 -0.06736900
v 0.13962000 -0.94804700 -0.17476900
v 0.13376200 -0.94804700 -0.18453200
v 0.11228200 -0.93242500 -0.18258000
v 0.28216900 -0.94804700 -0.20601200
v 0.29779000 -0.94609500 -0.19234300
v 0.26068900 -0.94804700 -0.21772900
v 0.11814000 -0.93242500 -0.04198400
v 0.23920900 -0.94804700 -0.22358700
v 0.13180900 -0.93242500 -0.01855100
v 0.15133600 -0.94804700 -0.19234300
v 0.15328900 -0.94804700 -0.20406000
v 0.12985600 -0.93242500 -0.20406000
v 0.21577600 -0.94804700 -0.22554000
v 0.17086300 -0.94804700 -0.21382300
v 0.19429600 -0.94804700 -0.22163400
v 0.14352500 -0.93242500 -0.00292900
v 0.15328900 -0.93242500 -0.22163400
v 0.16110000 -0.94218900 -0.00292900
v 0.15328900 -0.92656700 0.00683500
v 0.18258000 -0.93242500 -0.23530300
v 0.21187100 -0.93242500 -0.24311400
v 0.19429600 -0.94804700 0.03807800
v 0.36808800 -0.94804700 -0.02440900
v 0.19624900 -0.94804700 0.05760500
v 0.17476900 -0.92656700 0.04003100
v 0.36027700 -0.94804700 -0.03026700
v 0.19429600 -0.94218900 0.02831400
v 0.17476900 -0.92656700 0.02050400
v 0.37785200 -0.94804700 -0.00683500
v 0.20210700 -0.94804700 0.07713300
v 0.18648500 -0.93242500 0.08103800
v 0.38956800 -0.94609500 0.01074000
v 0.20406000 -0.94804700 0.09275400
v 0.20991800 -0.94804700 0.11228200
v 0.19820100 -0.93242500 0.12399800
v 0.39933200 -0.94804700 0.03026700
v 0.21968100 -0.94804700 0.13376200
v 0.23920900 -0.93242500 -0.24116100
v 0.40714300 -0.94804700 0.04979400
v 0.22944500 -0.94804700 0.15524200
v 0.21382300 -0.93242500 0.16110000
v 0.23139800 -0.93242500 0.18843800
v 0.26459400 -0.93242500 -0.23335000
v 0.24897200 -0.93242500 0.20210700
v 0.28997900 -0.93242500 -0.21968100
v 0.30950700 -0.93242500 -0.19820100
v 0.28802700 -0.94804700 0.20991800
v 0.37394700 -0.94804700 0.20406000
v 0.30560100 -0.94804700 0.21382300
v 0.28997900 -0.93242500 0.23139800
v 0.38566300 -0.94804700 0.19234300
v 0.26849900 -0.93242500 0.21968100
v 0.35832500 -0.94804700 0.21382300
v 0.32317600 -0.94804700 0.21772900
v 0.31341200 -0.93242500 0.23920900
v 0.32903400 -0.93242500 -0.17281600
v 0.34465600 -0.93242500 -0.14352500
v 0.34075000 -0.94804700 0.21772900
v 0.33879800 -0.93242500 0.23920900
v 0.36223000 -0.93242500 0.23335000
v 0.38371000 -0.93242500 0.22163400
v 0.37980500 -0.92461500 -0.04393600
v 0.35246700 -0.94218900 -0.03807800
v 0.37004100 -0.92656700 -0.05565300
v 0.39347400 -0.93242500 -0.00683500
v 0.40323700 -0.93242500 0.20601200
v 0.42471700 -0.93242500 0.04784200
v 0.40909600 -0.93242500 0.01464500
v -0.34856100 -0.93047300 -0.04979400
v -0.16891100 -0.92656700 0.00683500
v -0.36418300 -0.91875600 -0.07908500
v -0.35051400 -0.92656700 -0.06932200
v 0.16891100 -0.92656700 0.00683500
v 0.34856100 -0.93047300 -0.04979400
v 0.36418300 -0.91875600 -0.07908500
v 0.35051400 -0.92656700 -0.06932200
v -0.43838600 -0.91485100 0.11032900
v -0.43643400 -0.91485100 0.13571400
v -0.43448100 -0.91485100 0.08103800
v -0.43057600 -0.91485100 0.16305200
v -0.42471700 -0.91485100 0.04784200
v -0.41885900 -0.91485100 0.18648500
v -0.40909600 -0.91485100 0.01464500
v -0.40323700 -0.91485100 0.20601200
v -0.38371000 -0.90899300 -0.03026700
v -0.38371000 -0.91485100 0.22163400
v -0.36223000 -0.91485100 0.23335000
v -0.35441900 -0.89922900 -0.11228200
v -0.34465600 -0.89922900 -0.14352500
v -0.33879800 -0.91485100 0.23920900
v -0.32903400 -0.89922900 -0.17281600
v -0.31341200 -0.91485100 0.23920900
v -0.30950700 -0.89922900 -0.19820100
v -0.28997900 -0.89922900 -0.21968100
v -0.28997900 -0.91485100 0.23139800
v -0.26849900 -0.91485100 0.21968100
v -0.26459400 -0.89922900 -0.23335000
v -0.24897200 -0.91485100 0.20210700
v -0.23920900 -0.89922900 -0.24116100
v -0.23139800 -0.91485100 0.18843800
v -0.21382300 -0.91485100 0.16110000
v -0.21187000 -0.89922900 -0.24311400
v -0.18648500 -0.91485100 0.08103800
v -0.19820100 -0.91485100 0.12399800
v -0.18258000 -0.89922900 -0.23530300
v -0.15328900 -0.89922900 -0.22163400
v -0.13180900 -0.89922900 -0.01855100
v -0.14938300 -0.89922900 0.00488200
v -0.11814000 -0.89922900 -0.04198400
v -0.12985600 -0.89922900 -0.20406000
v -0.10837600 -0.89922900 -0.06736900
v -0.11228200 -0.89922900 -0.18258000
v -0.10056500 -0.89922900 -0.09275400
v -0.10251800 -0.89922900 -0.15914700
v -0.09666000 -0.89922900 -0.11423400
v -0.09666000 -0.89922900 -0.13571400
v 0.09666000 -0.89922900 -0.13571400
v 0.10251800 -0.89922900 -0.15914700
v 0.09666000 -0.89922900 -0.11423400
v 0.10056500 -0.89922900 -0.09275400
v 0.11228200 -0.89922900 -0.18258000
v 0.10837600 -0.89922900 -0.06736900
v 0.12985600 -0.89922900 -0.20406000
v 0.11814000 -0.89922900 -0.04198400
v 0.15328900 -0.89922900 -0.22163400
v 0.13180900 -0.89922900 -0.01855100
v 0.14938300 -0.89922900 0.00488200
v 0.18258000 -0.89922900 -0.23530300
v 0.21187100 -0.89922900 -0.24311400
v 0.18648500 -0.91485100 0.08103800
v 0.21382300 -0.91485100 0.16110000
v 0.19820100 -0.91485100 0.12399800
v 0.23920900 -0.89922900 -0.24116100
v 0.23139800 -0.91485100 0.18843800
v 0.24897200 -0.91485100 0.20210700
v 0.26459400 -0.89922900 -0.23335000
v 0.26849900 -0.91485100 0.21968100
v 0.28997900 -0.89922900 -0.21968100
v 0.28997900 -0.91485100 0.23139800
v 0.30950700 -0.89922900 -0.19820100
v 0.31341200 -0.91485100 0.23920900
v 0.32903400 -0.89922900 -0.17281600
v 0.33879800 -0.91485100 0.23920900
v 0.34465600 -0.89922900 -0.14352500
v 0.36223000 -0.91485100 0.23335000
v 0.35441900 -0.89922900 -0.11228200
v 0.38371000 -0.91485100 0.22163400
v 0.40323700 -0.91485100 0.20601200
v 0.40909600 -0.91485100 0.01464500
v 0.38371000 -0.90899300 -0.03026700
v 0.41885900 -0.91485100 0.18648500
v 0.42471700 -0.91485100 0.04784200
v 0.43057600 -0.91485100 0.16305200
v 0.43448100 -0.91485100 0.08103800
v 0.43643400 -0.91485100 0.13571400
v 0.43838600 -0.91485100 0.11032900
v -0.36418300 -0.89922900 -0.07518000
v 0.36418300 -0.89922900 -0.07518000
v -0.15914700 -0.91680400 0.01659800
v -0.17086300 -0.90899300 0.03612500
v 0.15914700 -0.91680400 0.01659800
v 0.17086300 -0.90899300 0.03612500
v -0.43643400 -0.91094600 0.11032900
v -0.43252800 -0.91094600 0.08103800
v -0.43448100 -0.91094600 0.13571400
v -0.42276500 -0.91094600 0.04979400
v -0.42862300 -0.91094600 0.16110000
v -0.41690600 -0.91094600 0.18453200
v -0.40714300 -0.91094600 0.01659800
v -0.40128500 -0.91094600 0.20406000
v -0.38175700 -0.91094600 0.21968100
v -0.36027700 -0.91094600 0.23139800
v -0.33684500 -0.91094600 0.23725600
v -0.31341200 -0.91094600 0.23530300
v -0.28997900 -0.91094600 0.22944500
v -0.27045200 -0.91094600 0.21772900
v -0.25092500 -0.91094600 0.20210700
v -0.23335000 -0.91094600 0.18648500
v -0.21577600 -0.91094600 0.15914700
v -0.19039100 -0.91094600 0.08103800
v -0.20210700 -0.91094600 0.12399800
v 0.19039100 -0.91094600 0.08103800
v 0.21577600 -0.91094600 0.15914700
v 0.20210700 -0.91094600 0.12399800
v 0.23335000 -0.91094600 0.18648500
v 0.25092500 -0.91094600 0.20210700
v 0.27045200 -0.91094600 0.21772900
v 0.28997900 -0.91094600 0.22944500
v 0.31341200 -0.91094600 0.23530300
v 0.33684500 -0.91094600 0.23725600
v 0.36027700 -0.91094600 0.23139800
v 0.38175700 -0.91094600 0.21968100
v 0.40128500 -0.91094600 0.20406000
v 0.41690600 -0.91094600 0.18453200
v 0.42276500 -0.91094600 0.04979400
v 0.40714300 -0.91094600 0.01659800
v 0.42862300 -0.91094600 0.16110000
v 0.43448100 -0.91094600 0.13571400
v 0.43252800 -0.91094600 0.08103800
v 0.43643400 -0.91094600 0.11032900
v -0.43838600 -0.90704000 0.13571400
v -0.43838600 -0.90704000 0.11032900
v -0.43057600 -0.90704000 0.16305200
v -0.43448100 -0.90704000 0.08103800
v -0.41885900 -0.90704000 0.18648500
v -0.42471700 -0.90704000 0.04784200
v -0.40323700 -0.90704000 0.20601200
v -0.37980500 -0.90313500 -0.03026700
v -0.40909600 -0.90704000 0.01464500
v -0.38371000 -0.90704000 0.22163400
v -0.36223000 -0.90704000 0.23335000
v -0.33879800 -0.90704000 0.23920900
v -0.31341200 -0.90704000 0.23920900
v -0.28997900 -0.90704000 0.23139800
v -0.26849900 -0.90704000 0.21968100
v -0.24897200 -0.90704000 0.20406000
v -0.23139800 -0.90704000 0.18843800
v -0.21382300 -0.90704000 0.16110000
v -0.19820100 -0.90704000 0.12399800
v -0.18648500 -0.90704000 0.08103800
v -0.17086300 -0.90313500 0.03417300
v 0.18648500 -0.90704000 0.08103800
v 0.17086300 -0.90313500 0.03417300
v 0.19820100 -0.90704000 0.12399800
v 0.21382300 -0.90704000 0.16110000
v 0.23139800 -0.90704000 0.18843800
v 0.24897200 -0.90704000 0.20406000
v 0.26849900 -0.90704000 0.21968100
v 0.28997900 -0.90704000 0.23139800
v 0.31341200 -0.90704000 0.23920900
v 0.33879800 -0.90704000 0.23920900
v 0.36223000 -0.90704000 0.23335000
v 0.38371000 -0.90704000 0.22163400
v 0.40323700 -0.90704000 0.20601200
v 0.42471700 -0.90704000 0.04784200
v 0.37980500 -0.90313500 -0.03026700
v 0.40909600 -0.90704000 0.01464500
v 0.41885900 -0.90704000 0.18648500
v 0.43448100 -0.90704000 0.08103800
v 0.43057600 -0.90704000 0.16305200
v 0.43838600 -0.90704000 0.11032900
v 0.43838600 -0.90704000 0.13571400
v -0.43448100 -0.90704000 0.13571400
v -0.43643400 -0.90704000 0.11032900
v -0.42862300 -0.90704000 0.16110000
v -0.43252800 -0.90704000 0.08103800
v -0.43838600 -0.88946600 0.13571400
v -0.43838600 -0.88946600 0.11032900
v -0.43057600 -0.88946600 0.16305200
v -0.42276500 -0.90704000 0.04979400
v -0.43057600 -0.88946600 0.07127400
v -0.41690600 -0.90704000 0.18453200
v -0.42081200 -0.88946600 0.18648500
v -0.40714300 -0.90704000 0.01659800
v -0.42471700 -0.88946600 0.05565300
v -0.40128500 -0.90704000 0.20406000
v -0.40519000 -0.88946600 0.20796500
v -0.38371000 -0.89922900 -0.03026700
v -0.37980500 -0.89727600 -0.03026700
v -0.40909600 -0.88946600 0.01464500
v -0.38175700 -0.90704000 0.21968100
v -0.38566300 -0.88946600 0.22358700
v -0.36027700 -0.90704000 0.23139800
v -0.36223000 -0.88946600 0.23530300
v -0.33684500 -0.90704000 0.23725600
v -0.33879800 -0.88946600 0.24116100
v -0.31341200 -0.90704000 0.23530300
v -0.31341200 -0.88946600 0.24116100
v -0.28997900 -0.90704000 0.22944500
v -0.28997900 -0.88946600 0.23335000
v -0.27045200 -0.90704000 0.21772900
v -0.26849900 -0.88946600 0.21968100
v -0.25092500 -0.90704000 0.20210700
v -0.24897200 -0.88946600 0.20406000
v -0.23335000 -0.90704000 0.18648500
v -0.21577600 -0.90704000 0.15914700
v -0.21382300 -0.88946600 0.15328900
v -0.20210700 -0.90704000 0.12399800
v -0.20796500 -0.88946600 0.13571400
v -0.19039100 -0.90704000 0.08103800
v -0.18648500 -0.88946600 0.08103800
v -0.17086300 -0.89727600 0.03417300
v -0.16695800 -0.88946600 0.03417300
v -0.17086300 -0.89922900 0.03612500
v 0.19039100 -0.90704000 0.08103800
v 0.17086300 -0.89727600 0.03417300
v 0.17086300 -0.89922900 0.03612500
v 0.20210700 -0.90704000 0.12399800
v 0.18648500 -0.88946600 0.08103800
v 0.16695800 -0.88946600 0.03417300
v 0.21577600 -0.90704000 0.15914700
v 0.20796500 -0.88946600 0.13571400
v 0.23335000 -0.90704000 0.18648500
v 0.21382300 -0.88946600 0.15328900
v 0.25092500 -0.90704000 0.20210700
v 0.24897200 -0.88946600 0.20406000
v 0.27045200 -0.90704000 0.21772900
v 0.28997900 -0.90704000 0.22944500
v 0.26849900 -0.88946600 0.21968100
v 0.31341200 -0.90704000 0.23530300
v 0.28997900 -0.88946600 0.23335000
v 0.33684500 -0.90704000 0.23725600
v 0.31341200 -0.88946600 0.24116100
v 0.36027700 -0.90704000 0.23139800
v 0.33879800 -0.88946600 0.24116100
v 0.38175700 -0.90704000 0.21968100
v 0.36223000 -0.88946600 0.23530300
v 0.40128500 -0.90704000 0.20406000
v 0.38566300 -0.88946600 0.22358700
v 0.41690600 -0.90704000 0.18453200
v 0.40519000 -0.88946600 0.20796500
v 0.40714300 -0.90704000 0.01659800
v 0.42276500 -0.90704000 0.04979400
v 0.38371000 -0.89922900 -0.03026700
v 0.42471700 -0.88946600 0.05565300
v 0.37980500 -0.89727600 -0.03026700
v 0.40909600 -0.88946600 0.01464500
v 0.42862300 -0.90704000 0.16110000
v 0.42081200 -0.88946600 0.18648500
v 0.43252800 -0.90704000 0.08103800
v 0.43057600 -0.88946600 0.07127400
v 0.43448100 -0.90704000 0.13571400
v 0.43057600 -0.88946600 0.16305200
v 0.43643400 -0.90704000 0.11032900
v 0.43838600 -0.88946600 0.11032900
v 0.43838600 -0.88946600 0.13571400
v -0.36613600 -0.89532400 -0.07322700
v 0.36613600 -0.89532400 -0.07322700
v -0.36808800 -0.89141800 -0.07127400
v -0.35637200 -0.89532400 -0.11228200
v -0.34465600 -0.89532400 -0.14352500
v -0.32903400 -0.89532400 -0.17281600
v -0.30950700 -0.89532400 -0.19820100
v -0.28802700 -0.89532400 -0.21968100
v -0.26459400 -0.89532400 -0.23335000
v -0.23920900 -0.89532400 -0.24116100
v -0.21187000 -0.89532400 -0.24311400
v -0.18258000 -0.89532400 -0.23530300
v -0.14938300 -0.89532400 0.00683500
v -0.15328900 -0.89532400 -0.22163400
v -0.12985600 -0.89532400 -0.01659800
v -0.11618700 -0.89532400 -0.04003100
v -0.12985600 -0.89532400 -0.20406000
v -0.10642300 -0.89532400 -0.06541600
v -0.11228200 -0.89532400 -0.18258000
v -0.09861300 -0.89532400 -0.09080200
v -0.10251800 -0.89532400 -0.15914700
v -0.09666000 -0.89532400 -0.11423400
v -0.09666000 -0.89532400 -0.13571400
v 0.09666000 -0.89532400 -0.13571400
v 0.10251800 -0.89532400 -0.15914700
v 0.09666000 -0.89532400 -0.11423400
v 0.09861300 -0.89532400 -0.09080200
v 0.11228200 -0.89532400 -0.18258000
v 0.10642300 -0.89532400 -0.06541600
v 0.12985600 -0.89532400 -0.20406000
v 0.11618700 -0.89532400 -0.04003100
v 0.15328900 -0.89532400 -0.22163400
v 0.12985600 -0.89532400 -0.01659800
v 0.14938300 -0.89532400 0.00683500
v 0.18258000 -0.89532400 -0.23530300
v 0.21187100 -0.89532400 -0.24311400
v 0.23920900 -0.89532400 -0.24116100
v 0.26459400 -0.89532400 -0.23335000
v 0.28802700 -0.89532400 -0.21968100
v 0.30950700 -0.89532400 -0.19820100
v 0.32903400 -0.89532400 -0.17281600
v 0.34465600 -0.89532400 -0.14352500
v 0.35637200 -0.89532400 -0.11228200
v 0.36808800 -0.89141800 -0.07127400
v -0.36613600 -0.88946600 -0.07127400
v -0.38175700 -0.88946600 -0.03026700
v -0.15133600 -0.89337100 0.00683500
v 0.15133600 -0.89337100 0.00683500
v 0.36613600 -0.88946600 -0.07127400
v 0.38175700 -0.88946600 -0.03026700
v -0.35441900 -0.89141800 -0.11228200
v -0.34465600 -0.89141800 -0.14352500
v -0.32903400 -0.89141800 -0.17281600
v -0.30950700 -0.89141800 -0.19820100
v -0.28802700 -0.89141800 -0.21968100
v -0.26459400 -0.89141800 -0.23335000
v -0.23920900 -0.89141800 -0.24116100
v -0.21187000 -0.89141800 -0.24311400
v -0.18258000 -0.89141800 -0.23530300
v -0.15328900 -0.89141800 -0.22163400
v -0.13180900 -0.89141800 -0.01855100
v -0.12985600 -0.89141800 -0.20406000
v -0.11814000 -0.89141800 -0.04198400
v -0.10837600 -0.89141800 -0.06736900
v -0.11228200 -0.89141800 -0.18258000
v -0.10056500 -0.89141800 -0.09275400
v -0.10251800 -0.89141800 -0.15914700
v -0.09666000 -0.89141800 -0.11423400
v -0.09666000 -0.89141800 -0.13571400
v 0.09666000 -0.89141800 -0.13571400
v 0.10251800 -0.89141800 -0.15914700
v 0.09666000 -0.89141800 -0.11423400
v 0.10056500 -0.89141800 -0.09275400
v 0.11228200 -0.89141800 -0.18258000
v 0.10837600 -0.89141800 -0.06736900
v 0.12985600 -0.89141800 -0.20406000
v 0.11814000 -0.89141800 -0.04198400
v 0.15328900 -0.89141800 -0.22163400
v 0.13180900 -0.89141800 -0.01855100
v 0.18258000 -0.89141800 -0.23530300
v 0.21187100 -0.89141800 -0.24311400
v 0.23920900 -0.89141800 -0.24116100
v 0.26459400 -0.89141800 -0.23335000
v 0.28802700 -0.89141800 -0.21968100
v 0.30950700 -0.89141800 -0.19820100
v 0.32903400 -0.89141800 -0.17281600
v 0.34465600 -0.89141800 -0.14352500
v 0.35441900 -0.89141800 -0.11228200
v -0.14938300 -0.88946600 0.00683500
v 0.14938300 -0.88946600 0.00683500
v -0.35637200 -0.88946600 -0.11228200
v -0.34465600 -0.88946600 -0.14352500
v -0.32903400 -0.88946600 -0.17281600
v -0.31145900 -0.88946600 -0.20015400
v -0.28997900 -0.88946600 -0.21968100
v -0.26459400 -0.88946600 -0.23530300
v -0.23920900 -0.88946600 -0.24311400
v -0.21187000 -0.88946600 -0.24506700
v -0.18062700 -0.88946600 -0.23725600
v -0.15328900 -0.88946600 -0.22358700
v -0.11618700 -0.88946600 -0.04198400
v -0.13180900 -0.88946600 -0.01659800
v -0.12790300 -0.88946600 -0.20406000
v -0.10642300 -0.88946600 -0.06736900
v -0.11228200 -0.88946600 -0.18258000
v -0.09861300 -0.88946600 -0.09080200
v -0.10056500 -0.88946600 -0.15914700
v -0.09470700 -0.88946600 -0.11423400
v -0.09470700 -0.88946600 -0.13571400
v 0.09470700 -0.88946600 -0.13571400
v 0.10056500 -0.88946600 -0.15914700
v 0.09470700 -0.88946600 -0.11423400
v 0.09861300 -0.88946600 -0.09080200
v 0.11228200 -0.88946600 -0.18258000
v 0.10642300 -0.88946600 -0.06736900
v 0.12790300 -0.88946600 -0.20406000
v 0.11618700 -0.88946600 -0.04198400
v 0.15328900 -0.88946600 -0.22358700
v 0.13180900 -0.88946600 -0.01659800
v 0.18062700 -0.88946600 -0.23725600
v 0.21187100 -0.88946600 -0.24506700
v 0.23920900 -0.88946600 -0.24311400
v 0.26459400 -0.88946600 -0.23530300
v 0.28997900 -0.88946600 -0.21968100
v 0.31145900 -0.88946600 -0.20015400
v 0.32903400 -0.88946600 -0.17281600
v 0.34465600 -0.88946600 -0.14352500
v 0.35637200 -0.88946600 -0.11228200
v -0.43057600 -0.86993800 0.13376200
v -0.42471700 -0.86212700 0.11423400
v -0.42667000 -0.87189100 0.16110000
v -0.41885900 -0.86017500 0.07908500
v -0.42081200 -0.86212700 0.08884900
v -0.42081200 -0.86017500 0.08689600
v -0.41885900 -0.87384400 0.18453200
v -0.41495400 -0.86408000 0.06736900
v -0.41690600 -0.86017500 0.07322700
v -0.40519000 -0.87384400 0.20406000
v -0.40128500 -0.86408000 0.02636200
v -0.38566300 -0.87384400 0.22163400
v -0.36418300 -0.87384400 0.23335000
v -0.37980500 -0.86212700 -0.01269300
v -0.37004100 -0.85431700 -0.04588900
v -0.34075000 -0.87384400 0.23920900
v -0.35637200 -0.85822200 -0.11228200
v -0.34465600 -0.85822200 -0.14352500
v -0.31536500 -0.87384400 0.23725600
v -0.32903400 -0.86017500 -0.17281600
v -0.29193200 -0.87384400 0.23139800
v -0.31145900 -0.86017500 -0.20015400
v -0.28997900 -0.86212700 -0.21968100
v -0.27045200 -0.87384400 0.21772900
v -0.25483000 -0.87189100 0.20210700
v -0.26459400 -0.86212700 -0.23530300
v -0.23725600 -0.87189100 0.17086300
v -0.23920900 -0.86212700 -0.24311400
v -0.22749200 -0.86212700 0.14352500
v -0.23335000 -0.86408000 0.15328900
v -0.23139800 -0.86212700 0.15133600
v -0.21187000 -0.86212700 -0.24506700
v -0.20015400 -0.86408000 0.07713300
v -0.21968100 -0.86603300 0.12985600
v -0.22163400 -0.86212700 0.13376200
v -0.22554000 -0.86017500 0.13962000
v -0.17672100 -0.86408000 0.04003100
v -0.18062700 -0.86212700 -0.23725600
v -0.16305200 -0.86408000 0.01855100
v -0.15328900 -0.86212700 -0.22358700
v -0.13180900 -0.85431700 -0.01659800
v -0.11618700 -0.85822200 -0.04198400
v -0.12790300 -0.86212700 -0.20406000
v -0.10642300 -0.86017500 -0.06736900
v -0.11228200 -0.86212700 -0.18258000
v -0.09861300 -0.86212700 -0.09080200
v -0.10056500 -0.86017500 -0.15914700
v -0.09470700 -0.86017500 -0.11423400
v -0.09470700 -0.85822200 -0.13571400
v 0.09470700 -0.85822200 -0.13571400
v 0.10056500 -0.86017500 -0.15914700
v 0.09470700 -0.86017500 -0.11423400
v 0.09861300 -0.86212700 -0.09080200
v 0.11228200 -0.86212700 -0.18258000
v 0.10642300 -0.86017500 -0.06736900
v 0.12790300 -0.86212700 -0.20406000
v 0.11618700 -0.85822200 -0.04198400
v 0.15328900 -0.86212700 -0.22358700
v 0.13180900 -0.85431700 -0.01659800
v 0.16305200 -0.86408000 0.01855100
v 0.18062700 -0.86212700 -0.23725600
v 0.17672100 -0.86408000 0.04003100
v 0.21187100 -0.86212700 -0.24506700
v 0.20015400 -0.86408000 0.07713300
v 0.22749200 -0.86212700 0.14352500
v 0.21968100 -0.86603300 0.12985600
v 0.22163400 -0.86212700 0.13376200
v 0.22554000 -0.86017500 0.13962000
v 0.23920900 -0.86212700 -0.24311400
v 0.23725600 -0.87189100 0.17086300
v 0.23335000 -0.86408000 0.15328900
v 0.23139800 -0.86212700 0.15133600
v 0.26459400 -0.86212700 -0.23530300
v 0.25483000 -0.87189100 0.20210700
v 0.28997900 -0.86212700 -0.21968100
v 0.27045200 -0.87384400 0.21772900
v 0.31145900 -0.86017500 -0.20015400
v 0.29193200 -0.87384400 0.23139800
v 0.32903400 -0.86017500 -0.17281600
v 0.31536500 -0.87384400 0.23725600
v 0.34465600 -0.85822200 -0.14352500
v 0.34075000 -0.87384400 0.23920900
v 0.35637200 -0.85822200 -0.11228200
v 0.37004100 -0.85431700 -0.04588900
v 0.36418300 -0.87384400 0.23335000
v 0.37980500 -0.86212700 -0.01269300
v 0.40128500 -0.86408000 0.02636200
v 0.38566300 -0.87384400 0.22163400
v 0.40519000 -0.87384400 0.20406000
v 0.41495400 -0.86408000 0.06736900
v 0.41885900 -0.87384400 0.18453200
v 0.41885900 -0.86017500 0.07908500
v 0.41690600 -0.86017500 0.07322700
v 0.42471700 -0.86212700 0.11423400
v 0.42081200 -0.86212700 0.08884900
v 0.42081200 -0.86017500 0.08689600
v 0.42667000 -0.87189100 0.16110000
v 0.43057600 -0.86993800 0.13376200
v -0.40323700 -0.86017500 0.19624900
v -0.41104800 -0.85822200 0.18258000
v -0.38566300 -0.85822200 0.21187100
v -0.36613600 -0.85822200 0.22358700
v -0.34270300 -0.85822200 0.22944500
v -0.31731800 -0.85822200 0.22944500
v -0.29583800 -0.85822200 0.22358700
v -0.27435800 -0.86017500 0.21187100
v -0.26459400 -0.85822200 0.20015400
v 0.27435800 -0.86017500 0.21187100
v 0.26459400 -0.85822200 0.20015400
v 0.29583800 -0.85822200 0.22358700
v 0.31731800 -0.85822200 0.22944500
v 0.34270300 -0.85822200 0.22944500
v 0.36613600 -0.85822200 0.22358700
v 0.38566300 -0.85822200 0.21187100
v 0.40323700 -0.86017500 0.19624900
v 0.41104800 -0.85822200 0.18258000
v -0.41885900 -0.85626900 0.15914700
v 0.41885900 -0.85626900 0.15914700
v -0.21187000 -0.84845800 0.07908500
v -0.23725600 -0.84455300 0.12790300
v 0.21187100 -0.84845800 0.07908500
v 0.23725600 -0.84455300 0.12790300
v -0.40323700 -0.84650600 0.07908500
v -0.38761600 -0.84650600 0.04393600
v -0.25092500 -0.85041100 0.15328900
v -0.19039100 -0.84845800 0.04784200
v -0.17672100 -0.85236400 0.03417300
v 0.17672100 -0.85236400 0.03417300
v 0.19039100 -0.84845800 0.04784200
v 0.25092500 -0.85041100 0.15328900
v 0.40323700 -0.84650600 0.07908500
v 0.38761600 -0.84650600 0.04393600
v -0.40714300 -0.84455300 0.12985600
v -0.40519000 -0.84455300 0.10251800
v -0.38175700 -0.86212700 -0.03026700
v -0.39152100 -0.86017500 -0.03222000
v -0.36223000 -0.86017500 -0.11032900
v -0.39347400 -0.85626900 0.00488200
v -0.38371000 -0.85822200 0.00292900
v -0.37589900 -0.84455300 0.02050400
v -0.29388500 -0.86017500 -0.22358700
v -0.31536500 -0.86017500 -0.20406000
v -0.26654700 -0.86017500 -0.23920900
v -0.23920900 -0.86017500 -0.24702000
v -0.24897200 -0.84455300 0.14547800
v -0.25092500 -0.84455300 0.14938300
v -0.24702000 -0.84260000 0.14157200
v -0.24116100 -0.84260000 0.13180900
v -0.20991800 -0.86017500 -0.24897200
v -0.18062700 -0.86017500 -0.24116100
v -0.15133600 -0.86017500 -0.22749200
v -0.12595100 -0.86017500 -0.20796500
v -0.10837600 -0.85822200 -0.18453200
v -0.09275400 -0.86017500 -0.08884900
v -0.08884900 -0.85822200 -0.11228200
v 0.09275400 -0.86017500 -0.08884900
v 0.08884900 -0.85822200 -0.11228200
v 0.12595100 -0.86017500 -0.20796500
v 0.10837600 -0.85822200 -0.18453200
v 0.15133600 -0.86017500 -0.22749200
v 0.18062700 -0.86017500 -0.24116100
v 0.20991800 -0.86017500 -0.24897200
v 0.23920900 -0.86017500 -0.24702000
v 0.24116100 -0.84260000 0.13180900
v 0.24897200 -0.84455300 0.14547800
v 0.24702000 -0.84260000 0.14157200
v 0.25092500 -0.84455300 0.14938300
v 0.26654700 -0.86017500 -0.23920900
v 0.29388500 -0.86017500 -0.22358700
v 0.31536500 -0.86017500 -0.20406000
v 0.37589900 -0.84455300 0.02050400
v 0.38175700 -0.86212700 -0.03026700
v 0.36223000 -0.86017500 -0.11032900
v 0.39152100 -0.86017500 -0.03222000
v 0.39347400 -0.85626900 0.00488200
v 0.38371000 -0.85822200 0.00292900
v 0.40714300 -0.84455300 0.12985600
v 0.40519000 -0.84455300 0.10251800
v -0.40323700 -0.84064700 0.09861300
v -0.40128500 -0.84064700 0.09470700
v -0.39933200 -0.84064700 0.08884900
v -0.40128500 -0.85041100 0.18453200
v -0.38371000 -0.84650600 0.19820100
v -0.36808800 -0.85822200 -0.11228200
v -0.39933200 -0.85236400 -0.03417300
v -0.39933200 -0.84845800 0.00488200
v -0.35051400 -0.86017500 -0.14352500
v -0.33098700 -0.86017500 -0.17672100
v -0.35441900 -0.85822200 -0.14547800
v -0.33879800 -0.85626900 -0.18062700
v -0.32122300 -0.85431700 -0.20991800
v -0.29779000 -0.85236400 -0.23139800
v -0.27435800 -0.85041100 0.20015400
v -0.27045200 -0.85236400 -0.24702000
v -0.23920900 -0.85236400 -0.25483000
v -0.20991800 -0.85236400 -0.25483000
v -0.17867400 -0.85236400 -0.24702000
v -0.14743100 -0.85236400 -0.23139800
v -0.12204500 -0.85236400 -0.21187000
v -0.10056500 -0.86017500 -0.06541600
v -0.09666000 -0.85626900 -0.16110000
v -0.07908500 -0.85431700 -0.05565300
v -0.11032900 -0.85822200 -0.04003100
v -0.09080200 -0.85431700 -0.13571400
v 0.10056500 -0.86017500 -0.06541600
v 0.07908500 -0.85431700 -0.05565300
v 0.09080200 -0.85431700 -0.13571400
v 0.09666000 -0.85626900 -0.16110000
v 0.11032900 -0.85822200 -0.04003100
v 0.14743100 -0.85236400 -0.23139800
v 0.12204500 -0.85236400 -0.21187000
v 0.17867400 -0.85236400 -0.24702000
v 0.20991800 -0.85236400 -0.25483000
v 0.23920900 -0.85236400 -0.25483000
v 0.27045200 -0.85236400 -0.24702000
v 0.29779000 -0.85236400 -0.23139800
v 0.27435800 -0.85041100 0.20015400
v 0.32122300 -0.85431700 -0.20991800
v 0.33098700 -0.86017500 -0.17672100
v 0.33879800 -0.85626900 -0.18062700
v 0.35051400 -0.86017500 -0.14352500
v 0.35441900 -0.85822200 -0.14547800
v 0.36808800 -0.85822200 -0.11228200
v 0.39933200 -0.85236400 -0.03417300
v 0.39933200 -0.84845800 0.00488200
v 0.38371000 -0.84650600 0.19820100
v 0.40128500 -0.85041100 0.18453200
v 0.40128500 -0.84064700 0.09470700
v 0.39933200 -0.84064700 0.08884900
v 0.40323700 -0.84064700 0.09861300
v -0.36418300 -0.84650600 0.20991800
v -0.38761600 -0.84455300 0.03222000
v -0.37199400 -0.83869500 0.00488200
v -0.37589900 -0.85236400 -0.11423400
v -0.34075000 -0.84650600 0.21577600
v -0.36418300 -0.85236400 -0.14938300
v -0.31731800 -0.84650600 0.21577600
v -0.29583800 -0.84845800 0.20991800
v -0.12595100 -0.85626900 -0.01269300
v -0.08884900 -0.85041100 -0.02245600
v -0.10447100 -0.85041100 -0.18843800
v -0.07518000 -0.85236400 -0.07322700
v 0.07518000 -0.85236400 -0.07322700
v 0.10447100 -0.85041100 -0.18843800
v 0.12595100 -0.85626900 -0.01269300
v 0.08884900 -0.85041100 -0.02245600
v 0.29583800 -0.84845800 0.20991800
v 0.31731800 -0.84650600 0.21577600
v 0.34075000 -0.84650600 0.21577600
v 0.37589900 -0.85236400 -0.11423400
v 0.36418300 -0.85236400 -0.14938300
v 0.36418300 -0.84650600 0.20991800
v 0.38761600 -0.84455300 0.03222000
v 0.37199400 -0.83869500 0.00488200
v -0.40323700 -0.84650600 0.16305200
v -0.39347400 -0.83674200 0.03222000
v -0.34660800 -0.85041100 -0.18453200
v -0.17476900 -0.85236400 0.04003100
v -0.16891100 -0.85236400 0.04588900
v -0.10447100 -0.84650600 0.00878700
v -0.09275400 -0.84845800 -0.16305200
v 0.09275400 -0.84845800 -0.16305200
v 0.17476900 -0.85236400 0.04003100
v 0.16891100 -0.85236400 0.04588900
v 0.10447100 -0.84650600 0.00878700
v 0.34660800 -0.85041100 -0.18453200
v 0.39347400 -0.83674200 0.03222000
v 0.40323700 -0.84650600 0.16305200
v -0.32903400 -0.84650600 -0.21382300
v -0.07322700 -0.84455300 -0.08884900
v -0.08494300 -0.84455300 -0.13766700
v -0.07713300 -0.84650600 -0.05370000
v 0.07713300 -0.84650600 -0.05370000
v 0.07322700 -0.84455300 -0.08884900
v 0.08494300 -0.84455300 -0.13766700
v 0.32903400 -0.84650600 -0.21382300
v -0.38566300 -0.83674200 -0.11618700
v -0.40128500 -0.82893100 -0.05370000
v -0.37785200 -0.83674200 -0.14938300
v -0.36808800 -0.83283700 -0.18453200
v -0.30560100 -0.84260000 -0.23530300
v -0.27240500 -0.83674200 -0.25092500
v -0.24116100 -0.83674200 -0.25678300
v -0.20991800 -0.83674200 -0.25678300
v -0.17867400 -0.83674200 -0.24897200
v -0.18843800 -0.84845800 0.05565300
v -0.18453200 -0.84845800 0.06151100
v -0.14547800 -0.84260000 0.06346400
v -0.14743100 -0.83674200 -0.23335000
v -0.12204500 -0.83674200 -0.21382300
v 0.14743100 -0.83674200 -0.23335000
v 0.12204500 -0.83674200 -0.21382300
v 0.17867400 -0.83674200 -0.24897200
v 0.18843800 -0.84845800 0.05565300
v 0.18453200 -0.84845800 0.06151100
v 0.14547800 -0.84260000 0.06346400
v 0.20991800 -0.83674200 -0.25678300
v 0.24116100 -0.83674200 -0.25678300
v 0.27240500 -0.83674200 -0.25092500
v 0.30560100 -0.84260000 -0.23530300
v 0.37785200 -0.83674200 -0.14938300
v 0.36808800 -0.83283700 -0.18453200
v 0.38566300 -0.83674200 -0.11618700
v 0.40128500 -0.82893100 -0.05370000
v -0.38371000 -0.84064700 0.18062700
v -0.35246700 -0.83088400 -0.20601200
v -0.26849900 -0.84064700 0.15133600
v -0.29193200 -0.84260000 0.19429600
v -0.10251800 -0.83674200 -0.19039100
v -0.08689600 -0.84455300 -0.02050400
v 0.08689600 -0.84455300 -0.02050400
v 0.10251800 -0.83674200 -0.19039100
v 0.26849900 -0.84064700 0.15133600
v 0.29193200 -0.84260000 0.19429600
v 0.35246700 -0.83088400 -0.20601200
v 0.38371000 -0.84064700 0.18062700
v -0.39933200 -0.82307300 -0.02440900
v -0.19624900 -0.84064700 0.05565300
v -0.22749200 -0.83869500 0.08689600
v -0.20210700 -0.84064700 0.06736900
v -0.16695800 -0.84064700 0.07908500
v -0.20406000 -0.84064700 0.07908500
v -0.08884900 -0.83478900 -0.16305200
v 0.08884900 -0.83478900 -0.16305200
v 0.20210700 -0.84064700 0.06736900
v 0.16695800 -0.84064700 0.07908500
v 0.20406000 -0.84064700 0.07908500
v 0.19624900 -0.84064700 0.05565300
v 0.22749200 -0.83869500 0.08689600
v 0.39933200 -0.82307300 -0.02440900
v -0.39347400 -0.83869500 0.08689600
v -0.38371000 -0.83478900 0.14157200
v -0.37980500 -0.83869500 0.05370000
v -0.36223000 -0.83869500 0.19234300
v -0.33879800 -0.83869500 0.20015400
v -0.31536500 -0.84064700 0.20015400
v -0.10251800 -0.84260000 0.01074000
v -0.07713300 -0.83478900 -0.05955800
v 0.07713300 -0.83478900 -0.05955800
v 0.10251800 -0.84260000 0.01074000
v 0.31536500 -0.84064700 0.20015400
v 0.33879800 -0.83869500 0.20015400
v 0.36223000 -0.83869500 0.19234300
v 0.39347400 -0.83869500 0.08689600
v 0.37980500 -0.83869500 0.05370000
v 0.38371000 -0.83478900 0.14157200
v -0.38566300 -0.83674200 0.11618700
v -0.38175700 -0.83088400 0.05565300
v -0.26849900 -0.83478900 0.14352500
v -0.27045200 -0.83674200 0.14938300
v -0.26654700 -0.83283700 0.13962000
v -0.25092500 -0.83674200 0.12790300
v -0.08689600 -0.83088400 -0.02440900
v -0.07322700 -0.83478900 -0.09275400
v -0.07908500 -0.83283700 -0.13571400
v 0.07322700 -0.83478900 -0.09275400
v 0.07908500 -0.83283700 -0.13571400
v 0.08689600 -0.83088400 -0.02440900
v 0.25092500 -0.83674200 0.12790300
v 0.26849900 -0.83478900 0.14352500
v 0.26654700 -0.83283700 0.13962000
v 0.27045200 -0.83674200 0.14938300
v 0.38175700 -0.83088400 0.05565300
v 0.38566300 -0.83674200 0.11618700
v -0.31341200 -0.82112000 -0.23530300
v -0.29193200 -0.83478900 0.15133600
v -0.25873600 -0.83283700 0.12985600
v -0.12009200 -0.84064700 0.04003100
v -0.14352500 -0.83674200 0.06541600
v -0.10251800 -0.82697800 0.00683500
v 0.12009200 -0.84064700 0.04003100
v 0.10251800 -0.82697800 0.00683500
v 0.14352500 -0.83674200 0.06541600
v 0.25873600 -0.83283700 0.12985600
v 0.29193200 -0.83478900 0.15133600
v 0.31341200 -0.82112000 -0.23530300
v -0.38371000 -0.83088400 0.11032900
v -0.38175700 -0.83088400 0.10642300
v -0.37785200 -0.83088400 0.10056500
v -0.36027700 -0.83088400 0.14938300
v -0.31731800 -0.83088400 0.15133600
v -0.19820100 -0.83478900 0.09470700
v -0.16305200 -0.83283700 0.08103800
v -0.12009200 -0.82307300 0.03612500
v 0.12009200 -0.82307300 0.03612500
v 0.19820100 -0.83478900 0.09470700
v 0.16305200 -0.83283700 0.08103800
v 0.31731800 -0.83088400 0.15133600
v 0.36027700 -0.83088400 0.14938300
v 0.38175700 -0.83088400 0.10642300
v 0.37785200 -0.83088400 0.10056500
v 0.38371000 -0.83088400 0.11032900
v -0.38566300 -0.83478900 0.09275400
v -0.37004100 -0.83283700 0.06346400
v -0.37199400 -0.82502600 0.06736900
v -0.33879800 -0.83088400 0.15328900
v -0.24116100 -0.83283700 0.09080200
v -0.22554000 -0.82307300 0.10447100
v 0.24116100 -0.83283700 0.09080200
v 0.22554000 -0.82307300 0.10447100
v 0.33879800 -0.83088400 0.15328900
v 0.38566300 -0.83478900 0.09275400
v 0.37004100 -0.83283700 0.06346400
v 0.37199400 -0.82502600 0.06736900
v -0.39152100 -0.81526200 0.00488200
v -0.38761600 -0.82502600 -0.11618700
v -0.39347400 -0.82112000 -0.07127400
v -0.36223000 -0.83283700 0.12595100
v -0.38566300 -0.82112000 -0.14547800
v -0.27631000 -0.81135700 -0.25287800
v -0.28997900 -0.83088400 0.14743100
v -0.28997900 -0.82893100 0.14352500
v -0.26068900 -0.83283700 0.12595100
v -0.24311400 -0.81135700 -0.25873600
v -0.20991800 -0.81135700 -0.25873600
v -0.17672100 -0.81135700 -0.25092500
v -0.14547800 -0.81135700 -0.23530300
v -0.14547800 -0.81721500 0.06151100
v -0.12009200 -0.81135700 -0.21577600
v -0.10056500 -0.81135700 -0.19234300
v 0.12009200 -0.81135700 -0.21577600
v 0.10056500 -0.81135700 -0.19234300
v 0.14547800 -0.81135700 -0.23530300
v 0.14547800 -0.81721500 0.06151100
v 0.17672100 -0.81135700 -0.25092500
v 0.20991800 -0.81135700 -0.25873600
v 0.24311400 -0.81135700 -0.25873600
v 0.27631000 -0.81135700 -0.25287800
v 0.26068900 -0.83283700 0.12595100
v 0.28997900 -0.82893100 0.14352500
v 0.28997900 -0.83088400 0.14743100
v 0.38761600 -0.82502600 -0.11618700
v 0.38566300 -0.82112000 -0.14547800
v 0.39347400 -0.82112000 -0.07127400
v 0.36223000 -0.83283700 0.12595100
v 0.39152100 -0.81526200 0.00488200
v -0.31731800 -0.83283700 0.14547800
v -0.28802700 -0.82697800 0.13766700
v -0.19624900 -0.82697800 0.09666000
v -0.08494300 -0.81135700 -0.16500500
v -0.06736900 -0.81916800 -0.06151100
v -0.06736900 -0.82697800 -0.09470700
v 0.06736900 -0.81916800 -0.06151100
v 0.06736900 -0.82697800 -0.09470700
v 0.08494300 -0.81135700 -0.16500500
v 0.19624900 -0.82697800 0.09666000
v 0.28802700 -0.82697800 0.13766700
v 0.31731800 -0.83283700 0.14547800
v -0.36418300 -0.82893100 0.10447100
v -0.35832500 -0.82893100 0.06932200
v -0.35832500 -0.82112000 0.07713300
v -0.38566300 -0.81526200 -0.17281600
v -0.33879800 -0.83283700 0.13376200
v -0.36223000 -0.82697800 0.12009200
v -0.33879800 -0.82697800 0.12985600
v -0.31536500 -0.82697800 0.13962000
v -0.28216900 -0.82697800 0.12790300
v -0.27240500 -0.82893100 0.12399800
v -0.25873600 -0.82893100 0.09275400
v -0.24116100 -0.81916800 0.10837600
v -0.18843800 -0.80745100 0.08884900
v -0.07518000 -0.81135700 -0.12985600
v 0.07518000 -0.81135700 -0.12985600
v 0.18843800 -0.80745100 0.08884900
v 0.25873600 -0.82893100 0.09275400
v 0.24116100 -0.81916800 0.10837600
v 0.27240500 -0.82893100 0.12399800
v 0.28216900 -0.82697800 0.12790300
v 0.33879800 -0.83283700 0.13376200
v 0.33879800 -0.82697800 0.12985600
v 0.31536500 -0.82697800 0.13962000
v 0.36223000 -0.82697800 0.12009200
v 0.38566300 -0.81526200 -0.17281600
v 0.36418300 -0.82893100 0.10447100
v 0.35832500 -0.82893100 0.06932200
v 0.35832500 -0.82112000 0.07713300
v -0.37394700 -0.80354600 0.03612500
v -0.36027700 -0.82697800 0.11423400
v -0.35441900 -0.80354600 -0.20601200
v -0.31536500 -0.82502600 0.13571400
v -0.07908500 -0.81135700 -0.02636200
v 0.07908500 -0.81135700 -0.02636200
v 0.31536500 -0.82502600 0.13571400
v 0.35441900 -0.80354600 -0.20601200
v 0.36027700 -0.82697800 0.11423400
v 0.37394700 -0.80354600 0.03612500
v -0.38956800 -0.81135700 -0.03612500
v -0.34465600 -0.82697800 0.07518000
v -0.33879800 -0.82697800 0.12009200
v -0.34465600 -0.81916800 0.08494300
v -0.31341200 -0.82502600 0.13180900
v -0.27631000 -0.82697800 0.09080200
v -0.28607400 -0.82697800 0.12204500
v -0.26068900 -0.81526200 0.11032900
v 0.27631000 -0.82697800 0.09080200
v 0.26068900 -0.81526200 0.11032900
v 0.28607400 -0.82697800 0.12204500
v 0.31341200 -0.82502600 0.13180900
v 0.34465600 -0.82697800 0.07518000
v 0.34465600 -0.81916800 0.08494300
v 0.33879800 -0.82697800 0.12009200
v 0.38956800 -0.81135700 -0.03612500
v -0.33684500 -0.82502600 0.12399800
v -0.32512800 -0.82697800 0.08103800
v -0.32708100 -0.81721500 0.09470700
v -0.31341200 -0.82697800 0.12595100
v -0.29974300 -0.82697800 0.08689600
v -0.30364900 -0.81526200 0.10447100
v -0.31145900 -0.82502600 0.12790300
v -0.28021600 -0.81526200 0.11032900
v -0.22554000 -0.81721500 0.10642300
v -0.09666000 -0.80940400 0.00878700
v -0.06736900 -0.81135700 -0.09275400
v 0.06736900 -0.81135700 -0.09275400
v 0.09666000 -0.80940400 0.00878700
v 0.22554000 -0.81721500 0.10642300
v 0.29974300 -0.82697800 0.08689600
v 0.28021600 -0.81526200 0.11032900
v 0.31145900 -0.82502600 0.12790300
v 0.31341200 -0.82697800 0.12595100
v 0.32512800 -0.82697800 0.08103800
v 0.30364900 -0.81526200 0.10447100
v 0.33684500 -0.82502600 0.12399800
v 0.32708100 -0.81721500 0.09470700
v -0.39737900 -0.81135700 -0.07322700
v -0.39737900 -0.81135700 -0.11618700
v -0.35246700 -0.79378200 0.05955800
v 0.35246700 -0.79378200 0.05955800
v 0.39737900 -0.81135700 -0.11618700
v 0.39737900 -0.81135700 -0.07322700
v -0.37980500 -0.80159300 -0.00488200
v -0.11814000 -0.80745100 0.03807800
v 0.11814000 -0.80745100 0.03807800
v 0.37980500 -0.80159300 -0.00488200
v -0.39347400 -0.80159300 -0.03807800
v -0.40323700 -0.80549800 -0.14352500
v -0.32708100 -0.79964000 -0.22944500
v 0.32708100 -0.79964000 -0.22944500
v 0.40323700 -0.80549800 -0.14352500
v 0.39347400 -0.80159300 -0.03807800
v -0.32903400 -0.78792400 0.07518000
v -0.24116100 -0.81330900 0.10837600
v -0.06736900 -0.79573500 -0.08884900
v 0.06736900 -0.79573500 -0.08884900
v 0.24116100 -0.81330900 0.10837600
v 0.32903400 -0.78792400 0.07518000
v -0.30364900 -0.78792400 0.08884900
v -0.22944500 -0.79182900 0.09666000
v -0.14352500 -0.80354600 0.06346400
v 0.14352500 -0.80354600 0.06346400
v 0.22944500 -0.79182900 0.09666000
v 0.30364900 -0.78792400 0.08884900
v -0.36027700 -0.78987700 0.02440900
v -0.38566300 -0.78792400 -0.17086300
v -0.27826300 -0.79182900 0.09666000
v -0.26068900 -0.79573500 0.10056500
v 0.26068900 -0.79573500 0.10056500
v 0.27826300 -0.79182900 0.09666000
v 0.38566300 -0.78792400 -0.17086300
v 0.36027700 -0.78987700 0.02440900
v -0.40519000 -0.79573500 -0.07518000
v -0.41300100 -0.79573500 -0.11423400
v -0.40128500 -0.78792400 -0.04003100
v -0.38371000 -0.79182900 -0.00683500
v -0.26654700 -0.77816000 -0.25483000
v -0.29583800 -0.79378200 -0.24116100
v -0.24116100 -0.76644400 -0.26068900
v -0.20796500 -0.76644400 -0.26068900
v -0.17476900 -0.76644400 -0.25287800
v -0.14352500 -0.76644400 -0.23725600
v -0.11814000 -0.76644400 -0.21772900
v -0.09666000 -0.76644400 -0.19429600
v -0.08299100 -0.78401800 -0.16695800
v -0.08299100 -0.78792400 -0.04784200
v -0.07322700 -0.79182900 -0.12985600
v 0.07322700 -0.79182900 -0.12985600
v 0.08299100 -0.78401800 -0.16695800
v 0.08299100 -0.78792400 -0.04784200
v 0.09666000 -0.76644400 -0.19429600
v 0.11814000 -0.76644400 -0.21772900
v 0.14352500 -0.76644400 -0.23725600
v 0.17476900 -0.76644400 -0.25287800
v 0.20796500 -0.76644400 -0.26068900
v 0.24116100 -0.76644400 -0.26068900
v 0.26654700 -0.77816000 -0.25483000
v 0.29583800 -0.79378200 -0.24116100
v 0.38371000 -0.79182900 -0.00683500
v 0.40519000 -0.79573500 -0.07518000
v 0.41300100 -0.79573500 -0.11423400
v 0.40128500 -0.78792400 -0.04003100
v -0.10251800 -0.78987700 -0.00683500
v 0.10251800 -0.78987700 -0.00683500
v -0.17867400 -0.79573500 0.08689600
v -0.12595100 -0.78987700 0.02831400
v 0.12595100 -0.78987700 0.02831400
v 0.17867400 -0.79573500 0.08689600
v -0.40323700 -0.77620800 -0.13376200
v 0.40323700 -0.77620800 -0.13376200
v -0.33684500 -0.77816000 0.04784200
v -0.36808800 -0.78011300 -0.19624900
v -0.15328900 -0.78597100 0.05565300
v 0.15328900 -0.78597100 0.05565300
v 0.36808800 -0.78011300 -0.19624900
v 0.33684500 -0.77816000 0.04784200
v -0.39152100 -0.77816000 -0.00878700
v -0.36613600 -0.78011300 0.02245600
v 0.36613600 -0.78011300 0.02245600
v 0.39152100 -0.77816000 -0.00878700
v -0.33489200 -0.76839700 -0.21382300
v 0.33489200 -0.76839700 -0.21382300
v -0.41690600 -0.78401800 -0.07908500
v -0.41300100 -0.76253900 -0.09080200
v -0.41495400 -0.77230200 -0.04393600
v -0.26654700 -0.77620800 0.08689600
v -0.21187000 -0.78206600 0.10056500
v -0.17867400 -0.77230200 0.07518000
v -0.20601200 -0.76253900 0.09275400
v -0.06932200 -0.77230200 -0.13180900
v -0.07713300 -0.76839700 -0.09080200
v 0.06932200 -0.77230200 -0.13180900
v 0.07713300 -0.76839700 -0.09080200
v 0.21187100 -0.78206600 0.10056500
v 0.17867400 -0.77230200 0.07518000
v 0.20601200 -0.76253900 0.09275400
v 0.26654700 -0.77620800 0.08689600
v 0.41690600 -0.78401800 -0.07908500
v 0.41495400 -0.77230200 -0.04393600
v 0.41300100 -0.76253900 -0.09080200
v -0.30364900 -0.74496400 -0.24702000
v -0.33684500 -0.73129500 -0.22749200
v 0.30364900 -0.74496400 -0.24702000
v 0.33684500 -0.73129500 -0.22749200
v -0.37394700 -0.76644400 0.02831400
v -0.29779000 -0.77034900 0.07322700
v -0.24116100 -0.76644400 0.10837600
v 0.24116100 -0.76644400 0.10837600
v 0.29779000 -0.77034900 0.07322700
v 0.37394700 -0.76644400 0.02831400
v -0.34075000 -0.76839700 0.04979400
v -0.10251800 -0.76058600 0.01074000
v -0.12790300 -0.76449100 0.04979400
v -0.08299100 -0.77425500 -0.05174700
v -0.08299100 -0.75277500 -0.02831400
v 0.10251800 -0.76058600 0.01074000
v 0.08299100 -0.77425500 -0.05174700
v 0.08299100 -0.75277500 -0.02831400
v 0.12790300 -0.76449100 0.04979400
v 0.34075000 -0.76839700 0.04979400
v -0.40909600 -0.76058600 -0.01269300
v -0.39347400 -0.76253900 -0.15914700
v 0.39347400 -0.76253900 -0.15914700
v 0.40909600 -0.76058600 -0.01269300
v -0.14352500 -0.76058600 0.06541600
v 0.14352500 -0.76058600 0.06541600
v -0.41495400 -0.74886900 -0.05174700
v -0.08103800 -0.75472800 -0.16891100
v 0.08103800 -0.75472800 -0.16891100
v 0.41495400 -0.74886900 -0.05174700
v -0.22944500 -0.74886900 0.10642300
v 0.22944500 -0.74886900 0.10642300
v -0.36613600 -0.74496400 -0.18062700
v -0.35051400 -0.75472800 0.06541600
v 0.35051400 -0.75472800 0.06541600
v 0.36613600 -0.74496400 -0.18062700
v -0.39933200 -0.74886900 0.01269300
v -0.29974300 -0.75863300 0.07908500
v -0.26654700 -0.72153100 -0.25678300
v 0.26654700 -0.72153100 -0.25678300
v 0.29974300 -0.75863300 0.07908500
v 0.39933200 -0.74886900 0.01269300
v -0.40714300 -0.74886900 -0.12399800
v -0.27240500 -0.76253900 0.09470700
v 0.27240500 -0.76253900 0.09470700
v 0.40714300 -0.74886900 -0.12399800
v -0.07127400 -0.74105900 -0.06736900
v 0.07127400 -0.74105900 -0.06736900
v -0.41104800 -0.73715300 -0.01855100
v -0.19624900 -0.75472800 0.09080200
v -0.17086300 -0.75082200 0.08884900
v -0.07713300 -0.74691700 -0.13180900
v 0.07713300 -0.74691700 -0.13180900
v 0.19624900 -0.75472800 0.09080200
v 0.17086300 -0.75082200 0.08884900
v 0.41104800 -0.73715300 -0.01855100
v -0.32903400 -0.74691700 0.09080200
v -0.36808800 -0.70786200 -0.19820100
v -0.06736900 -0.72934200 -0.11032900
v 0.06736900 -0.72934200 -0.11032900
v 0.36808800 -0.70786200 -0.19820100
v 0.32903400 -0.74691700 0.09080200
v -0.36808800 -0.73520000 0.06151100
v -0.23920900 -0.71957900 -0.26068900
v -0.26849900 -0.75472800 0.11228200
v -0.25287800 -0.73715300 0.11032900
v -0.20796500 -0.71957900 -0.26068900
v -0.17476900 -0.71957900 -0.25287800
v -0.14352500 -0.71957900 -0.23920900
v -0.11618700 -0.71957900 -0.21968100
v -0.09666000 -0.71957900 -0.19624900
v 0.11618700 -0.71957900 -0.21968100
v 0.09666000 -0.71957900 -0.19624900
v 0.14352500 -0.71957900 -0.23920900
v 0.17476900 -0.71957900 -0.25287800
v 0.20796500 -0.71957900 -0.26068900
v 0.23920900 -0.71957900 -0.26068900
v 0.26849900 -0.75472800 0.11228200
v 0.25287800 -0.73715300 0.11032900
v 0.36808800 -0.73520000 0.06151100
v -0.10056500 -0.73715300 0.03612500
v -0.09861300 -0.73910600 0.02245600
v 0.09861300 -0.73910600 0.02245600
v 0.10056500 -0.73715300 0.03612500
v -0.41495400 -0.73715300 -0.08494300
v -0.38371000 -0.73129500 -0.14547800
v -0.29193200 -0.74886900 0.10837600
v 0.29193200 -0.74886900 0.10837600
v 0.38371000 -0.73129500 -0.14547800
v 0.41495400 -0.73715300 -0.08494300
v -0.40519000 -0.72934200 0.00683500
v -0.12009200 -0.72153100 0.05174700
v 0.12009200 -0.72153100 0.05174700
v 0.40519000 -0.72934200 0.00683500
v -0.27435800 -0.72934200 0.11032900
v -0.17672100 -0.73910600 0.09666000
v -0.23725600 -0.73715300 0.10642300
v -0.20406000 -0.73129500 0.10642300
v -0.08494300 -0.72934200 -0.16891100
v 0.08494300 -0.72934200 -0.16891100
v 0.17672100 -0.73910600 0.09666000
v 0.23725600 -0.73715300 0.10642300
v 0.20406000 -0.73129500 0.10642300
v 0.27435800 -0.72934200 0.11032900
v -0.08299100 -0.72739000 -0.01659800
v 0.08299100 -0.72739000 -0.01659800
v -0.14157200 -0.72153100 0.08884900
v 0.14157200 -0.72153100 0.08884900
v -0.41495400 -0.72543700 -0.04979400
v -0.39737900 -0.72348400 -0.10447100
v -0.32512800 -0.73715300 0.09666000
v -0.29974300 -0.72153100 0.10447100
v 0.32512800 -0.73715300 0.09666000
v 0.29974300 -0.72153100 0.10447100
v 0.39737900 -0.72348400 -0.10447100
v 0.41495400 -0.72543700 -0.04979400
v -0.06932200 -0.71957900 -0.14157200
v 0.06932200 -0.71957900 -0.14157200
v -0.39347400 -0.68638200 -0.16500500
v -0.31731800 -0.70200400 -0.23335000
v -0.29193200 -0.71372000 -0.24702000
v 0.31731800 -0.70200400 -0.23335000
v 0.29193200 -0.71372000 -0.24702000
v 0.39347400 -0.68638200 -0.16500500
v -0.07127400 -0.71567300 -0.05760500
v 0.07127400 -0.71567300 -0.05760500
v -0.18258000 -0.70591000 0.11032900
v -0.15133600 -0.68833500 0.10251800
v -0.07713300 -0.71567300 0.00097600
v 0.07713300 -0.71567300 0.00097600
v 0.18258000 -0.70591000 0.11032900
v 0.15133600 -0.68833500 0.10251800
v -0.41104800 -0.71762600 -0.02050400
v -0.36613600 -0.72348400 0.06932200
v -0.35051400 -0.70200400 0.07518000
v -0.32317600 -0.71372000 0.09470700
v -0.20991800 -0.71372000 0.11814000
v -0.27045200 -0.71762600 0.11423400
v -0.24311400 -0.70395700 0.12595100
v -0.08884900 -0.69809900 0.01855100
v 0.08884900 -0.69809900 0.01855100
v 0.20991800 -0.71372000 0.11814000
v 0.27045200 -0.71762600 0.11423400
v 0.24311400 -0.70395700 0.12595100
v 0.36613600 -0.72348400 0.06932200
v 0.35051400 -0.70200400 0.07518000
v 0.32317600 -0.71372000 0.09470700
v 0.41104800 -0.71762600 -0.02050400
v -0.39347400 -0.70786200 0.01464500
v -0.39737900 -0.69614600 0.03612500
v 0.39347400 -0.70786200 0.01464500
v 0.39737900 -0.69614600 0.03612500
v -0.39542700 -0.70981500 -0.12009200
v -0.34270300 -0.68443000 -0.20991800
v 0.34270300 -0.68443000 -0.20991800
v 0.39542700 -0.70981500 -0.12009200
v -0.07908500 -0.70786200 -0.17086300
v -0.06932200 -0.70200400 -0.09861300
v 0.06932200 -0.70200400 -0.09861300
v 0.07908500 -0.70786200 -0.17086300
v -0.05955800 -0.69419300 -0.04003100
v 0.05955800 -0.69419300 -0.04003100
v -0.40519000 -0.70395700 -0.05370000
v 0.40519000 -0.70395700 -0.05370000
v -0.37785200 -0.68443000 0.05174700
v 0.37785200 -0.68443000 0.05174700
v -0.29974300 -0.70395700 0.11032900
v -0.26654700 -0.66685500 -0.25678300
v -0.29193200 -0.68247700 -0.25092500
v -0.10642300 -0.69419300 0.06932200
v -0.11814000 -0.66880800 0.08299100
v 0.10642300 -0.69419300 0.06932200
v 0.11814000 -0.66880800 0.08299100
v 0.26654700 -0.66685500 -0.25678300
v 0.29193200 -0.68247700 -0.25092500
v 0.29974300 -0.70395700 0.11032900
v -0.23530300 -0.66685500 -0.26264100
v -0.20406000 -0.66685500 -0.26264100
v -0.17086300 -0.66685500 -0.25483000
v -0.14157200 -0.66685500 -0.24116100
v -0.11423400 -0.66685500 -0.22358700
v -0.09470700 -0.68833500 -0.19820100
v -0.07322700 -0.68638200 -0.13766700
v 0.07322700 -0.68638200 -0.13766700
v 0.11423400 -0.66685500 -0.22358700
v 0.09470700 -0.68833500 -0.19820100
v 0.14157200 -0.66685500 -0.24116100
v 0.17086300 -0.66685500 -0.25483000
v 0.20406000 -0.66685500 -0.26264100
v 0.23530300 -0.66685500 -0.26264100
v -0.40909600 -0.69809900 -0.02636200
v -0.29779000 -0.69028800 0.12009200
v -0.27240500 -0.64928100 0.14938300
v 0.27240500 -0.64928100 0.14938300
v 0.29779000 -0.69028800 0.12009200
v 0.40909600 -0.69809900 -0.02636200
v -0.06932200 -0.67857100 -0.01855100
v -0.06541600 -0.69224000 -0.09275400
v -0.05174700 -0.68052400 -0.07908500
v 0.06541600 -0.69224000 -0.09275400
v 0.05174700 -0.68052400 -0.07908500
v 0.06932200 -0.67857100 -0.01855100
v -0.32903400 -0.68638200 0.09861300
v -0.18453200 -0.69224000 0.12985600
v -0.21187000 -0.69809900 0.13180900
v 0.18453200 -0.69224000 0.12985600
v 0.21187100 -0.69809900 0.13180900
v 0.32903400 -0.68638200 0.09861300
v -0.41300100 -0.66295000 -0.09666000
v -0.40714300 -0.66880800 -0.12985600
v 0.41300100 -0.66295000 -0.09666000
v 0.40714300 -0.66880800 -0.12985600
v -0.41690600 -0.66685500 -0.04393600
v -0.41495400 -0.66685500 -0.00683500
v -0.36808800 -0.66490200 -0.18062700
v -0.08103800 -0.67271300 -0.17476900
v 0.08103800 -0.67271300 -0.17476900
v 0.36808800 -0.66490200 -0.18062700
v 0.41690600 -0.66685500 -0.04393600
v 0.41495400 -0.66685500 -0.00683500
v -0.15719400 -0.67466600 0.12790300
v 0.15719400 -0.67466600 0.12790300
v -0.32708100 -0.67466600 0.11228200
v -0.24116100 -0.65123300 0.15328900
v 0.24116100 -0.65123300 0.15328900
v 0.32708100 -0.67466600 0.11228200
v -0.35832500 -0.66295000 0.08494300
v -0.32317600 -0.66490200 -0.23530300
v 0.32317600 -0.66490200 -0.23530300
v 0.35832500 -0.66295000 0.08494300
v -0.20796500 -0.66490200 0.14352500
v -0.07908500 -0.67076100 0.04198400
v -0.06346400 -0.66490200 -0.01464500
v 0.07908500 -0.67076100 0.04198400
v 0.06346400 -0.66490200 -0.01464500
v 0.20796500 -0.66490200 0.14352500
v -0.40519000 -0.66880800 0.01659800
v 0.40519000 -0.66880800 0.01659800
v -0.08689600 -0.64928100 0.05760500
v -0.05955800 -0.66099700 -0.06151100
v 0.05955800 -0.66099700 -0.06151100
v 0.08689600 -0.64928100 0.05760500
v -0.17476900 -0.65709100 0.13571400
v -0.06736900 -0.67271300 -0.13376200
v -0.05370000 -0.66295000 -0.12204500
v 0.06736900 -0.67271300 -0.13376200
v 0.05370000 -0.66295000 -0.12204500
v 0.17476900 -0.65709100 0.13571400
v -0.32317600 -0.62584800 0.13766700
v -0.29779000 -0.63756400 0.14547800
v 0.32317600 -0.62584800 0.13766700
v 0.29779000 -0.63756400 0.14547800
v -0.12985600 -0.65709100 0.12204500
v -0.09470700 -0.66295000 -0.20210700
v 0.09470700 -0.66295000 -0.20210700
v 0.12985600 -0.65709100 0.12204500
v -0.40323700 -0.64342200 -0.12790300
v -0.35832500 -0.65318600 0.09861300
v 0.35832500 -0.65318600 0.09861300
v 0.40323700 -0.64342200 -0.12790300
v -0.40519000 -0.65318600 0.02050400
v -0.38566300 -0.63561200 0.06541600
v -0.39933200 -0.63170600 0.04198400
v -0.35051400 -0.64732800 -0.21382300
v 0.35051400 -0.64732800 -0.21382300
v 0.40519000 -0.65318600 0.02050400
v 0.38566300 -0.63561200 0.06541600
v 0.39933200 -0.63170600 0.04198400
v -0.29388500 -0.63951700 -0.25092500
v 0.29388500 -0.63951700 -0.25092500
v -0.05760500 -0.64537500 -0.10447100
v 0.05760500 -0.64537500 -0.10447100
v -0.35637200 -0.64342200 0.10251800
v -0.35051400 -0.60241500 0.12790300
v -0.14352500 -0.64537500 0.12790300
v 0.14352500 -0.64537500 0.12790300
v 0.35637200 -0.64342200 0.10251800
v 0.35051400 -0.60241500 0.12790300
v -0.07518000 -0.65709100 -0.17281600
v 0.07518000 -0.65709100 -0.17281600
v -0.05760500 -0.65318600 0.01074000
v -0.06346400 -0.63365900 0.02636200
v 0.05760500 -0.65318600 0.01074000
v 0.06346400 -0.63365900 0.02636200
v -0.41495400 -0.63170600 -0.09470700
v -0.41495400 -0.63561200 -0.00878700
v -0.10056500 -0.64147000 0.10837600
v 0.10056500 -0.64147000 0.10837600
v 0.41495400 -0.63561200 -0.00878700
v 0.41495400 -0.63170600 -0.09470700
v -0.41885900 -0.62780100 -0.04393600
v -0.26459400 -0.62389500 -0.26068900
v -0.23335000 -0.62389500 -0.26459400
v -0.20015400 -0.62389500 -0.26459400
v -0.16891100 -0.62389500 -0.25873600
v -0.13766700 -0.62389500 -0.24702000
v -0.11032900 -0.62389500 -0.22944500
v 0.13766700 -0.62389500 -0.24702000
v 0.11032900 -0.62389500 -0.22944500
v 0.16891100 -0.62389500 -0.25873600
v 0.20015400 -0.62389500 -0.26459400
v 0.23335000 -0.62389500 -0.26459400
v 0.26459400 -0.62389500 -0.26068900
v 0.41885900 -0.62780100 -0.04393600
v -0.37785200 -0.62975300 -0.18648500
v -0.39347400 -0.63170600 -0.14352500
v -0.35051400 -0.61413200 -0.21577600
v -0.32122300 -0.62389500 -0.23725600
v -0.20601200 -0.64537500 0.15328900
v -0.05174700 -0.64537500 -0.06736900
v -0.04198400 -0.64342200 -0.01855100
v 0.05174700 -0.64537500 -0.06736900
v 0.04198400 -0.64342200 -0.01855100
v 0.20601200 -0.64537500 0.15328900
v 0.35051400 -0.61413200 -0.21577600
v 0.32122300 -0.62389500 -0.23725600
v 0.37785200 -0.62975300 -0.18648500
v 0.39347400 -0.63170600 -0.14352500
v -0.38371000 -0.62584800 0.07908500
v -0.08884900 -0.63561200 -0.20601200
v -0.06736900 -0.64537500 -0.16891100
v -0.06151100 -0.62975300 -0.14547800
v 0.06736900 -0.64537500 -0.16891100
v 0.06151100 -0.62975300 -0.14547800
v 0.08884900 -0.63561200 -0.20601200
v 0.38371000 -0.62584800 0.07908500
v -0.16500500 -0.62780100 0.14352500
v -0.11032900 -0.63365900 0.11814000
v 0.11032900 -0.63365900 0.11814000
v 0.16500500 -0.62780100 0.14352500
v -0.41885900 -0.61022600 0.01074000
v -0.04588900 -0.61999000 -0.01074000
v 0.04588900 -0.61999000 -0.01074000
v 0.41885900 -0.61022600 0.01074000
v -0.23920900 -0.60827300 0.17281600
v -0.20601200 -0.63170600 0.16500500
v 0.23920900 -0.60827300 0.17281600
v 0.20601200 -0.63170600 0.16500500
v -0.26654700 -0.53407000 0.19820100
v -0.07518000 -0.62780100 0.09275400
v -0.05370000 -0.61608400 0.07322700
v 0.07518000 -0.62780100 0.09275400
v 0.05370000 -0.61608400 0.07322700
v 0.26654700 -0.53407000 0.19820100
v -0.37785200 -0.60827300 -0.18843800
v 0.37785200 -0.60827300 -0.18843800
v -0.12595100 -0.61608400 0.12985600
v -0.07127400 -0.61608400 -0.18453200
v -0.04979400 -0.63170600 -0.10837600
v -0.03222000 -0.62975300 -0.06541600
v 0.04979400 -0.63170600 -0.10837600
v 0.03222000 -0.62975300 -0.06541600
v 0.07127400 -0.61608400 -0.18453200
v 0.12595100 -0.61608400 0.12985600
v -0.41690600 -0.60632100 -0.09470700
v -0.38371000 -0.61413200 0.08494300
v -0.37980500 -0.57117200 0.11032900
v -0.03417300 -0.60827300 -0.05370000
v 0.03417300 -0.60827300 -0.05370000
v 0.38371000 -0.61413200 0.08494300
v 0.37980500 -0.57117200 0.11032900
v 0.41690600 -0.60632100 -0.09470700
v -0.07713300 -0.61803700 0.10056500
v 0.07713300 -0.61803700 0.10056500
v -0.29193200 -0.59655700 -0.25287800
v 0.29193200 -0.59655700 -0.25287800
v -0.29583800 -0.51259000 0.19429600
v 0.29583800 -0.51259000 0.19429600
v -0.40909600 -0.59851000 0.03612500
v -0.40714300 -0.59460400 0.05760500
v -0.08494300 -0.61022600 -0.20991800
v 0.08494300 -0.61022600 -0.20991800
v 0.40909600 -0.59851000 0.03612500
v 0.40714300 -0.59460400 0.05760500
v -0.09080200 -0.60632100 0.11423400
v -0.03612500 -0.60632100 0.04588900
v 0.03612500 -0.60632100 0.04588900
v 0.09080200 -0.60632100 0.11423400
v -0.42862300 -0.61217900 -0.03222000
v -0.42471700 -0.61022600 -0.06151100
v -0.40128500 -0.61217900 -0.15328900
v -0.17086300 -0.61608400 0.16695800
v -0.20601200 -0.60632100 0.17086300
v -0.05174700 -0.61217900 -0.15133600
v -0.03222000 -0.61608400 -0.10837600
v 0.03222000 -0.61608400 -0.10837600
v 0.05174700 -0.61217900 -0.15133600
v 0.17086300 -0.61608400 0.16695800
v 0.20601200 -0.60632100 0.17086300
v 0.40128500 -0.61217900 -0.15328900
v 0.42862300 -0.61217900 -0.03222000
v 0.42471700 -0.61022600 -0.06151100
v -0.40128500 -0.59851000 -0.15524200
v -0.03026700 -0.59851000 -0.09861300
v 0.03026700 -0.59851000 -0.09861300
v 0.40128500 -0.59851000 -0.15524200
v -0.05565300 -0.60827300 0.08103800
v 0.05565300 -0.60827300 0.08103800
v -0.32317600 -0.49892100 0.18258000
v 0.32317600 -0.49892100 0.18258000
v -0.35051400 -0.58288800 -0.21772900
v -0.32122300 -0.58679300 -0.23920900
v -0.26264100 -0.58288800 -0.26459400
v -0.22944500 -0.58288800 -0.27045200
v -0.19624900 -0.58288800 -0.27045200
v -0.16305200 -0.58288800 -0.26459400
v -0.13180900 -0.58288800 -0.25483000
v -0.10447100 -0.58288800 -0.23920900
v 0.13180900 -0.58288800 -0.25483000
v 0.10447100 -0.58288800 -0.23920900
v 0.16305200 -0.58288800 -0.26459400
v 0.19624900 -0.58288800 -0.27045200
v 0.22944500 -0.58288800 -0.27045200
v 0.26264100 -0.58288800 -0.26459400
v 0.35051400 -0.58288800 -0.21772900
v 0.32122300 -0.58679300 -0.23920900
v -0.02440900 -0.59655700 0.00683500
v 0.02440900 -0.59655700 0.00683500
v -0.05955800 -0.59265200 0.09470700
v 0.05955800 -0.59265200 0.09470700
v -0.12985600 -0.60632100 0.16110000
v -0.16110000 -0.59460400 0.17086300
v -0.06151100 -0.59265200 -0.19039100
v -0.03612500 -0.59851000 0.05174700
v -0.04003100 -0.59851000 -0.15328900
v -0.03417300 -0.58093500 -0.13766700
v 0.04003100 -0.59851000 -0.15328900
v 0.03417300 -0.58093500 -0.13766700
v 0.03612500 -0.59851000 0.05174700
v 0.06151100 -0.59265200 -0.19039100
v 0.12985600 -0.60632100 0.16110000
v 0.16110000 -0.59460400 0.17086300
v -0.40714300 -0.58484100 0.06346400
v -0.39933200 -0.55359700 0.08884900
v -0.37785200 -0.58484100 -0.19039100
v 0.37785200 -0.58484100 -0.19039100
v 0.40714300 -0.58484100 0.06346400
v 0.39933200 -0.55359700 0.08884900
v -0.42667000 -0.57117200 -0.04393600
v -0.42667000 -0.56726600 -0.01269300
v -0.41885900 -0.59069900 -0.11423400
v 0.41885900 -0.59069900 -0.11423400
v 0.42667000 -0.56726600 -0.01269300
v 0.42667000 -0.57117200 -0.04393600
v -0.08103800 -0.58288800 -0.21772900
v 0.08103800 -0.58288800 -0.21772900
v -0.40128500 -0.57898300 -0.15719400
v -0.20406000 -0.59265200 0.18453200
v -0.23335000 -0.55555000 0.19820100
v -0.04003100 -0.58288800 0.06932200
v -0.01855100 -0.58874600 -0.03222000
v 0.01855100 -0.58874600 -0.03222000
v 0.04003100 -0.58288800 0.06932200
v 0.20406000 -0.59265200 0.18453200
v 0.23335000 -0.55555000 0.19820100
v 0.40128500 -0.57898300 -0.15719400
v -0.16695800 -0.58484100 0.18648500
v -0.09275400 -0.59265200 0.14743100
v -0.11814000 -0.58679300 0.16695800
v -0.02440900 -0.58874600 0.01464500
v 0.02440900 -0.58874600 0.01464500
v 0.09275400 -0.59265200 0.14743100
v 0.11814000 -0.58679300 0.16695800
v 0.16695800 -0.58484100 0.18648500
v -0.35441900 -0.48329900 0.16110000
v 0.35441900 -0.48329900 0.16110000
v -0.42667000 -0.56531300 0.02245600
v -0.41885900 -0.57117200 -0.12399800
v -0.04588900 -0.56531300 -0.18258000
v -0.02636200 -0.57312400 0.03807800
v -0.01855100 -0.57898300 -0.07518000
v 0.01855100 -0.57898300 -0.07518000
v 0.02636200 -0.57312400 0.03807800
v 0.04588900 -0.56531300 -0.18258000
v 0.41885900 -0.57117200 -0.12399800
v 0.42667000 -0.56531300 0.02245600
v -0.28997900 -0.55359700 -0.26068900
v -0.01659800 -0.57507700 -0.02636200
v 0.01659800 -0.57507700 -0.02636200
v 0.28997900 -0.55359700 -0.26068900
v -0.13962000 -0.57898300 0.18453200
v 0.13962000 -0.57898300 0.18453200
v -0.20210700 -0.55555000 0.20015400
v -0.06346400 -0.57898300 0.12790300
v -0.08299100 -0.56140800 0.16500500
v -0.05955800 -0.55750300 0.14352500
v -0.07127400 -0.55555000 -0.22554000
v -0.03807800 -0.56531300 0.10056500
v 0.06346400 -0.57898300 0.12790300
v 0.03807800 -0.56531300 0.10056500
v 0.07127400 -0.55555000 -0.22554000
v 0.08299100 -0.56140800 0.16500500
v 0.05955800 -0.55750300 0.14352500
v 0.20210700 -0.55555000 0.20015400
v -0.43448100 -0.56336100 -0.05565300
v -0.43057600 -0.55750300 -0.08299100
v 0.43057600 -0.55750300 -0.08299100
v 0.43448100 -0.56336100 -0.05565300
v -0.01464500 -0.55750300 0.00878700
v 0.01464500 -0.55750300 0.00878700
v -0.35051400 -0.54578600 -0.22554000
v -0.32122300 -0.54969200 -0.24506700
v -0.10642300 -0.56140800 0.18062700
v 0.10642300 -0.56140800 0.18062700
v 0.35051400 -0.54578600 -0.22554000
v 0.32122300 -0.54969200 -0.24506700
v -0.41495400 -0.54188100 0.06541600
v -0.37785200 -0.54383400 -0.19820100
v -0.40128500 -0.53797500 -0.16891100
v -0.16695800 -0.55359700 0.19820100
v 0.16695800 -0.55359700 0.19820100
v 0.37785200 -0.54383400 -0.19820100
v 0.40128500 -0.53797500 -0.16891100
v 0.41495400 -0.54188100 0.06541600
v -0.25873600 -0.54578600 -0.27240500
v -0.22554000 -0.54578600 -0.27826300
v -0.19039100 -0.54578600 -0.28021600
v -0.15719400 -0.54578600 -0.27435800
v -0.12595100 -0.54578600 -0.26459400
v -0.09666000 -0.55359700 -0.24702000
v -0.02050400 -0.55750300 0.06151100
v 0.02050400 -0.55750300 0.06151100
v 0.09666000 -0.55359700 -0.24702000
v 0.12595100 -0.54578600 -0.26459400
v 0.15719400 -0.54578600 -0.27435800
v 0.19039100 -0.54578600 -0.28021600
v 0.22554000 -0.54578600 -0.27826300
v 0.25873600 -0.54578600 -0.27240500
v -0.02050400 -0.55555000 -0.12204500
v -0.03417300 -0.54188100 -0.17867400
v 0.02050400 -0.55555000 -0.12204500
v 0.03417300 -0.54188100 -0.17867400
v -0.41885900 -0.51649500 -0.14157200
v -0.13376200 -0.55164400 0.19429600
v -0.03417300 -0.55164400 0.11814000
v -0.01269300 -0.55359700 -0.06541600
v 0.01269300 -0.55359700 -0.06541600
v 0.03417300 -0.55164400 0.11814000
v 0.13376200 -0.55164400 0.19429600
v 0.41885900 -0.51649500 -0.14157200
v -0.01074000 -0.55359700 -0.02440900
v 0.01074000 -0.55359700 -0.02440900
v -0.43448100 -0.55750300 -0.01269300
v -0.43057600 -0.48525200 -0.11814000
v -0.38175700 -0.50087400 0.12790300
v 0.38175700 -0.50087400 0.12790300
v 0.43057600 -0.48525200 -0.11814000
v 0.43448100 -0.55750300 -0.01269300
v -0.42667000 -0.52040100 0.03026700
v -0.04979400 -0.53602300 -0.21382300
v -0.01464500 -0.54188100 0.09861300
v 0.01464500 -0.54188100 0.09861300
v 0.04979400 -0.53602300 -0.21382300
v 0.42667000 -0.52040100 0.03026700
v -0.43838600 -0.51844800 -0.02636200
v -0.43643400 -0.50673200 -0.07713300
v 0.43643400 -0.50673200 -0.07713300
v 0.43838600 -0.51844800 -0.02636200
v -0.07322700 -0.53797500 0.18062700
v -0.09666000 -0.53602300 0.19624900
v -0.04979400 -0.53797500 0.16110000
v 0.07322700 -0.53797500 0.18062700
v 0.04979400 -0.53797500 0.16110000
v 0.09666000 -0.53602300 0.19624900
v -0.43643400 -0.51454300 -0.01855100
v -0.43838600 -0.51649500 -0.02050400
v -0.02831400 -0.53797500 0.13571400
v -0.00683500 -0.54383400 0.05370000
v -0.00488200 -0.54578600 0.00488200
v 0.00683500 -0.54383400 0.05370000
v 0.00488200 -0.54578600 0.00488200
v 0.02831400 -0.53797500 0.13571400
v 0.43643400 -0.51454300 -0.01855100
v 0.43838600 -0.51649500 -0.02050400
v -0.17476900 -0.51454300 0.22358700
v -0.20210700 -0.49501500 0.22749200
v -0.08884900 -0.52625900 -0.25873600
v -0.06541600 -0.53016400 -0.23725600
v -0.01269300 -0.53602300 -0.12204500
v 0.01269300 -0.53602300 -0.12204500
v 0.08884900 -0.52625900 -0.25873600
v 0.06541600 -0.53016400 -0.23725600
v 0.17476900 -0.51454300 0.22358700
v 0.20210700 -0.49501500 0.22749200
v -0.40128500 -0.50282600 0.09861300
v -0.28802700 -0.51844800 -0.26849900
v -0.14743100 -0.52235400 0.21772900
v -0.00488200 -0.54383400 -0.03026700
v -0.00488200 -0.53797500 -0.07127400
v 0.00488200 -0.54383400 -0.03026700
v 0.00488200 -0.53797500 -0.07127400
v 0.14743100 -0.52235400 0.21772900
v 0.28802700 -0.51844800 -0.26849900
v 0.40128500 -0.50282600 0.09861300
v -0.12009200 -0.52821200 0.20991800
v 0.12009200 -0.52821200 0.20991800
v -0.34856100 -0.51259000 -0.23335000
v -0.31927000 -0.51649500 -0.25483000
v 0.34856100 -0.51259000 -0.23335000
v 0.31927000 -0.51649500 -0.25483000
v -0.37589900 -0.50673200 -0.20991800
v -0.25483000 -0.51454300 -0.28216900
v -0.21968100 -0.51454300 -0.28802700
v -0.18453200 -0.51454300 -0.28997900
v -0.14938300 -0.51454300 -0.28607400
v -0.11618700 -0.51454300 -0.27826300
v 0.00097600 -0.54188100 0.00683500
v 0.00097600 -0.54188100 -0.03026700
v 0.14938300 -0.51454300 -0.28607400
v 0.11618700 -0.51454300 -0.27826300
v 0.18453200 -0.51454300 -0.28997900
v 0.21968100 -0.51454300 -0.28802700
v 0.25483000 -0.51454300 -0.28216900
v 0.37589900 -0.50673200 -0.20991800
v -0.40128500 -0.49892100 -0.18062700
v 0.00097600 -0.53797500 0.07127400
v 0.00097600 -0.53602300 -0.07127400
v 0.40128500 -0.49892100 -0.18062700
v -0.41495400 -0.50477900 0.06932200
v -0.02245600 -0.52235400 -0.17476900
v 0.00097600 -0.53016400 0.11618700
v 0.02245600 -0.52235400 -0.17476900
v 0.41495400 -0.50477900 0.06932200
v -0.03807800 -0.52430600 0.17672100
v -0.06151100 -0.52040100 0.19820100
v -0.01659800 -0.52625900 0.15133600
v -0.00488200 -0.52625900 -0.11814000
v 0.00097600 -0.52430600 -0.11618700
v 0.00488200 -0.52625900 -0.11814000
v 0.01659800 -0.52625900 0.15133600
v 0.03807800 -0.52430600 0.17672100
v 0.06151100 -0.52040100 0.19820100
v -0.08299100 -0.51454300 0.21187100
v -0.05565300 -0.51063700 -0.24702000
v -0.03612500 -0.51454300 -0.21577600
v 0.05565300 -0.51063700 -0.24702000
v 0.03612500 -0.51454300 -0.21577600
v 0.08299100 -0.51454300 0.21187100
v -0.23139800 -0.47158300 0.22944500
v -0.11618700 -0.53407000 0.26849900
v -0.04979400 -0.53407000 0.27826300
v -0.11618700 -0.53211700 0.28021600
v -0.04979400 -0.53016400 0.27045200
v -0.15524200 -0.53211700 0.25873600
v -0.11618700 -0.53016400 0.26264100
v 0.00097600 -0.53407000 0.28216900
v -0.04979400 -0.53211700 0.28997900
v 0.00097600 -0.53016400 0.27435800
v 0.04979400 -0.53407000 0.27826300
v 0.04979400 -0.53211700 0.28997900
v 0.00097600 -0.53211700 0.29388500
v 0.11618700 -0.53407000 0.26849900
v 0.11618700 -0.53211700 0.28021600
v 0.04979400 -0.53016400 0.27045200
v 0.15524200 -0.53211700 0.25873600
v 0.11618700 -0.53016400 0.26264100
v 0.23139800 -0.47158300 0.22944500
v -0.15524200 -0.53016400 0.27045200
v -0.20796500 -0.52625900 0.24506700
v -0.15524200 -0.52625900 0.25483000
v -0.11618700 -0.52625900 0.28412100
v -0.04979400 -0.52625900 0.29388500
v 0.04979400 -0.52625900 0.29388500
v 0.00097600 -0.52625900 0.29779000
v 0.11618700 -0.52625900 0.28412100
v 0.15524200 -0.53016400 0.27045200
v 0.15524200 -0.52625900 0.25483000
v 0.20796500 -0.52625900 0.24506700
v -0.20796500 -0.52430600 0.25678300
v -0.15524200 -0.52430600 0.27631000
v -0.04979400 -0.52040100 0.27240500
v -0.11618700 -0.52040100 0.26459400
v -0.07908500 -0.50477900 -0.27045200
v 0.00097600 -0.52040100 0.27435800
v 0.00097600 -0.51649500 0.16891100
v 0.04979400 -0.52040100 0.27240500
v 0.07908500 -0.50477900 -0.27045200
v 0.11618700 -0.52040100 0.26459400
v 0.15524200 -0.52430600 0.27631000
v 0.20796500 -0.52430600 0.25678300
v -0.10447100 -0.50477900 0.22554000
v 0.10447100 -0.50477900 0.22554000
v -0.20796500 -0.52235400 0.24116100
v -0.23920900 -0.52430600 0.23530300
v -0.15524200 -0.51844800 0.25483000
v -0.11618700 -0.51649500 0.28021600
v -0.04979400 -0.51649500 0.28802700
v 0.00097600 -0.50868400 -0.16695800
v -0.00488200 -0.50868400 -0.16891100
v 0.04979400 -0.51649500 0.28802700
v 0.00097600 -0.51649500 0.29193200
v 0.00488200 -0.50868400 -0.16891100
v 0.11618700 -0.51649500 0.28021600
v 0.20796500 -0.52235400 0.24116100
v 0.15524200 -0.51844800 0.25483000
v 0.23920900 -0.52430600 0.23530300
v -0.23920900 -0.52235400 0.24702000
v -0.27045200 -0.52235400 0.22554000
v -0.23920900 -0.52040100 0.23139800
v -0.20796500 -0.51844800 0.26264100
v -0.15524200 -0.51454300 0.27240500
v -0.02440900 -0.51259000 0.19234300
v 0.02440900 -0.51259000 0.19234300
v 0.20796500 -0.51844800 0.26264100
v 0.15524200 -0.51454300 0.27240500
v 0.23920900 -0.52235400 0.24702000
v 0.23920900 -0.52040100 0.23139800
v 0.27045200 -0.52235400 0.22554000
v -0.27045200 -0.52040100 0.23725600
v -0.29583800 -0.51844800 0.21577600
v -0.27045200 -0.51844800 0.22163400
v -0.23920900 -0.51649500 0.25287800
v -0.20796500 -0.51259000 0.24116100
v -0.12595100 -0.49306300 0.23530300
v 0.12595100 -0.49306300 0.23530300
v 0.20796500 -0.51259000 0.24116100
v 0.27045200 -0.52040100 0.23725600
v 0.23920900 -0.51649500 0.25287800
v 0.27045200 -0.51844800 0.22163400
v 0.29583800 -0.51844800 0.21577600
v -0.42862300 -0.46767700 0.03026700
v -0.41495400 -0.46572500 0.06932200
v -0.29583800 -0.51649500 0.22749200
v -0.27045200 -0.51454300 0.24311400
v -0.23920900 -0.51063700 0.23139800
v -0.11618700 -0.46767700 0.27631000
v -0.15524200 -0.46572500 0.26849900
v -0.04588900 -0.50673200 0.21187100
v -0.04979400 -0.46963000 0.28216900
v 0.04979400 -0.46963000 0.28216900
v 0.00097600 -0.46963000 0.28607400
v 0.11618700 -0.46767700 0.27631000
v 0.04588900 -0.50673200 0.21187100
v 0.15524200 -0.46572500 0.26849900
v 0.23920900 -0.51063700 0.23139800
v 0.29583800 -0.51649500 0.22749200
v 0.27045200 -0.51454300 0.24311400
v 0.42862300 -0.46767700 0.03026700
v 0.41495400 -0.46572500 0.06932200
v -0.43838600 -0.44619700 -0.02831400
v -0.43838600 -0.44815000 -0.07127400
v -0.29583800 -0.51454300 0.20991800
v -0.32317600 -0.51454300 0.20210700
v -0.28412100 -0.48525200 -0.28216900
v -0.27045200 -0.50868400 0.22163400
v -0.20796500 -0.51063700 0.25873600
v 0.20796500 -0.51063700 0.25873600
v 0.29583800 -0.51454300 0.20991800
v 0.27045200 -0.50868400 0.22163400
v 0.28412100 -0.48525200 -0.28216900
v 0.32317600 -0.51454300 0.20210700
v 0.43838600 -0.44619700 -0.02831400
v 0.43838600 -0.44815000 -0.07127400
v -0.43838600 -0.44619700 -0.02440900
v -0.41495400 -0.45596100 -0.16695800
v -0.34465600 -0.47939400 -0.24702000
v -0.31536500 -0.48329900 -0.26654700
v -0.32317600 -0.51259000 0.21382300
v -0.29583800 -0.51063700 0.23139800
v -0.23920900 -0.50868400 0.24897200
v -0.11618700 -0.51063700 0.28021600
v -0.04979400 -0.51063700 0.28997900
v 0.00097600 -0.50282600 0.20601200
v 0.04979400 -0.51063700 0.28997900
v 0.00097600 -0.50868400 0.29388500
v 0.11618700 -0.51063700 0.28021600
v 0.23920900 -0.50868400 0.24897200
v 0.29583800 -0.51063700 0.23139800
v 0.32317600 -0.51259000 0.21382300
v 0.34465600 -0.47939400 -0.24702000
v 0.31536500 -0.48329900 -0.26654700
v 0.41495400 -0.45596100 -0.16695800
v 0.43838600 -0.44619700 -0.02440900
v -0.43643400 -0.44619700 -0.02245600
v -0.32317600 -0.51063700 0.19624900
v -0.34856100 -0.51063700 0.18648500
v -0.29583800 -0.50477900 0.20991800
v -0.27045200 -0.50477900 0.23920900
v -0.24702000 -0.48329900 -0.29583800
v -0.21187000 -0.48329900 -0.30364900
v -0.17476900 -0.48329900 -0.30560100
v -0.14938300 -0.47744100 0.24311400
v -0.15524200 -0.50868400 0.27240500
v -0.13962000 -0.48329900 -0.30364900
v -0.10447100 -0.48329900 -0.29779000
v -0.06541600 -0.49696800 0.22749200
v -0.04198400 -0.49111000 -0.25678300
v -0.02245600 -0.49892100 -0.22163400
v 0.04198400 -0.49111000 -0.25678300
v 0.02245600 -0.49892100 -0.22163400
v 0.06541600 -0.49696800 0.22749200
v 0.13962000 -0.48329900 -0.30364900
v 0.10447100 -0.48329900 -0.29779000
v 0.17476900 -0.48329900 -0.30560100
v 0.15524200 -0.50868400 0.27240500
v 0.14938300 -0.47744100 0.24311400
v 0.21187100 -0.48329900 -0.30364900
v 0.24702000 -0.48329900 -0.29583800
v 0.27045200 -0.50477900 0.23920900
v 0.32317600 -0.51063700 0.19624900
v 0.29583800 -0.50477900 0.20991800
v 0.34856100 -0.51063700 0.18648500
v 0.43643400 -0.44619700 -0.02245600
v -0.37199400 -0.47353500 -0.22358700
v -0.34856100 -0.50868400 0.19820100
v -0.32317600 -0.50673200 0.21772900
v -0.27435800 -0.46767700 0.21577600
v -0.20796500 -0.46181900 0.25287800
v 0.20796500 -0.46181900 0.25287800
v 0.27435800 -0.46767700 0.21577600
v 0.32317600 -0.50673200 0.21772900
v 0.34856100 -0.50868400 0.19820100
v 0.37199400 -0.47353500 -0.22358700
v -0.34856100 -0.50673200 0.18062700
v -0.36808800 -0.50282600 0.17476900
v -0.32317600 -0.50087400 0.19624900
v -0.29583800 -0.50087400 0.22749200
v -0.23920900 -0.45791400 0.24311400
v -0.20796500 -0.50477900 0.25873600
v -0.11618700 -0.47548800 0.29193200
v -0.15524200 -0.47744100 0.28412100
v -0.15524200 -0.45986600 0.29193200
v -0.06736900 -0.48329900 -0.28216900
v -0.04979400 -0.49111000 0.29583800
v 0.11618700 -0.47548800 0.29193200
v 0.04979400 -0.49111000 0.29583800
v 0.06736900 -0.48329900 -0.28216900
v 0.15524200 -0.47744100 0.28412100
v 0.15524200 -0.45986600 0.29193200
v 0.20796500 -0.50477900 0.25873600
v 0.23920900 -0.45791400 0.24311400
v 0.29583800 -0.50087400 0.22749200
v 0.34856100 -0.50673200 0.18062700
v 0.32317600 -0.50087400 0.19624900
v 0.36808800 -0.50282600 0.17476900
v -0.34856100 -0.50282600 0.20210700
v -0.36808800 -0.50087400 0.18648500
v -0.27045200 -0.45400800 0.23335000
v -0.23920900 -0.50282600 0.25092500
v -0.20796500 -0.47939400 0.26849900
v -0.20796500 -0.44424500 0.27826300
v 0.00097600 -0.48720500 -0.22163400
v -0.04979400 -0.47353500 0.29974300
v 0.04979400 -0.47353500 0.29974300
v 0.00097600 -0.48720500 0.29974300
v 0.20796500 -0.47939400 0.26849900
v 0.20796500 -0.44424500 0.27826300
v 0.23920900 -0.50282600 0.25092500
v 0.27045200 -0.45400800 0.23335000
v 0.34856100 -0.50282600 0.20210700
v 0.36808800 -0.50087400 0.18648500
v -0.43057600 -0.41690600 -0.12790300
v -0.39542700 -0.46377200 -0.19820100
v -0.36027700 -0.49892100 0.17086300
v -0.34856100 -0.49696800 0.18062700
v -0.32317600 -0.49892100 0.21382300
v -0.03026700 -0.49501500 0.22358700
v 0.03026700 -0.49501500 0.22358700
v 0.32317600 -0.49892100 0.21382300
v 0.36027700 -0.49892100 0.17086300
v 0.34856100 -0.49696800 0.18062700
v 0.39542700 -0.46377200 -0.19820100
v 0.43057600 -0.41690600 -0.12790300
v -0.40128500 -0.45986600 0.10251800
v -0.29583800 -0.45010300 0.21968100
v -0.27045200 -0.49892100 0.23920900
v -0.23920900 -0.47939400 0.26068900
v -0.23920900 -0.45791400 0.26654700
v -0.08689600 -0.48525200 0.24116100
v 0.08689600 -0.48525200 0.24116100
v 0.23920900 -0.47939400 0.26068900
v 0.23920900 -0.45791400 0.26654700
v 0.27045200 -0.49892100 0.23920900
v 0.29583800 -0.45010300 0.21968100
v 0.40128500 -0.45986600 0.10251800
v -0.37785200 -0.45596100 0.13962000
v -0.37394700 -0.49306300 0.17281600
v -0.36027700 -0.49696800 0.19429600
v -0.34856100 -0.49501500 0.19820100
v -0.27045200 -0.46767700 0.24897200
v 0.00097600 -0.48525200 0.23139800
v 0.27045200 -0.46767700 0.24897200
v 0.36027700 -0.49696800 0.19429600
v 0.34856100 -0.49501500 0.19820100
v 0.37394700 -0.49306300 0.17281600
v 0.37785200 -0.45596100 0.13962000
v -0.37394700 -0.49111000 0.18258000
v -0.32317600 -0.44424500 0.20601200
v -0.29583800 -0.49696800 0.22749200
v 0.29583800 -0.49696800 0.22749200
v 0.32317600 -0.44424500 0.20601200
v 0.37394700 -0.49111000 0.18258000
v -0.36027700 -0.48720500 0.17086300
v -0.36808800 -0.48915700 0.16695800
v -0.31145900 -0.45986600 0.19820100
v -0.32317600 -0.49306300 0.21382300
v -0.29583800 -0.46181900 0.23530300
v -0.02050400 -0.46377200 -0.27240500
v 0.02050400 -0.46377200 -0.27240500
v 0.29583800 -0.46181900 0.23530300
v 0.31145900 -0.45986600 0.19820100
v 0.32317600 -0.49306300 0.21382300
v 0.36027700 -0.48720500 0.17086300
v 0.36808800 -0.48915700 0.16695800
v -0.36027700 -0.48915700 0.19624900
v -0.36808800 -0.48915700 0.19039100
v -0.34856100 -0.43838600 0.18648500
v -0.32317600 -0.45596100 0.21968100
v -0.04979400 -0.48329900 0.24116100
v 0.04979400 -0.48329900 0.24116100
v 0.32317600 -0.45596100 0.21968100
v 0.34856100 -0.43838600 0.18648500
v 0.36027700 -0.48915700 0.19624900
v 0.36808800 -0.48915700 0.19039100
v -0.34856100 -0.48915700 0.19820100
v -0.17476900 -0.45400800 0.24897200
v 0.17476900 -0.45400800 0.24897200
v 0.34856100 -0.48915700 0.19820100
v -0.37394700 -0.46377200 0.17281600
v -0.34856100 -0.45205500 0.20210700
v -0.34856100 -0.42276500 0.20601200
v -0.10447100 -0.46963000 0.25287800
v 0.10447100 -0.46963000 0.25287800
v 0.34856100 -0.45205500 0.20210700
v 0.34856100 -0.42276500 0.20601200
v 0.37394700 -0.46377200 0.17281600
v -0.37394700 -0.46377200 0.18453200
v -0.11618700 -0.44619700 0.29974300
v 0.11618700 -0.44619700 0.29974300
v 0.37394700 -0.46377200 0.18453200
v -0.36027700 -0.43643400 0.17476900
v -0.36808800 -0.45791400 0.16891100
v -0.36808800 -0.45986600 0.19039100
v -0.36027700 -0.45596100 0.19429600
v 0.36027700 -0.45596100 0.19429600
v 0.36808800 -0.45986600 0.19039100
v 0.36027700 -0.43643400 0.17476900
v 0.36808800 -0.45791400 0.16891100
v 0.00097600 -0.46181900 -0.26068900
v -0.04979400 -0.45791400 0.30169600
v 0.04979400 -0.45791400 0.30169600
v 0.00097600 -0.47158300 0.30169600
v -0.42081200 -0.41104800 -0.16110000
v -0.27631000 -0.45205500 -0.29779000
v -0.06541600 -0.46963000 0.25287800
v 0.00097600 -0.46963000 0.25092500
v 0.06541600 -0.46963000 0.25287800
v 0.27631000 -0.45205500 -0.29779000
v 0.42081200 -0.41104800 -0.16110000
v -0.34075000 -0.44619700 0.17672100
v -0.30950700 -0.45205500 -0.28021600
v -0.23920900 -0.45205500 -0.31145900
v -0.20210700 -0.45205500 -0.32122300
v -0.16305200 -0.45205500 -0.32512800
v -0.12595100 -0.45205500 -0.32512800
v -0.08689600 -0.45205500 -0.31731800
v -0.04003100 -0.44229200 -0.30755400
v 0.08689600 -0.45205500 -0.31731800
v 0.04003100 -0.44229200 -0.30755400
v 0.12595100 -0.45205500 -0.32512800
v 0.16305200 -0.45205500 -0.32512800
v 0.20210700 -0.45205500 -0.32122300
v 0.23920900 -0.45205500 -0.31145900
v 0.30950700 -0.45205500 -0.28021600
v 0.34075000 -0.44619700 0.17672100
v -0.33879800 -0.44815000 -0.26068900
v -0.27045200 -0.43838600 0.25483000
v -0.23920900 -0.43057600 0.26849900
v 0.23920900 -0.43057600 0.26849900
v 0.27045200 -0.43838600 0.25483000
v 0.33879800 -0.44815000 -0.26068900
v -0.20796500 -0.41495400 0.28216900
v -0.12399800 -0.45010300 0.25873600
v 0.12399800 -0.45010300 0.25873600
v 0.20796500 -0.41495400 0.28216900
v -0.15524200 -0.42667000 0.29583800
v 0.15524200 -0.42667000 0.29583800
v -0.36613600 -0.44229200 -0.23725600
v -0.11618700 -0.42862300 0.30169600
v 0.11618700 -0.42862300 0.30169600
v 0.36613600 -0.44229200 -0.23725600
v -0.25287800 -0.43838600 0.23139800
v -0.19624900 -0.42862300 0.25287800
v -0.04979400 -0.41300100 0.31341200
v 0.04979400 -0.41300100 0.31341200
v 0.00097600 -0.41495400 0.31341200
v 0.24311400 -0.42276500 0.23725600
v 0.19820100 -0.42667000 0.25287800
v -0.07908500 -0.45010300 0.26459400
v -0.00488200 -0.44424500 0.27045200
v -0.04979400 -0.39542700 0.29974300
v -0.11618700 -0.39737900 0.29193200
v 0.00488200 -0.44424500 0.27045200
v 0.00097600 -0.44424500 0.26849900
v 0.04979400 -0.39542700 0.29974300
v 0.00097600 -0.39347400 0.30169600
v 0.11618700 -0.39347400 0.29388500
v 0.07908500 -0.45010300 0.26459400
v -0.41690600 -0.41495400 0.06346400
v -0.42862300 -0.41495400 0.02636200
v -0.29583800 -0.42667000 0.24311400
v -0.15524200 -0.39737900 0.28216900
v 0.15524200 -0.37199400 0.28802700
v 0.29583800 -0.42667000 0.24311400
v 0.41690600 -0.41495400 0.06346400
v 0.42862300 -0.41495400 0.02636200
v -0.39933200 -0.41690600 0.10447100
v 0.39933200 -0.41690600 0.10447100
v -0.38956800 -0.43448100 -0.21187000
v -0.37394700 -0.43643400 0.17476900
v -0.37394700 -0.43643400 0.18453200
v 0.00097600 -0.42667000 -0.29779000
v 0.37394700 -0.43643400 0.17476900
v 0.37394700 -0.43643400 0.18453200
v 0.38956800 -0.43448100 -0.21187000
v -0.32317600 -0.42081200 0.22554000
v -0.20796500 -0.39737900 0.26654700
v 0.20796500 -0.34075000 0.27826300
v 0.32317600 -0.42081200 0.22554000
v -0.37394700 -0.41300100 0.13962000
v -0.36808800 -0.43252800 0.19039100
v -0.29193200 -0.42667000 0.21187100
v -0.20796500 -0.38175700 0.28802700
v 0.20796500 -0.38175700 0.28802700
v 0.29193200 -0.42667000 0.21187100
v 0.36808800 -0.43252800 0.19039100
v 0.37394700 -0.41300100 0.13962000
v -0.36808800 -0.43057600 0.17086300
v -0.23920900 -0.39737900 0.25483000
v -0.27045200 -0.41495400 0.25678300
v -0.11618700 -0.40519000 0.30560100
v 0.11618700 -0.40519000 0.30560100
v 0.23920900 -0.32317600 0.26459400
v 0.27045200 -0.41495400 0.25678300
v 0.36808800 -0.43057600 0.17086300
v -0.39347400 -0.41300100 -0.21187000
v -0.34075000 -0.39542700 0.17867400
v -0.36027700 -0.42276500 0.19429600
v -0.34856100 -0.39347400 0.20796500
v 0.34856100 -0.39347400 0.20796500
v 0.36027700 -0.42276500 0.19429600
v 0.34075000 -0.39542700 0.17867400
v 0.39347400 -0.41300100 -0.21187000
v -0.27045200 -0.39737900 0.24116100
v -0.14157200 -0.42667000 0.26654700
v 0.14157200 -0.42667000 0.26654700
v 0.27045200 -0.30364900 0.24506700
v -0.36027700 -0.39347400 0.19624900
v -0.26849900 -0.41885900 -0.31341200
v -0.30364900 -0.41885900 -0.29583800
v -0.23139800 -0.41885900 -0.32708100
v -0.19234300 -0.41885900 -0.33684500
v -0.15328900 -0.41885900 -0.34270300
v -0.11618700 -0.41885900 -0.34270300
v -0.07713300 -0.41885900 -0.33489200
v -0.04393600 -0.41690600 -0.32708100
v 0.07713300 -0.41885900 -0.33489200
v 0.04393600 -0.41690600 -0.32708100
v 0.11618700 -0.41885900 -0.34270300
v 0.15328900 -0.41885900 -0.34270300
v 0.19234300 -0.41885900 -0.33684500
v 0.23139800 -0.41885900 -0.32708100
v 0.26849900 -0.41885900 -0.31341200
v 0.30364900 -0.41885900 -0.29583800
v 0.36027700 -0.39347400 0.19624900
v -0.29583800 -0.37785200 0.22749200
v -0.09275400 -0.42862300 0.27435800
v -0.00488200 -0.42081200 0.28412100
v 0.09275400 -0.42862300 0.27435800
v 0.00488200 -0.42081200 0.28412100
v 0.29583800 -0.29583800 0.22944500
v -0.43838600 -0.41495400 -0.05370000
v -0.43643400 -0.39933200 -0.08884900
v -0.33293900 -0.41690600 -0.27435800
v 0.33293900 -0.41690600 -0.27435800
v 0.43838600 -0.41495400 -0.05370000
v 0.43643400 -0.39933200 -0.08884900
v -0.43643400 -0.41690600 -0.02245600
v -0.31145900 -0.40519000 0.20015400
v -0.15524200 -0.40519000 0.29974300
v 0.15524200 -0.40519000 0.29974300
v 0.31145900 -0.40519000 0.20015400
v 0.43643400 -0.41690600 -0.02245600
v -0.32317600 -0.32512800 0.20991800
v -0.23920900 -0.39933200 0.27045200
v 0.00097600 -0.42081200 0.28412100
v 0.23920900 -0.39933200 0.27045200
v 0.32317600 -0.27045200 0.20991800
v -0.36223000 -0.41495400 -0.24897200
v 0.36223000 -0.41495400 -0.24897200
v -0.34856100 -0.28216900 0.18648500
v -0.29583800 -0.39933200 0.24311400
v -0.20601200 -0.39737900 0.25873600
v -0.25092500 -0.39737900 0.23920900
v 0.29583800 -0.39933200 0.24311400
v 0.34856100 -0.28216900 0.18648500
v -0.37394700 -0.40909600 0.17476900
v -0.37394700 -0.40909600 0.18453200
v -0.36027700 -0.28802700 0.16891100
v 0.36027700 -0.28802700 0.16891100
v 0.37394700 -0.40909600 0.17476900
v 0.37394700 -0.40909600 0.18453200
v -0.36808800 -0.40519000 0.19039100
v 0.36808800 -0.40519000 0.19039100
v -0.36808800 -0.40323700 0.17086300
v -0.27045200 -0.38566300 0.25873600
v 0.27045200 -0.38566300 0.25873600
v 0.36808800 -0.40323700 0.17086300
v -0.15524200 -0.39737900 0.27435800
v -0.14547800 -0.40323700 0.29974300
v -0.10447100 -0.39737900 0.28802700
v -0.00488200 -0.39347400 0.29974300
v 0.10447100 -0.39737900 0.28802700
v 0.00488200 -0.39347400 0.29974300
v 0.14547800 -0.40323700 0.29974300
v -0.48915700 -0.42667000 0.03612500
v -0.47939400 -0.42667000 0.03807800
v -0.49111000 -0.42471700 0.04979400
v -0.48134600 -0.42276500 0.02245600
v -0.51259000 -0.41300100 0.04784200
v -0.49306300 -0.42276500 0.02245600
v -0.51454300 -0.41104800 0.03807800
v -0.48134600 -0.42471700 0.05174700
v -0.46767700 -0.41885900 0.03807800
v -0.47158300 -0.41690600 0.02440900
v -0.32317600 -0.38761600 0.22749200
v -0.28216900 -0.38761600 0.22358700
v -0.20796500 -0.34856100 0.29388500
v 0.00097600 -0.39542700 -0.32122300
v 0.15524200 -0.39737900 0.27435800
v 0.20796500 -0.34856100 0.29388500
v 0.19624900 -0.38566300 0.26654700
v 0.25092500 -0.39347400 0.23920900
v 0.32317600 -0.38761600 0.22749200
v 0.47939400 -0.42667000 0.03807800
v 0.48915700 -0.42667000 0.03612500
v 0.49111000 -0.42471700 0.04979400
v 0.48134600 -0.42276500 0.02245600
v 0.48134600 -0.42471700 0.05174700
v 0.46767700 -0.41885900 0.03807800
v 0.47158300 -0.41690600 0.02440900
v 0.51259000 -0.41300100 0.04784200
v 0.49306300 -0.42276500 0.02245600
v 0.51454300 -0.41104800 0.03807800
v -0.48915700 -0.41885900 0.05955800
v -0.51063700 -0.41495400 0.05565300
v -0.46963000 -0.41690600 0.05174700
v 0.48915700 -0.41885900 0.05955800
v 0.46963000 -0.41690600 0.05174700
v 0.51063700 -0.41495400 0.05565300
v -0.48915700 -0.41495400 0.01464500
v -0.50282600 -0.40714300 0.02050400
v -0.47939400 -0.42276500 0.09080200
v -0.46767700 -0.42276500 0.09275400
v -0.48134600 -0.42081200 0.10251800
v -0.47158300 -0.41885900 0.07908500
v -0.49111000 -0.41495400 0.10056500
v -0.47939400 -0.41885900 0.07908500
v -0.49501500 -0.41300100 0.08884900
v -0.46963000 -0.42081200 0.10642300
v -0.45596100 -0.41300100 0.09080200
v -0.45986600 -0.41104800 0.07713300
v -0.36808800 -0.38175700 0.19039100
v -0.36027700 -0.36223000 0.19429600
v 0.36027700 -0.36223000 0.19429600
v 0.36808800 -0.38175700 0.19039100
v 0.46767700 -0.42276500 0.09275400
v 0.47939400 -0.42276500 0.09080200
v 0.48134600 -0.42081200 0.10251800
v 0.47158300 -0.41885900 0.07908500
v 0.46963000 -0.42081200 0.10642300
v 0.45596100 -0.41300100 0.09080200
v 0.45986600 -0.41104800 0.07713300
v 0.49111000 -0.41495400 0.10056500
v 0.47939400 -0.41885900 0.07908500
v 0.49501500 -0.41300100 0.08884900
v 0.48915700 -0.41495400 0.01464500
v 0.50282600 -0.40714300 0.02050400
v -0.47744100 -0.41300100 0.11423400
v -0.45791400 -0.41104800 0.10642300
v -0.34856100 -0.35832500 0.20991800
v 0.00097600 -0.39347400 0.29974300
v 0.34856100 -0.35832500 0.20991800
v 0.47744100 -0.41300100 0.11423400
v 0.45791400 -0.41104800 0.10642300
v -0.53211700 -0.41885900 0.01659800
v -0.53211700 -0.41690600 0.00488200
v -0.52235400 -0.41885900 0.01269300
v -0.52625900 -0.41690600 0.02440900
v -0.53797500 -0.41495400 0.01464500
v -0.53602300 -0.41300100 0.02245600
v -0.52235400 -0.41690600 -0.00097600
v -0.49892100 -0.41690600 0.00878700
v -0.48134600 -0.40909600 0.06346400
v -0.50282600 -0.41104800 0.06736900
v -0.47939400 -0.41300100 0.07127400
v -0.49696800 -0.40519000 0.07713300
v -0.46377200 -0.40519000 0.02636200
v -0.46181900 -0.40519000 0.03807800
v -0.26068900 -0.38761600 -0.32512800
v -0.29583800 -0.38761600 -0.30560100
v -0.22358700 -0.38761600 -0.34075000
v -0.18453200 -0.38761600 -0.35051400
v -0.14547800 -0.38761600 -0.35637200
v -0.10837600 -0.38761600 -0.35637200
v -0.07127400 -0.38761600 -0.35051400
v -0.04198400 -0.38566300 -0.34270300
v 0.07127400 -0.38761600 -0.35051400
v 0.04198400 -0.38566300 -0.34270300
v 0.10837600 -0.38761600 -0.35637200
v 0.14547800 -0.38761600 -0.35637200
v 0.18453200 -0.38761600 -0.35051400
v 0.22358700 -0.38761600 -0.34075000
v 0.26068900 -0.38761600 -0.32512800
v 0.29583800 -0.38761600 -0.30560100
v 0.46181900 -0.40519000 0.03807800
v 0.46377200 -0.40519000 0.02636200
v 0.47939400 -0.41300100 0.07127400
v 0.49696800 -0.40519000 0.07713300
v 0.48134600 -0.40909600 0.06346400
v 0.50282600 -0.41104800 0.06736900
v 0.52235400 -0.41885900 0.01269300
v 0.53211700 -0.41885900 0.01659800
v 0.52625900 -0.41690600 0.02440900
v 0.53211700 -0.41690600 0.00488200
v 0.49892100 -0.41690600 0.00878700
v 0.52235400 -0.41690600 -0.00097600
v 0.53602300 -0.41300100 0.02245600
v 0.53797500 -0.41495400 0.01464500
v -0.53211700 -0.40714300 -0.00683500
v -0.54383400 -0.40909600 0.01269300
v -0.53602300 -0.40909600 0.03026700
v -0.49892100 -0.41690600 -0.00878700
v -0.51844800 -0.41690600 0.05955800
v -0.52040100 -0.41495400 0.04784200
v -0.52625900 -0.41300100 0.05760500
v -0.51063700 -0.41300100 0.06736900
v -0.52040100 -0.41300100 0.06736900
v -0.48720500 -0.41690600 0.00488200
v -0.48720500 -0.41690600 -0.01074000
v -0.49501500 -0.40909600 -0.02245600
v -0.50868400 -0.40909600 -0.02050400
v -0.49306300 -0.41690600 0.10837600
v -0.49696800 -0.41495400 0.09470700
v -0.49892100 -0.41300100 0.10251800
v -0.49892100 -0.40128500 0.12009200
v -0.47744100 -0.41104800 0.00292900
v -0.47744100 -0.40909600 -0.00878700
v -0.48329900 -0.40323700 -0.01855100
v -0.48329900 -0.40714300 0.01269300
v -0.47548800 -0.40519000 0.01659800
v -0.46377200 -0.40519000 0.05174700
v -0.44033900 -0.38371000 -0.03417300
v -0.43838600 -0.38371000 -0.02440900
v -0.43448100 -0.35832500 -0.11423400
v -0.39933200 -0.36613600 0.09861300
v -0.37199400 -0.36418300 0.13962000
v -0.32903400 -0.38761600 -0.28412100
v 0.00097600 -0.41690600 0.32708100
v -0.04979400 -0.41495400 0.32708100
v 0.00097600 -0.40323700 0.33293900
v 0.04979400 -0.41495400 0.32708100
v 0.32903400 -0.38761600 -0.28412100
v 0.39933200 -0.36613600 0.09861300
v 0.37199400 -0.36418300 0.13962000
v 0.43448100 -0.35832500 -0.11423400
v 0.43838600 -0.38371000 -0.02440900
v 0.44033900 -0.38371000 -0.03417300
v 0.46377200 -0.40519000 0.05174700
v 0.47548800 -0.40519000 0.01659800
v 0.48720500 -0.41690600 -0.01074000
v 0.49892100 -0.41690600 -0.00878700
v 0.48720500 -0.41690600 0.00488200
v 0.47744100 -0.41104800 0.00292900
v 0.49501500 -0.40909600 -0.02245600
v 0.47744100 -0.40909600 -0.00878700
v 0.48329900 -0.40323700 -0.01855100
v 0.48329900 -0.40714300 0.01269300
v 0.49306300 -0.41690600 0.10837600
v 0.49696800 -0.41495400 0.09470700
v 0.49892100 -0.41300100 0.10251800
v 0.49892100 -0.40128500 0.12009200
v 0.53211700 -0.40714300 -0.00683500
v 0.50868400 -0.40909600 -0.02050400
v 0.51844800 -0.41690600 0.05955800
v 0.52040100 -0.41495400 0.04784200
v 0.51063700 -0.41300100 0.06736900
v 0.52625900 -0.41300100 0.05760500
v 0.52040100 -0.41300100 0.06736900
v 0.53602300 -0.40909600 0.03026700
v 0.54383400 -0.40909600 0.01269300
v -0.53016400 -0.40714300 0.05565300
v -0.52821200 -0.40128500 0.04003100
v -0.50673200 -0.40128500 0.09275400
v -0.48720500 -0.39542700 0.02245600
v -0.44033900 -0.35832500 -0.06932200
v -0.41690600 -0.36418300 0.06151100
v -0.43057600 -0.36027700 0.02440900
v -0.36027700 -0.38761600 -0.25483000
v -0.29583800 -0.37004100 0.24506700
v -0.23920900 -0.36613600 0.27435800
v -0.05174700 -0.40128500 0.31927000
v -0.05174700 -0.40323700 0.33098700
v 0.05174700 -0.40128500 0.31927000
v 0.05174700 -0.40323700 0.33098700
v 0.23920900 -0.36613600 0.27435800
v 0.29583800 -0.37004100 0.24506700
v 0.36027700 -0.38761600 -0.25483000
v 0.41690600 -0.36418300 0.06151100
v 0.43057600 -0.36027700 0.02440900
v 0.44033900 -0.35832500 -0.06932200
v 0.48720500 -0.39542700 0.02245600
v 0.50673200 -0.40128500 0.09275400
v 0.53016400 -0.40714300 0.05565300
v 0.52821200 -0.40128500 0.04003100
v -0.52040100 -0.40714300 0.07322700
v -0.51063700 -0.39737900 0.10837600
v -0.46963000 -0.40128500 0.06932200
v -0.48134600 -0.39347400 0.07322700
v -0.46572500 -0.40323700 0.11423400
v -0.48915700 -0.39542700 0.12595100
v -0.45596100 -0.39737900 0.07908500
v -0.45205500 -0.39933200 0.09080200
v -0.40714300 -0.38761600 -0.18843800
v -0.38371000 -0.38761600 -0.22554000
v -0.11618700 -0.39737900 0.30950700
v 0.11618700 -0.39737900 0.30950700
v 0.40714300 -0.38761600 -0.18843800
v 0.38371000 -0.38761600 -0.22554000
v 0.45205500 -0.39933200 0.09080200
v 0.45596100 -0.39737900 0.07908500
v 0.46572500 -0.40323700 0.11423400
v 0.48915700 -0.39542700 0.12595100
v 0.46963000 -0.40128500 0.06932200
v 0.48134600 -0.39347400 0.07322700
v 0.51063700 -0.39737900 0.10837600
v 0.52040100 -0.40714300 0.07322700
v -0.49501500 -0.39933200 0.06932200
v -0.51259000 -0.39737900 0.07908500
v -0.47548800 -0.40128500 0.00292900
v -0.45400800 -0.39933200 0.10447100
v -0.42471700 -0.35832500 -0.14547800
v 0.42471700 -0.35832500 -0.14547800
v 0.45400800 -0.39933200 0.10447100
v 0.47548800 -0.40128500 0.00292900
v 0.49501500 -0.39933200 0.06932200
v 0.51259000 -0.39737900 0.07908500
v -0.55164400 -0.39737900 0.03612500
v -0.55164400 -0.39933200 -0.00097600
v -0.56140800 -0.39542700 0.02440900
v -0.50868400 -0.39933200 -0.02245600
v -0.50673200 -0.40909600 -0.04003100
v -0.51844800 -0.40714300 -0.03612500
v -0.51454300 -0.40519000 -0.05370000
v -0.50282600 -0.39933200 -0.05370000
v -0.49696800 -0.40128500 -0.04198400
v -0.49892100 -0.39933200 -0.02831400
v -0.49306300 -0.39542700 -0.02050400
v -0.47353500 -0.39737900 0.05955800
v -0.47939400 -0.39542700 -0.01269300
v -0.37394700 -0.38371000 0.17476900
v -0.37394700 -0.38371000 0.18453200
v 0.37394700 -0.38371000 0.17476900
v 0.37394700 -0.38371000 0.18453200
v 0.47939400 -0.39542700 -0.01269300
v 0.47353500 -0.39737900 0.05955800
v 0.50868400 -0.39933200 -0.02245600
v 0.49306300 -0.39542700 -0.02050400
v 0.50673200 -0.40909600 -0.04003100
v 0.51454300 -0.40519000 -0.05370000
v 0.51844800 -0.40714300 -0.03612500
v 0.50282600 -0.39933200 -0.05370000
v 0.49892100 -0.39933200 -0.02831400
v 0.49696800 -0.40128500 -0.04198400
v 0.55164400 -0.39737900 0.03612500
v 0.55164400 -0.39933200 -0.00097600
v 0.56140800 -0.39542700 0.02440900
v -0.53797500 -0.39347400 -0.01269300
v -0.53211700 -0.39737900 0.07908500
v -0.53797500 -0.40128500 0.06541600
v -0.52625900 -0.40323700 -0.04979400
v -0.53211700 -0.40323700 -0.02831400
v -0.48915700 -0.39737900 0.01464500
v -0.49892100 -0.38956800 0.02050400
v -0.50868400 -0.38956800 0.03026700
v 0.48915700 -0.39737900 0.01464500
v 0.49892100 -0.38956800 0.02050400
v 0.50868400 -0.38956800 0.03026700
v 0.52625900 -0.40323700 -0.04979400
v 0.53211700 -0.40323700 -0.02831400
v 0.53211700 -0.39737900 0.07908500
v 0.53797500 -0.40128500 0.06541600
v 0.53797500 -0.39347400 -0.01269300
v -0.53016400 -0.39347400 -0.05565300
v -0.51454300 -0.39152100 -0.05955800
v -0.51454300 -0.38175700 0.09275400
v -0.50087400 -0.37980500 0.08299100
v -0.46963000 -0.39542700 0.02636200
v -0.46767700 -0.39347400 0.04003100
v -0.29583800 -0.37199400 0.21577600
v -0.15524200 -0.39542700 0.29974300
v -0.16695800 -0.38761600 0.29974300
v -0.17672100 -0.37589900 0.29974300
v -0.14547800 -0.39737900 0.30364900
v 0.14547800 -0.39737900 0.30364900
v 0.15524200 -0.39542700 0.29974300
v 0.16695800 -0.38761600 0.29974300
v 0.17672100 -0.37589900 0.29974300
v 0.29974300 -0.36223000 0.21187100
v 0.26068900 -0.36613600 0.23725600
v 0.46963000 -0.39542700 0.02636200
v 0.46767700 -0.39347400 0.04003100
v 0.51454300 -0.38175700 0.09275400
v 0.50087400 -0.37980500 0.08299100
v 0.53016400 -0.39347400 -0.05565300
v 0.51454300 -0.39152100 -0.05955800
v -0.54188100 -0.39933200 -0.04393600
v -0.54578600 -0.40128500 -0.02440900
v -0.47744100 -0.38956800 0.12399800
v -0.36808800 -0.37589900 0.17086300
v 0.00097600 -0.39542700 0.33293900
v -0.11618700 -0.39933200 0.32122300
v -0.11618700 -0.38956800 0.32317600
v -0.05174700 -0.39347400 0.33293900
v 0.11618700 -0.39933200 0.32122300
v 0.11618700 -0.38956800 0.32317600
v 0.05174700 -0.39347400 0.33293900
v 0.36808800 -0.37589900 0.17086300
v 0.47744100 -0.38956800 0.12399800
v 0.54188100 -0.39933200 -0.04393600
v 0.54578600 -0.40128500 -0.02440900
v -0.54969200 -0.39933200 -0.03807800
v -0.55359700 -0.39737900 -0.02831400
v -0.55359700 -0.39542700 -0.01855100
v -0.54188100 -0.39737900 0.05370000
v -0.55359700 -0.37980500 0.06932200
v -0.54773900 -0.38371000 0.08103800
v -0.55750300 -0.37980500 0.04393600
v -0.55164400 -0.37589900 0.05370000
v -0.51844800 -0.38175700 0.10251800
v -0.51649500 -0.38371000 0.12009200
v -0.50673200 -0.38175700 0.12985600
v -0.49696800 -0.38761600 -0.04979400
v -0.49306300 -0.38956800 -0.03612500
v -0.48329900 -0.39152100 0.00292900
v -0.45986600 -0.38956800 0.07908500
v 0.45986600 -0.38956800 0.07908500
v 0.48329900 -0.39152100 0.00292900
v 0.49306300 -0.38956800 -0.03612500
v 0.49696800 -0.38761600 -0.04979400
v 0.51649500 -0.38371000 0.12009200
v 0.50673200 -0.38175700 0.12985600
v 0.51844800 -0.38175700 0.10251800
v 0.54188100 -0.39737900 0.05370000
v 0.55164400 -0.37589900 0.05370000
v 0.55750300 -0.37980500 0.04393600
v 0.54773900 -0.38371000 0.08103800
v 0.55359700 -0.37980500 0.06932200
v 0.54969200 -0.39933200 -0.03807800
v 0.55359700 -0.39737900 -0.02831400
v 0.55359700 -0.39542700 -0.01855100
v -0.57117200 -0.38175700 0.01269300
v -0.55945500 -0.37785200 -0.00292900
v -0.55750300 -0.39152100 -0.03807800
v -0.55164400 -0.38371000 -0.04784200
v -0.49892100 -0.38761600 -0.02636200
v -0.52040100 -0.38175700 -0.01074000
v -0.50673200 -0.38371000 0.08103800
v -0.48915700 -0.38956800 0.06346400
v -0.45596100 -0.38566300 0.09275400
v -0.46572500 -0.38175700 0.11228200
v -0.32317600 -0.35637200 0.22749200
v -0.27045200 -0.35441900 0.26068900
v -0.14547800 -0.39737900 0.31341200
v -0.14547800 -0.38761600 0.31536500
v 0.14547800 -0.39737900 0.31341200
v 0.14547800 -0.38761600 0.31536500
v 0.27045200 -0.35441900 0.26068900
v 0.32317600 -0.35637200 0.22749200
v 0.45596100 -0.38566300 0.09275400
v 0.46572500 -0.38175700 0.11228200
v 0.48915700 -0.38956800 0.06346400
v 0.50673200 -0.38371000 0.08103800
v 0.49892100 -0.38761600 -0.02636200
v 0.52040100 -0.38175700 -0.01074000
v 0.55750300 -0.39152100 -0.03807800
v 0.55164400 -0.38371000 -0.04784200
v 0.57117200 -0.38175700 0.01269300
v 0.55945500 -0.37785200 -0.00292900
v -0.55945500 -0.39152100 -0.02636200
v -0.56921900 -0.38175700 0.03807800
v -0.53797500 -0.37980500 0.09080200
v -0.52430600 -0.37589900 0.09080200
v -0.15524200 -0.39542700 0.31145900
v 0.12009200 -0.37589900 0.28997900
v 0.08299100 -0.39152100 0.29388500
v 0.10837600 -0.38371000 0.28997900
v 0.15524200 -0.39542700 0.31145900
v 0.14938300 -0.36808800 0.28607400
v 0.53797500 -0.37980500 0.09080200
v 0.52430600 -0.37589900 0.09080200
v 0.56921900 -0.38175700 0.03807800
v 0.55945500 -0.39152100 -0.02636200
v -0.57703000 -0.37785200 0.02636200
v -0.57117200 -0.38175700 -0.02440900
v -0.49306300 -0.38566300 -0.00878700
v -0.49696800 -0.37394700 0.13571400
v -0.48329900 -0.38566300 0.03222000
v -0.31145900 -0.32708100 0.20406000
v -0.34075000 -0.32903400 0.17476900
v -0.16695800 -0.38761600 0.30950700
v -0.15524200 -0.38371000 0.31145900
v 0.00097600 -0.35832500 -0.33684500
v 0.00097600 -0.38371000 0.33879800
v 0.15524200 -0.38371000 0.31145900
v 0.16695800 -0.38761600 0.30950700
v 0.34075000 -0.32903400 0.17476900
v 0.31145900 -0.32708100 0.20406000
v 0.48329900 -0.38566300 0.03222000
v 0.49306300 -0.38566300 -0.00878700
v 0.49696800 -0.37394700 0.13571400
v 0.57117200 -0.38175700 -0.02440900
v 0.57703000 -0.37785200 0.02636200
v -0.52625900 -0.37980500 -0.05565300
v -0.47158300 -0.37980500 0.08299100
v -0.48915700 -0.38175700 0.04393600
v -0.36808800 -0.35637200 0.19039100
v -0.36027700 -0.32708100 0.19234300
v -0.11618700 -0.38566300 0.31536500
v -0.06932200 -0.38371000 0.32903400
v -0.05174700 -0.38175700 0.33684500
v 0.11618700 -0.38566300 0.31536500
v 0.06932200 -0.38371000 0.32903400
v 0.05174700 -0.38175700 0.33684500
v 0.20796500 -0.34075000 0.27045200
v 0.36027700 -0.32708100 0.19234300
v 0.36808800 -0.35637200 0.19039100
v 0.48915700 -0.38175700 0.04393600
v 0.47158300 -0.37980500 0.08299100
v 0.52625900 -0.37980500 -0.05565300
v -0.57507700 -0.36223000 -0.03807800
v -0.51063700 -0.37980500 -0.05370000
v -0.49892100 -0.38175700 0.00878700
v 0.49892100 -0.38175700 0.00878700
v 0.51063700 -0.37980500 -0.05370000
v 0.57507700 -0.36223000 -0.03807800
v -0.50868400 -0.37785200 0.02050400
v -0.50087400 -0.37589900 0.04979400
v -0.52625900 -0.36613600 0.03222000
v -0.51649500 -0.36613600 0.05174700
v -0.53407000 -0.37199400 0.04588900
v -0.50087400 -0.37785200 -0.03417300
v -0.50477900 -0.37199400 0.07518000
v -0.48525200 -0.36613600 0.13180900
v -0.14547800 -0.38371000 0.30950700
v 0.14547800 -0.38371000 0.30950700
v 0.48525200 -0.36613600 0.13180900
v 0.50477900 -0.37199400 0.07518000
v 0.50087400 -0.37589900 0.04979400
v 0.50087400 -0.37785200 -0.03417300
v 0.50868400 -0.37785200 0.02050400
v 0.52625900 -0.36613600 0.03222000
v 0.51649500 -0.36613600 0.05174700
v 0.53407000 -0.37199400 0.04588900
v -0.50868400 -0.37394700 -0.04393600
v -0.38566300 -0.36027700 -0.22358700
v -0.40714300 -0.36027700 -0.18648500
v -0.35832500 -0.36027700 -0.25483000
v -0.32512800 -0.35832500 -0.28607400
v -0.28997900 -0.35832500 -0.31145900
v -0.34856100 -0.32708100 0.20796500
v -0.25483000 -0.35832500 -0.33098700
v -0.21772900 -0.35832500 -0.34660800
v -0.17867400 -0.35832500 -0.35832500
v -0.14157200 -0.35832500 -0.36418300
v -0.16695800 -0.37199400 0.31341200
v -0.17672100 -0.37589900 0.30950700
v -0.10447100 -0.35832500 -0.36418300
v -0.06736900 -0.35832500 -0.35832500
v 0.06736900 -0.35832500 -0.35832500
v 0.10447100 -0.35832500 -0.36418300
v 0.14157200 -0.35832500 -0.36418300
v 0.16695800 -0.37199400 0.31341200
v 0.17672100 -0.37589900 0.30950700
v 0.17867400 -0.35832500 -0.35832500
v 0.21772900 -0.35832500 -0.34660800
v 0.25483000 -0.35832500 -0.33098700
v 0.28997900 -0.35832500 -0.31145900
v 0.34856100 -0.32708100 0.20796500
v 0.32512800 -0.35832500 -0.28607400
v 0.35832500 -0.36027700 -0.25483000
v 0.38566300 -0.36027700 -0.22358700
v 0.40714300 -0.36027700 -0.18648500
v 0.50868400 -0.37394700 -0.04393600
v -0.50673200 -0.37589900 -0.00097600
v -0.46767700 -0.37199400 0.09861300
v -0.29583800 -0.34075000 0.24702000
v -0.16305200 -0.37199400 0.31145900
v -0.11618700 -0.36613600 0.32708100
v 0.11618700 -0.36613600 0.32708100
v 0.16305200 -0.37199400 0.31145900
v 0.16500500 -0.36027700 0.28216900
v 0.29583800 -0.34075000 0.24702000
v 0.46767700 -0.37199400 0.09861300
v 0.50673200 -0.37589900 -0.00097600
v -0.54188100 -0.37004100 -0.04784200
v -0.56140800 -0.35441900 -0.04198400
v -0.55945500 -0.36418300 0.08299100
v -0.54969200 -0.36613600 0.09275400
v -0.52625900 -0.36418300 0.11814000
v -0.51844800 -0.35637200 0.13180900
v -0.51454300 -0.36613600 0.08689600
v -0.44229200 -0.34856100 -0.03417300
v -0.44033900 -0.35051400 -0.02636200
v -0.37394700 -0.35832500 0.17476900
v -0.37394700 -0.35832500 0.18453200
v -0.07713300 -0.36418300 0.33879800
v 0.00097600 -0.36613600 0.34465600
v 0.07713300 -0.36418300 0.33879800
v 0.37394700 -0.35832500 0.17476900
v 0.37394700 -0.35832500 0.18453200
v 0.44229200 -0.34856100 -0.03417300
v 0.44033900 -0.35051400 -0.02636200
v 0.51454300 -0.36613600 0.08689600
v 0.51844800 -0.35637200 0.13180900
v 0.52625900 -0.36418300 0.11814000
v 0.54969200 -0.36613600 0.09275400
v 0.55945500 -0.36418300 0.08299100
v 0.54188100 -0.37004100 -0.04784200
v 0.56140800 -0.35441900 -0.04198400
v -0.58288800 -0.36613600 -0.00878700
v -0.58484100 -0.36418300 -0.02440900
v -0.58288800 -0.36223000 0.01855100
v -0.57898300 -0.36223000 0.04393600
v -0.52430600 -0.36613600 -0.02440900
v -0.52235400 -0.36808800 0.00878700
v -0.53992800 -0.36808800 0.00097600
v -0.52040100 -0.36027700 0.09470700
v -0.52625900 -0.36223000 0.10251800
v -0.50868400 -0.36223000 0.08689600
v -0.47548800 -0.36223000 0.12009200
v -0.23920900 -0.33293900 0.28021600
v -0.05174700 -0.36418300 0.34465600
v 0.05174700 -0.36418300 0.34465600
v 0.23920900 -0.33293900 0.28021600
v 0.47548800 -0.36223000 0.12009200
v 0.52040100 -0.36027700 0.09470700
v 0.50868400 -0.36223000 0.08689600
v 0.52625900 -0.36223000 0.10251800
v 0.52430600 -0.36613600 -0.02440900
v 0.52235400 -0.36808800 0.00878700
v 0.53992800 -0.36808800 0.00097600
v 0.57898300 -0.36223000 0.04393600
v 0.58288800 -0.36613600 -0.00878700
v 0.58484100 -0.36418300 -0.02440900
v 0.58288800 -0.36223000 0.01855100
v -0.56531300 -0.36027700 0.05174700
v -0.56140800 -0.36027700 0.07127400
v -0.54188100 -0.34660800 0.10056500
v -0.48525200 -0.36808800 0.08884900
v 0.48525200 -0.36808800 0.08884900
v 0.54188100 -0.34660800 0.10056500
v 0.56140800 -0.36027700 0.07127400
v 0.56531300 -0.36027700 0.05174700
v -0.58484100 -0.36027700 0.03222000
v -0.57703000 -0.36027700 0.00488200
v 0.57703000 -0.36027700 0.00488200
v 0.58484100 -0.36027700 0.03222000
v -0.56336100 -0.34660800 0.05955800
v -0.52430600 -0.34856100 0.09666000
v -0.50868400 -0.36418300 0.06151100
v -0.36808800 -0.35051400 0.16891100
v -0.18453200 -0.36418300 0.29974300
v -0.18453200 -0.36418300 0.30950700
v 0.18453200 -0.36418300 0.29974300
v 0.18453200 -0.36418300 0.30950700
v 0.36808800 -0.35051400 0.16891100
v 0.50868400 -0.36418300 0.06151100
v 0.52430600 -0.34856100 0.09666000
v 0.56336100 -0.34660800 0.05955800
v -0.53016400 -0.36223000 -0.03807800
v -0.48915700 -0.32512800 0.13376200
v -0.50868400 -0.32708100 0.13766700
v 0.48915700 -0.32512800 0.13376200
v 0.50868400 -0.32708100 0.13766700
v 0.53016400 -0.36223000 -0.03807800
v -0.53211700 -0.34660800 0.04588900
v -0.52040100 -0.34075000 0.05174700
v -0.50868400 -0.34660800 0.07908500
v -0.47548800 -0.36223000 0.10251800
v -0.16695800 -0.35832500 0.31536500
v -0.17281600 -0.36027700 0.31536500
v 0.16695800 -0.35832500 0.31536500
v 0.17281600 -0.36027700 0.31536500
v 0.47548800 -0.36223000 0.10251800
v 0.50868400 -0.34660800 0.07908500
v 0.52040100 -0.34075000 0.05174700
v 0.53211700 -0.34660800 0.04588900
v -0.54383400 -0.35246700 -0.03612500
v -0.32317600 -0.32708100 0.22944500
v 0.32317600 -0.32708100 0.22944500
v 0.54383400 -0.35246700 -0.03612500
v -0.53016400 -0.36027700 0.01269300
v -0.53407000 -0.35637200 -0.01855100
v -0.54578600 -0.36223000 0.00488200
v -0.48915700 -0.35832500 0.09275400
v 0.48915700 -0.35832500 0.09275400
v 0.53016400 -0.36027700 0.01269300
v 0.53407000 -0.35637200 -0.01855100
v 0.54578600 -0.36223000 0.00488200
v -0.58484100 -0.36027700 -0.01269300
v -0.58288800 -0.35832500 -0.00683500
v -0.55555000 -0.34856100 0.09275400
v -0.53016400 -0.34465600 0.03417300
v -0.51063700 -0.34075000 0.06346400
v -0.51454300 -0.34465600 0.08884900
v -0.27045200 -0.31927000 0.26264100
v -0.11618700 -0.34465600 0.33489200
v 0.00097600 -0.34660800 0.35051400
v 0.11618700 -0.34465600 0.33489200
v 0.27045200 -0.31927000 0.26264100
v 0.27045200 -0.30364900 0.23725600
v 0.23920900 -0.32317600 0.25483000
v 0.37394700 -0.30560100 0.13571400
v 0.39933200 -0.31536500 0.09470700
v 0.51454300 -0.34465600 0.08884900
v 0.51063700 -0.34075000 0.06346400
v 0.53016400 -0.34465600 0.03417300
v 0.55555000 -0.34856100 0.09275400
v 0.58484100 -0.36027700 -0.01269300
v 0.58288800 -0.35832500 -0.00683500
v -0.58679300 -0.34660800 -0.02831400
v -0.56336100 -0.34660800 0.08494300
v -0.53407000 -0.34465600 0.10251800
v -0.53407000 -0.33879800 0.11814000
v -0.39933200 -0.31536500 0.09470700
v -0.43838600 -0.33489200 0.01659800
v -0.42081200 -0.33489200 0.05760500
v -0.37394700 -0.30560100 0.13571400
v -0.18843800 -0.35051400 0.30169600
v -0.18843800 -0.35051400 0.31145900
v -0.07127400 -0.34075000 0.34660800
v 0.07127400 -0.34075000 0.34660800
v 0.18843800 -0.35051400 0.30169600
v 0.18843800 -0.35051400 0.31145900
v 0.43838600 -0.33489200 0.01659800
v 0.42081200 -0.33489200 0.05760500
v 0.53407000 -0.34465600 0.10251800
v 0.53407000 -0.33879800 0.11814000
v 0.56336100 -0.34660800 0.08494300
v 0.58679300 -0.34660800 -0.02831400
v -0.58679300 -0.35246700 0.03026700
v -0.58288800 -0.35246700 0.01269300
v -0.57703000 -0.34856100 0.04784200
v -0.58093500 -0.33098700 -0.03612500
v -0.53602300 -0.34075000 0.01269300
v -0.53992800 -0.34075000 -0.00878700
v -0.54578600 -0.34465600 0.00488200
v -0.50282600 -0.34075000 0.08689600
v -0.47744100 -0.32903400 0.12009200
v -0.47939400 -0.32903400 0.10251800
v -0.36808800 -0.32708100 0.18843800
v 0.36808800 -0.32708100 0.18843800
v 0.47744100 -0.32903400 0.12009200
v 0.47939400 -0.32903400 0.10251800
v 0.50282600 -0.34075000 0.08689600
v 0.53602300 -0.34075000 0.01269300
v 0.53992800 -0.34075000 -0.00878700
v 0.54578600 -0.34465600 0.00488200
v 0.58093500 -0.33098700 -0.03612500
v 0.57703000 -0.34856100 0.04784200
v 0.58679300 -0.35246700 0.03026700
v 0.58288800 -0.35246700 0.01269300
v -0.58484100 -0.35051400 -0.01269300
v -0.57898300 -0.35246700 0.00292900
v -0.56726600 -0.33098700 0.07713300
v -0.38566300 -0.33293900 -0.21772900
v -0.40909600 -0.33293900 -0.18062700
v -0.35832500 -0.33098700 -0.25092500
v -0.32512800 -0.33098700 -0.28412100
v -0.17086300 -0.34270300 0.31731800
v -0.17672100 -0.34465600 0.31731800
v 0.17086300 -0.34270300 0.31731800
v 0.17672100 -0.34465600 0.31731800
v 0.35832500 -0.33098700 -0.25092500
v 0.32512800 -0.33098700 -0.28412100
v 0.38566300 -0.33293900 -0.21772900
v 0.40909600 -0.33293900 -0.18062700
v 0.56726600 -0.33098700 0.07713300
v 0.57898300 -0.35246700 0.00292900
v 0.58484100 -0.35051400 -0.01269300
v -0.48915700 -0.33489200 0.09080200
v -0.44033900 -0.33098700 -0.10056500
v -0.44619700 -0.32903400 -0.05565300
v -0.42862300 -0.33098700 -0.13962000
v -0.37394700 -0.32903400 0.17281600
v -0.37394700 -0.32903400 0.18258000
v -0.36027700 -0.29193200 0.18843800
v -0.28607400 -0.32903400 -0.31341200
v -0.25092500 -0.32903400 -0.33489200
v -0.21382300 -0.32903400 -0.35051400
v -0.17476900 -0.32903400 -0.36223000
v -0.13766700 -0.32903400 -0.36808800
v -0.10056500 -0.32903400 -0.36808800
v -0.06541600 -0.32903400 -0.36418300
v 0.00097600 -0.32903400 -0.34660800
v 0.06541600 -0.32903400 -0.36418300
v 0.10056500 -0.32903400 -0.36808800
v 0.13766700 -0.32903400 -0.36808800
v 0.17476900 -0.32903400 -0.36223000
v 0.21382300 -0.32903400 -0.35051400
v 0.25092500 -0.32903400 -0.33489200
v 0.28607400 -0.32903400 -0.31341200
v 0.36027700 -0.29193200 0.18843800
v 0.37394700 -0.32903400 0.17281600
v 0.37394700 -0.32903400 0.18258000
v 0.44033900 -0.33098700 -0.10056500
v 0.42862300 -0.33098700 -0.13962000
v 0.44619700 -0.32903400 -0.05565300
v 0.48915700 -0.33489200 0.09080200
v -0.52821200 -0.32512800 0.12985600
v -0.44033900 -0.35637200 0.13571400
v -0.42862300 -0.35637200 0.13766700
v -0.44815000 -0.35441900 0.15328900
v -0.42667000 -0.35441900 0.12595100
v -0.45596100 -0.35051400 0.13180900
v -0.44229200 -0.35441900 0.12204500
v -0.43057600 -0.35441900 0.15524200
v -0.41690600 -0.35051400 0.13962000
v -0.34856100 -0.29388500 0.20601200
v 0.34856100 -0.29388500 0.20601200
v 0.42862300 -0.35637200 0.13766700
v 0.42667000 -0.35441900 0.12595100
v 0.44033900 -0.35637200 0.13571400
v 0.44815000 -0.35441900 0.15328900
v 0.41690600 -0.35051400 0.13962000
v 0.43057600 -0.35441900 0.15524200
v 0.44229200 -0.35441900 0.12204500
v 0.45596100 -0.35051400 0.13180900
v 0.52821200 -0.32512800 0.12985600
v -0.54969200 -0.33489200 -0.03417300
v -0.56531300 -0.33293900 -0.04198400
v -0.43643400 -0.34856100 0.16500500
v -0.46181900 -0.34660800 0.14743100
v -0.44815000 -0.34660800 0.16305200
v -0.44229200 -0.34075000 0.11032900
v -0.45986600 -0.33684500 0.12009200
v -0.42081200 -0.34856100 0.15719400
v -0.42471700 -0.34075000 0.11423400
v -0.29583800 -0.30755400 0.24702000
v 0.29583800 -0.30755400 0.24702000
v 0.44229200 -0.34075000 0.11032900
v 0.42471700 -0.34075000 0.11423400
v 0.43643400 -0.34856100 0.16500500
v 0.42081200 -0.34856100 0.15719400
v 0.45986600 -0.33684500 0.12009200
v 0.46181900 -0.34660800 0.14743100
v 0.44815000 -0.34660800 0.16305200
v 0.54969200 -0.33489200 -0.03417300
v 0.56531300 -0.33293900 -0.04198400
v -0.59460400 -0.32708100 0.03222000
v -0.58679300 -0.34270300 0.00878700
v -0.59265200 -0.32708100 0.01659800
v 0.58679300 -0.34270300 0.00878700
v 0.59460400 -0.32708100 0.03222000
v 0.59265200 -0.32708100 0.01659800
v -0.59460400 -0.34075000 -0.00683500
v -0.46572500 -0.33098700 0.13766700
v -0.44619700 -0.32903400 -0.02636200
v -0.41495400 -0.33684500 0.12985600
v -0.36808800 -0.32122300 0.16695800
v -0.18843800 -0.32708100 0.30560100
v -0.23920900 -0.30169600 0.28412100
v -0.18843800 -0.32708100 0.31731800
v 0.18843800 -0.32708100 0.30560100
v 0.23920900 -0.30169600 0.28412100
v 0.18843800 -0.32708100 0.31731800
v 0.36808800 -0.32122300 0.16695800
v 0.41495400 -0.33684500 0.12985600
v 0.44619700 -0.32903400 -0.02636200
v 0.46572500 -0.33098700 0.13766700
v 0.59460400 -0.34075000 -0.00683500
v -0.57507700 -0.32512800 0.06151100
v -0.58484100 -0.32317600 0.04393600
v -0.56336100 -0.32708100 0.08884900
v -0.54969200 -0.32708100 0.10056500
v -0.44815000 -0.32903400 -0.03612500
v -0.42667000 -0.34465600 0.16500500
v -0.43838600 -0.34075000 0.16500500
v -0.41885900 -0.33293900 0.14547800
v 0.42667000 -0.34465600 0.16500500
v 0.41885900 -0.33293900 0.14547800
v 0.43838600 -0.34075000 0.16500500
v 0.44815000 -0.32903400 -0.03612500
v 0.54969200 -0.32708100 0.10056500
v 0.56336100 -0.32708100 0.08884900
v 0.57507700 -0.32512800 0.06151100
v 0.58484100 -0.32317600 0.04393600
v -0.59655700 -0.32708100 -0.01269300
v -0.48915700 -0.32512800 0.07322700
v -0.45596100 -0.34075000 0.15719400
v -0.45986600 -0.32708100 0.14938300
v -0.02245600 -0.30950700 0.35637200
v 0.02245600 -0.30950700 0.35637200
v 0.00097600 -0.30364900 0.35637200
v 0.45596100 -0.34075000 0.15719400
v 0.45986600 -0.32708100 0.14938300
v 0.48915700 -0.32512800 0.07322700
v 0.59655700 -0.32708100 -0.01269300
v -0.52821200 -0.32708100 -0.00097600
v -0.53992800 -0.32708100 0.11228200
v -0.51454300 -0.32708100 0.03222000
v -0.43057600 -0.33098700 0.15133600
v -0.17086300 -0.32512800 0.32122300
v -0.17672100 -0.32512800 0.32122300
v -0.17086300 -0.30560100 0.32512800
v 0.17086300 -0.32512800 0.32122300
v 0.17086300 -0.30560100 0.32512800
v 0.17672100 -0.32512800 0.32122300
v 0.43057600 -0.33098700 0.15133600
v 0.51454300 -0.32708100 0.03222000
v 0.53992800 -0.32708100 0.11228200
v 0.52821200 -0.32708100 -0.00097600
v -0.59265200 -0.32512800 0.00488200
v 0.59265200 -0.32512800 0.00488200
v -0.53407000 -0.32512800 -0.02245600
v -0.44424500 -0.32903400 0.15328900
v -0.44229200 -0.32317600 0.10642300
v -0.45791400 -0.31927000 0.11423400
v -0.42471700 -0.32122300 0.11032900
v -0.32317600 -0.29388500 0.22749200
v -0.07713300 -0.28021600 0.35637200
v -0.17086300 -0.28607400 0.32903400
v -0.11618700 -0.29974300 0.34465600
v 0.07713300 -0.28021600 0.35637200
v 0.17086300 -0.28607400 0.32903400
v 0.11618700 -0.29974300 0.34465600
v 0.32317600 -0.29388500 0.22749200
v 0.44229200 -0.32317600 0.10642300
v 0.42471700 -0.32122300 0.11032900
v 0.44424500 -0.32903400 0.15328900
v 0.45791400 -0.31927000 0.11423400
v 0.53407000 -0.32512800 -0.02245600
v -0.46377200 -0.31341200 0.13180900
v -0.41495400 -0.31927000 0.12595100
v 0.41495400 -0.31927000 0.12595100
v 0.46377200 -0.31341200 0.13180900
v -0.55164400 -0.29388500 -0.04979400
v -0.53407000 -0.29583800 -0.04393600
v -0.43252800 -0.31341200 0.02050400
v -0.41690600 -0.30950700 0.06151100
v 0.43252800 -0.31341200 0.02050400
v 0.41690600 -0.30950700 0.06151100
v 0.55164400 -0.29388500 -0.04979400
v 0.53407000 -0.29583800 -0.04393600
v -0.57117200 -0.28997900 -0.04588900
v -0.41885900 -0.31731800 0.14157200
v -0.38566300 -0.28997900 -0.20406000
v -0.40714300 -0.28802700 -0.16500500
v -0.35832500 -0.29193200 -0.24116100
v -0.27045200 -0.28802700 0.26849900
v 0.27045200 -0.28802700 0.26849900
v 0.38566300 -0.28997900 -0.20406000
v 0.35832500 -0.29193200 -0.24116100
v 0.40714300 -0.28802700 -0.16500500
v 0.41885900 -0.31731800 0.14157200
v 0.57117200 -0.28997900 -0.04588900
v -0.58874600 -0.28802700 -0.02831400
v -0.56336100 -0.29583800 0.08299100
v -0.45791400 -0.30950700 0.14547800
v -0.43252800 -0.31341200 -0.10251800
v -0.43057600 -0.31536500 0.14743100
v -0.42081200 -0.28802700 -0.12790300
v -0.32512800 -0.29388500 -0.27631000
v -0.28607400 -0.29388500 -0.30950700
v 0.32512800 -0.29388500 -0.27631000
v 0.28607400 -0.29388500 -0.30950700
v 0.43252800 -0.31341200 -0.10251800
v 0.42081200 -0.28802700 -0.12790300
v 0.43057600 -0.31536500 0.14743100
v 0.45791400 -0.30950700 0.14547800
v 0.56336100 -0.29583800 0.08299100
v 0.58874600 -0.28802700 -0.02831400
v -0.47548800 -0.31341200 0.11814000
v -0.47548800 -0.31145900 0.09666000
v -0.44033900 -0.31145900 -0.03807800
v -0.43838600 -0.31145900 -0.05760500
v -0.44033900 -0.31145900 -0.02831400
v -0.44424500 -0.31341200 0.14938300
v -0.37394700 -0.29193200 0.16891100
v -0.37394700 -0.29193200 0.17867400
v -0.32512800 -0.27631000 0.19039100
v -0.35051400 -0.28216900 0.16500500
v -0.24897200 -0.29388500 -0.33293900
v -0.20991800 -0.29388500 -0.35051400
v -0.17281600 -0.29388500 -0.36223000
v -0.13571400 -0.29388500 -0.36808800
v -0.09861300 -0.29388500 -0.37004100
v -0.06346400 -0.29388500 -0.36613600
v 0.00097600 -0.29583800 -0.35051400
v 0.06346400 -0.29388500 -0.36613600
v 0.09861300 -0.29388500 -0.37004100
v 0.13571400 -0.29388500 -0.36808800
v 0.17281600 -0.29388500 -0.36223000
v 0.20991800 -0.29388500 -0.35051400
v 0.24897200 -0.29388500 -0.33293900
v 0.32512800 -0.27631000 0.19039100
v 0.35051400 -0.28216900 0.16500500
v 0.37394700 -0.29193200 0.16891100
v 0.37394700 -0.29193200 0.17867400
v 0.44424500 -0.31341200 0.14938300
v 0.44033900 -0.31145900 -0.03807800
v 0.43838600 -0.31145900 -0.05760500
v 0.44033900 -0.31145900 -0.02831400
v 0.47548800 -0.31341200 0.11814000
v 0.47548800 -0.31145900 0.09666000
v -0.59265200 -0.29193200 -0.01269300
v -0.58874600 -0.28607400 0.02245600
v -0.53602300 -0.28802700 0.11228200
v -0.50282600 -0.29583800 0.02440900
v -0.52040100 -0.29388500 -0.02831400
v -0.50477900 -0.28607400 0.13180900
v -0.48329900 -0.29583800 0.13180900
v -0.36808800 -0.28997900 0.18453200
v -0.36027700 -0.25483000 0.18453200
v -0.34856100 -0.25873600 0.20210700
v -0.32317600 -0.32122300 0.20796500
v -0.18843800 -0.30755400 0.30950700
v -0.23920900 -0.27631000 0.28607400
v -0.18843800 -0.30755400 0.32122300
v 0.18843800 -0.30755400 0.30950700
v 0.23920900 -0.27631000 0.28607400
v 0.18843800 -0.30755400 0.32122300
v 0.29583800 -0.29583800 0.21772900
v 0.34856100 -0.25873600 0.20210700
v 0.36027700 -0.25483000 0.18453200
v 0.36808800 -0.28997900 0.18453200
v 0.48329900 -0.29583800 0.13180900
v 0.50477900 -0.28607400 0.13180900
v 0.50282600 -0.29583800 0.02440900
v 0.52040100 -0.29388500 -0.02831400
v 0.53602300 -0.28802700 0.11228200
v 0.58874600 -0.28607400 0.02245600
v 0.59265200 -0.29193200 -0.01269300
v -0.52040100 -0.28216900 0.12399800
v -0.48134600 -0.30560100 0.07322700
v -0.17672100 -0.30560100 0.32512800
v 0.17672100 -0.30560100 0.32512800
v 0.48134600 -0.30560100 0.07322700
v 0.52040100 -0.28216900 0.12399800
v -0.58093500 -0.28216900 0.04784200
v -0.44229200 -0.30950700 0.10056500
v -0.45986600 -0.30755400 0.11032900
v 0.44229200 -0.30950700 0.10056500
v 0.45986600 -0.30755400 0.11032900
v 0.58093500 -0.28216900 0.04784200
v -0.42471700 -0.29388500 0.09861300
v -0.36808800 -0.28412100 0.16305200
v -0.33489200 -0.27045200 0.19234300
v 0.36808800 -0.28412100 0.16305200
v 0.42471700 -0.29388500 0.09861300
v -0.46572500 -0.29583800 0.12790300
v -0.41690600 -0.27826300 0.11423400
v -0.29583800 -0.27435800 0.25287800
v 0.29583800 -0.27435800 0.25287800
v 0.41690600 -0.27826300 0.11423400
v 0.46572500 -0.29583800 0.12790300
v -0.42667000 -0.30364900 0.14743100
v -0.42276500 -0.27240500 0.13180900
v 0.42667000 -0.30364900 0.14743100
v 0.42276500 -0.27240500 0.13180900
v -0.41495400 -0.28412100 0.06151100
v -0.39737900 -0.26264100 0.09275400
v 0.41495400 -0.28412100 0.06151100
v 0.39737900 -0.26264100 0.09275400
v -0.46963000 -0.30169600 0.11618700
v -0.45986600 -0.28216900 0.13962000
v -0.44229200 -0.30169600 0.14938300
v -0.43252800 -0.28802700 -0.09275400
v -0.43252800 -0.28997900 0.02050400
v 0.43252800 -0.28802700 -0.09275400
v 0.43252800 -0.28997900 0.02050400
v 0.44229200 -0.30169600 0.14938300
v 0.45986600 -0.28216900 0.13962000
v 0.46963000 -0.30169600 0.11618700
v -0.45791400 -0.30169600 0.09275400
v -0.44033900 -0.28802700 -0.03807800
v -0.43838600 -0.28802700 -0.02831400
v -0.43838600 -0.28802700 -0.05565300
v 0.44033900 -0.28802700 -0.03807800
v 0.43838600 -0.28802700 -0.05565300
v 0.43838600 -0.28802700 -0.02831400
v 0.45791400 -0.30169600 0.09275400
v -0.44229200 -0.27240500 0.14157200
v -0.44424500 -0.28997900 0.07713300
v -0.03417300 -0.27240500 0.36027700
v 0.03417300 -0.27240500 0.36027700
v 0.44424500 -0.28997900 0.07713300
v 0.44229200 -0.27240500 0.14157200
v -0.32317600 -0.26068900 0.22554000
v -0.18843800 -0.28607400 0.31341200
v -0.23920900 -0.25483000 0.28997900
v -0.18843800 -0.28607400 0.32512800
v 0.18843800 -0.28607400 0.31341200
v 0.23920900 -0.25483000 0.28997900
v 0.18843800 -0.28607400 0.32512800
v 0.32317600 -0.26068900 0.22554000
v -0.47939400 -0.26849900 0.02050400
v -0.36613600 -0.19234300 0.14157200
v -0.17672100 -0.28607400 0.32903400
v 0.17672100 -0.28607400 0.32903400
v 0.36613600 -0.19234300 0.14157200
v 0.47939400 -0.26849900 0.02050400
v 0.00097600 -0.25287800 0.36027700
v -0.47353500 -0.27826300 0.13180900
v -0.27045200 -0.26264100 0.26654700
v 0.27045200 -0.26264100 0.26654700
v 0.47353500 -0.27826300 0.13180900
v -0.17086300 -0.26849900 0.33293900
v -0.11618700 -0.25287800 0.34856100
v 0.17086300 -0.26849900 0.33293900
v 0.11618700 -0.25287800 0.34856100
v 0.37004100 -0.29974300 0.20796500
v 0.40909600 -0.29779000 0.16500500
v 0.38175700 -0.29974300 0.21772900
v 0.37394700 -0.28997900 0.22163400
v 0.40128500 -0.28997900 0.16305200
v 0.36418300 -0.28997900 0.20796500
v 0.36808800 -0.28997900 0.19820100
v 0.42081200 -0.29779000 0.17281600
v 0.38956800 -0.29388500 0.22163400
v 0.41690600 -0.28802700 0.15914700
v 0.42471700 -0.29193200 0.18062700
v 0.42667000 -0.28802700 0.16891100
v -0.55359700 -0.28412100 0.09275400
v -0.56921900 -0.28216900 0.07127400
v -0.53992800 -0.26264100 -0.05955800
v -0.52040100 -0.26459400 -0.05174700
v -0.49306300 -0.26849900 -0.00488200
v 0.00097600 -0.26068900 -0.35246700
v 0.32317600 -0.27045200 0.20210700
v 0.49306300 -0.26849900 -0.00488200
v 0.52040100 -0.26459400 -0.05174700
v 0.53992800 -0.26264100 -0.05955800
v 0.55359700 -0.28412100 0.09275400
v 0.56921900 -0.28216900 0.07127400
v -0.55945500 -0.25873600 -0.05565300
v -0.50673200 -0.26264100 -0.03612500
v -0.43057600 -0.26849900 0.07322700
v -0.36027700 -0.21968100 0.17867400
v -0.28997900 -0.25873600 -0.30169600
v -0.32708100 -0.25873600 -0.26849900
v -0.34856100 -0.22944500 0.19820100
v -0.25092500 -0.25873600 -0.32708100
v -0.21187000 -0.25873600 -0.34465600
v -0.17476900 -0.25873600 -0.35637200
v -0.13766700 -0.25873600 -0.36418300
v -0.10056500 -0.25873600 -0.36613600
v -0.06541600 -0.26068900 -0.36418300
v 0.06541600 -0.26068900 -0.36418300
v 0.10056500 -0.25873600 -0.36613600
v 0.13766700 -0.25873600 -0.36418300
v 0.17476900 -0.25873600 -0.35637200
v 0.21187100 -0.25873600 -0.34465600
v 0.25092500 -0.25873600 -0.32708100
v 0.28997900 -0.25873600 -0.30169600
v 0.34856100 -0.22944500 0.19820100
v 0.32708100 -0.25873600 -0.26849900
v 0.36027700 -0.21968100 0.17867400
v 0.39347400 -0.28216900 0.21577600
v 0.38175700 -0.24506700 0.21968100
v 0.43057600 -0.26849900 0.07322700
v 0.50673200 -0.26264100 -0.03612500
v 0.55945500 -0.25873600 -0.05565300
v -0.59460400 -0.28412100 -0.01659800
v -0.59265200 -0.27826300 -0.00097600
v -0.37394700 -0.25287800 0.16305200
v -0.37394700 -0.25287800 0.17281600
v -0.36808800 -0.25092500 0.18062700
v -0.35832500 -0.25678300 -0.23139800
v 0.35832500 -0.25678300 -0.23139800
v 0.36808800 -0.25092500 0.18062700
v 0.37394700 -0.25287800 0.16305200
v 0.37394700 -0.25287800 0.17281600
v 0.42276500 -0.24702000 0.17476900
v 0.41885900 -0.28021600 0.18843800
v 0.59460400 -0.28412100 -0.01659800
v 0.59265200 -0.27826300 -0.00097600
v -0.57507700 -0.25678300 -0.04393600
v -0.44229200 -0.26459400 -0.03222000
v -0.43448100 -0.26654700 0.01659800
v -0.38761600 -0.25483000 -0.19234300
v 0.36613600 -0.19624900 0.20601200
v 0.37394700 -0.19429600 0.21772900
v 0.39737900 -0.27826300 0.17086300
v 0.37785200 -0.27826300 0.19039100
v 0.36808800 -0.19429600 0.19429600
v 0.38761600 -0.25483000 -0.19234300
v 0.40519000 -0.24702000 0.16305200
v 0.44229200 -0.26459400 -0.03222000
v 0.43448100 -0.26654700 0.01659800
v 0.57507700 -0.25678300 -0.04393600
v -0.58874600 -0.27045200 -0.02245600
v -0.53211700 -0.26264100 0.10642300
v -0.44229200 -0.26459400 -0.04003100
v -0.43643400 -0.26459400 -0.08884900
v -0.44033900 -0.26459400 -0.05760500
v -0.42471700 -0.26264100 -0.12399800
v -0.40909600 -0.26068900 -0.15719400
v -0.29583800 -0.24897200 0.25092500
v 0.29583800 -0.24897200 0.25092500
v 0.40909600 -0.26068900 -0.15719400
v 0.41104800 -0.24506700 0.15914700
v 0.42471700 -0.26264100 -0.12399800
v 0.42081200 -0.24311400 0.16695800
v 0.43643400 -0.26459400 -0.08884900
v 0.44229200 -0.26459400 -0.04003100
v 0.44033900 -0.26459400 -0.05760500
v 0.53211700 -0.26264100 0.10642300
v 0.58874600 -0.27045200 -0.02245600
v -0.58679300 -0.26654700 0.02440900
v -0.49696800 -0.25873600 0.12595100
v -0.18843800 -0.26459400 0.31731800
v -0.23920900 -0.23335000 0.29193200
v -0.18843800 -0.26459400 0.32903400
v -0.17672100 -0.26849900 0.33293900
v 0.18843800 -0.26459400 0.32903400
v 0.17672100 -0.26849900 0.33293900
v 0.18843800 -0.26459400 0.31731800
v 0.23920900 -0.23335000 0.29193200
v 0.49696800 -0.25873600 0.12595100
v 0.58679300 -0.26654700 0.02440900
v -0.55555000 -0.27435800 0.08689600
v -0.41495400 -0.25873600 0.05565300
v -0.36808800 -0.24702000 0.15719400
v 0.36808800 -0.24702000 0.15719400
v 0.41495400 -0.25873600 0.05565300
v 0.55555000 -0.27435800 0.08689600
v -0.57117200 -0.26849900 0.06346400
v -0.51259000 -0.25092500 0.11618700
v -0.46963000 -0.26068900 0.13180900
v -0.34075000 -0.23920900 0.17672100
v 0.34075000 -0.23920900 0.17672100
v 0.39152100 -0.27435800 0.20406000
v 0.39152100 -0.23920900 0.21187100
v 0.46963000 -0.26068900 0.13180900
v 0.51259000 -0.25092500 0.11618700
v 0.57117200 -0.26849900 0.06346400
v -0.04979400 -0.25287800 0.35832500
v 0.04979400 -0.25287800 0.35832500
v 0.40909600 -0.27435800 0.18648500
v 0.41690600 -0.23920900 0.18258000
v -0.58679300 -0.25483000 -0.00683500
v -0.42471700 -0.24897200 0.09080200
v 0.40128500 -0.27240500 0.17867400
v 0.38761600 -0.27435800 0.19234300
v 0.37785200 -0.20406000 0.18843800
v 0.39737900 -0.24116100 0.16891100
v 0.42471700 -0.24897200 0.09080200
v 0.58679300 -0.25483000 -0.00683500
v -0.27045200 -0.24116100 0.26849900
v 0.27045200 -0.24116100 0.26849900
v -0.56336100 -0.26654700 0.08299100
v -0.54188100 -0.25678300 0.09861300
v -0.32317600 -0.23335000 0.22749200
v 0.32317600 -0.23335000 0.22749200
v 0.38761600 -0.20406000 0.19039100
v 0.39152100 -0.19820100 0.20210700
v 0.40909600 -0.24116100 0.18453200
v 0.56336100 -0.26654700 0.08299100
v 0.54188100 -0.25678300 0.09861300
v -0.45010300 -0.23920900 0.12009200
v -0.46963000 -0.23920900 0.12399800
v -0.43448100 -0.23920900 0.10642300
v 0.39933200 -0.24116100 0.17867400
v 0.45010300 -0.23920900 0.12009200
v 0.43448100 -0.23920900 0.10642300
v 0.46963000 -0.23920900 0.12399800
v -0.58288800 -0.25287800 -0.02831400
v 0.58288800 -0.25287800 -0.02831400
v -0.57703000 -0.25287800 0.04393600
v -0.57117200 -0.25483000 0.06541600
v -0.47744100 -0.24702000 -0.00097600
v -0.46181900 -0.24702000 0.02245600
v -0.44229200 -0.22358700 0.04393600
v -0.17086300 -0.25287800 0.33489200
v -0.18843800 -0.23335000 0.33293900
v -0.17672100 -0.24506700 0.33684500
v 0.17086300 -0.25287800 0.33489200
v 0.18843800 -0.23335000 0.33293900
v 0.17672100 -0.24506700 0.33684500
v 0.46181900 -0.24702000 0.02245600
v 0.44229200 -0.22358700 0.04393600
v 0.47744100 -0.24702000 -0.00097600
v 0.57117200 -0.25483000 0.06541600
v 0.57703000 -0.25287800 0.04393600
v -0.58484100 -0.25287800 0.01659800
v -0.54773900 -0.25092500 0.09080200
v -0.43057600 -0.24116100 -0.02831400
v -0.42276500 -0.24311400 0.02831400
v 0.43057600 -0.24116100 -0.02831400
v 0.42276500 -0.24311400 0.02831400
v 0.54773900 -0.25092500 0.09080200
v 0.58484100 -0.25287800 0.01659800
v -0.53016400 -0.23335000 -0.06736900
v -0.51063700 -0.23335000 -0.05955800
v -0.43057600 -0.24116100 -0.03807800
v -0.42471700 -0.23920900 -0.08689600
v -0.43057600 -0.24116100 -0.05370000
v -0.41300100 -0.23920900 -0.12790300
v -0.18843800 -0.23139800 0.32122300
v -0.23920900 -0.21382300 0.29388500
v 0.18843800 -0.23139800 0.32122300
v 0.23920900 -0.21382300 0.29388500
v 0.42471700 -0.23920900 -0.08689600
v 0.41300100 -0.23920900 -0.12790300
v 0.43057600 -0.24116100 -0.03807800
v 0.43057600 -0.24116100 -0.05370000
v 0.51063700 -0.23335000 -0.05955800
v 0.53016400 -0.23335000 -0.06736900
v -0.55164400 -0.23139800 -0.06541600
v -0.52821200 -0.24116100 0.10056500
v -0.49892100 -0.23335000 -0.04393600
v -0.39542700 -0.23530300 -0.16500500
v -0.40323700 -0.23335000 0.07127400
v -0.38371000 -0.18843800 0.11228200
v -0.29583800 -0.22554000 0.24897200
v 0.29583800 -0.22554000 0.24897200
v 0.40323700 -0.23335000 0.07127400
v 0.38371000 -0.18843800 0.11228200
v 0.39542700 -0.23530300 -0.16500500
v 0.49892100 -0.23335000 -0.04393600
v 0.52821200 -0.24116100 0.10056500
v 0.55164400 -0.23139800 -0.06541600
v -0.34856100 -0.20406000 0.19429600
v 0.00097600 -0.23139800 -0.35051400
v -0.06736900 -0.22944500 -0.35832500
v 0.06736900 -0.22944500 -0.35832500
v 0.34856100 -0.20406000 0.19429600
v -0.56921900 -0.23139800 -0.05370000
v -0.49501500 -0.23335000 0.11423400
v -0.36027700 -0.19624900 0.17476900
v -0.29583800 -0.19624900 -0.28216900
v -0.32903400 -0.19624900 -0.24897200
v -0.25678300 -0.19624900 -0.30755400
v -0.21772900 -0.19624900 -0.32708100
v -0.18062700 -0.19624900 -0.33879800
v -0.14157200 -0.19624900 -0.34660800
v -0.10447100 -0.19624900 -0.35051400
v 0.10447100 -0.19624900 -0.35051400
v 0.14157200 -0.19624900 -0.34660800
v 0.18062700 -0.19624900 -0.33879800
v 0.21772900 -0.19624900 -0.32708100
v 0.25678300 -0.19624900 -0.30755400
v 0.29583800 -0.19624900 -0.28216900
v 0.32903400 -0.19624900 -0.24897200
v 0.36027700 -0.19624900 0.17476900
v 0.49501500 -0.23335000 0.11423400
v 0.56921900 -0.23139800 -0.05370000
v -0.58093500 -0.23139800 -0.03612500
v -0.35832500 -0.19624900 -0.21187000
v 0.35832500 -0.19624900 -0.21187000
v 0.58093500 -0.23139800 -0.03612500
v -0.58484100 -0.23335000 0.01074000
v -0.58484100 -0.23335000 -0.01464500
v -0.57507700 -0.24506700 0.05370000
v -0.55164400 -0.24311400 0.08689600
v -0.37589900 -0.19624900 -0.18062700
v -0.36808800 -0.21577600 0.17476900
v -0.27045200 -0.21968100 0.27045200
v 0.27045200 -0.21968100 0.27045200
v 0.36808800 -0.21577600 0.17476900
v 0.37589900 -0.19624900 -0.18062700
v 0.57507700 -0.24506700 0.05370000
v 0.55164400 -0.24311400 0.08689600
v 0.58484100 -0.23335000 -0.01464500
v 0.58484100 -0.23335000 0.01074000
v -0.57898300 -0.24116100 0.03612500
v -0.37394700 -0.21968100 0.15719400
v -0.37394700 -0.21577600 0.16695800
v -0.14547800 -0.25287800 0.34270300
v -0.12595100 -0.25287800 0.34856100
v -0.12595100 -0.24506700 0.34270300
v -0.14547800 -0.24506700 0.34856100
v -0.13766700 -0.24506700 0.34075000
v -0.11618700 -0.24506700 0.35246700
v -0.04979400 -0.25092500 0.36613600
v -0.11618700 -0.25092500 0.35637200
v 0.00097600 -0.25092500 0.36808800
v 0.04979400 -0.25092500 0.36613600
v 0.14547800 -0.25287800 0.34270300
v 0.12595100 -0.25287800 0.34856100
v 0.11618700 -0.24506700 0.35246700
v 0.11618700 -0.25092500 0.35637200
v 0.12595100 -0.24506700 0.34270300
v 0.13766700 -0.24506700 0.34075000
v 0.14547800 -0.24506700 0.34856100
v 0.37394700 -0.21968100 0.15719400
v 0.37394700 -0.21577600 0.16695800
v 0.57898300 -0.24116100 0.03612500
v -0.51649500 -0.23139800 0.10447100
v -0.04979400 -0.23530300 0.36808800
v -0.11618700 -0.23530300 0.35832500
v 0.00097600 -0.23530300 0.37004100
v 0.04979400 -0.23530300 0.36808800
v 0.11618700 -0.23530300 0.35832500
v 0.51649500 -0.23139800 0.10447100
v -0.44619700 -0.21577600 0.06541600
v -0.32317600 -0.21187000 0.22554000
v 0.32317600 -0.21187000 0.22554000
v 0.44619700 -0.21577600 0.06541600
v -0.45791400 -0.21577600 0.01269300
v -0.47158300 -0.21187000 -0.01464500
v -0.36808800 -0.21577600 0.15133600
v 0.36808800 -0.21577600 0.15133600
v 0.39152100 -0.20601200 0.16500500
v 0.41104800 -0.20406000 0.18062700
v 0.45791400 -0.21577600 0.01269300
v 0.47158300 -0.21187000 -0.01464500
v -0.55750300 -0.23335000 0.07518000
v -0.58093500 -0.22358700 0.03807800
v -0.14547800 -0.23530300 0.34856100
v -0.11618700 -0.23139800 0.34660800
v -0.13766700 -0.23139800 0.34075000
v 0.11618700 -0.23139800 0.34660800
v 0.14547800 -0.23530300 0.34856100
v 0.13766700 -0.23139800 0.34075000
v 0.38566300 -0.19039100 0.21772900
v 0.40128500 -0.20406000 0.16500500
v 0.55750300 -0.23335000 0.07518000
v 0.58093500 -0.22358700 0.03807800
v -0.53797500 -0.22944500 0.09275400
v -0.41885900 -0.19429600 -0.02440900
v -0.40128500 -0.19429600 0.06736900
v -0.41300100 -0.19429600 0.02440900
v 0.40909600 -0.20210700 0.17281600
v 0.41885900 -0.19429600 -0.02440900
v 0.40128500 -0.19429600 0.06736900
v 0.41300100 -0.19429600 0.02440900
v 0.53797500 -0.22944500 0.09275400
v -0.29583800 -0.20601200 0.24897200
v 0.29583800 -0.20601200 0.24897200
v 0.37980500 -0.20015400 0.18648500
v -0.48329900 -0.21577600 0.10447100
v -0.46572500 -0.21187000 0.09470700
v -0.45400800 -0.21382300 0.08103800
v -0.39933200 -0.19429600 -0.12204500
v -0.41495400 -0.19429600 -0.05370000
v 0.39152100 -0.18258000 0.20796500
v 0.39933200 -0.19429600 -0.12204500
v 0.41495400 -0.19429600 -0.05370000
v 0.46572500 -0.21187000 0.09470700
v 0.45400800 -0.21382300 0.08103800
v 0.48329900 -0.21577600 0.10447100
v -0.04979400 -0.23139800 0.35637200
v 0.00097600 -0.23139800 0.35637200
v 0.04979400 -0.23139800 0.35637200
v -0.58679300 -0.20991800 0.00878700
v -0.58484100 -0.22163400 -0.04003100
v -0.58874600 -0.21187000 -0.03026700
v -0.56140800 -0.22554000 0.07713300
v -0.52430600 -0.20601200 -0.07713300
v -0.54773900 -0.20601200 -0.07713300
v -0.50673200 -0.20796500 -0.06932200
v -0.49306300 -0.20796500 -0.05370000
v -0.50673200 -0.21772900 0.10251800
v -0.34856100 -0.18843800 0.19429600
v -0.27045200 -0.20406000 0.27045200
v 0.27045200 -0.20406000 0.27045200
v 0.34856100 -0.18843800 0.19429600
v 0.50673200 -0.21772900 0.10251800
v 0.50673200 -0.20796500 -0.06932200
v 0.49306300 -0.20796500 -0.05370000
v 0.52430600 -0.20601200 -0.07713300
v 0.54773900 -0.20601200 -0.07713300
v 0.56140800 -0.22554000 0.07713300
v 0.58679300 -0.20991800 0.00878700
v 0.58484100 -0.22163400 -0.04003100
v 0.58874600 -0.21187000 -0.03026700
v -0.56921900 -0.20601200 -0.06736900
v -0.14743100 -0.20991800 0.33684500
v -0.18843800 -0.20796500 0.32122300
v -0.07713300 -0.21187000 0.35051400
v 0.00097600 -0.21187000 0.35441900
v 0.00097600 -0.19624900 -0.34660800
v 0.07713300 -0.21187000 0.35051400
v 0.14743100 -0.20991800 0.33684500
v 0.18843800 -0.20796500 0.32122300
v 0.56921900 -0.20601200 -0.06736900
v -0.53992800 -0.22163400 0.09080200
v -0.36027700 -0.18258000 0.17281600
v 0.36027700 -0.18258000 0.17281600
v 0.53992800 -0.22163400 0.09080200
v -0.57703000 -0.21187000 0.04393600
v -0.55945500 -0.21772900 0.07518000
v -0.32317600 -0.19429600 0.22358700
v 0.32317600 -0.19429600 0.22358700
v 0.57703000 -0.21187000 0.04393600
v 0.55945500 -0.21772900 0.07518000
v -0.44424500 -0.20406000 0.03612500
v 0.44424500 -0.20406000 0.03612500
v -0.53992800 -0.20991800 0.08689600
v 0.31536500 -0.22163400 0.26654700
v 0.33098700 -0.22163400 0.25287800
v 0.32512800 -0.21968100 0.28021600
v 0.31927000 -0.20991800 0.24897200
v 0.31341200 -0.21577600 0.28997900
v 0.30169600 -0.21187000 0.27826300
v 0.30364900 -0.20796500 0.26459400
v 0.34075000 -0.21968100 0.26264100
v 0.34660800 -0.20210700 0.23335000
v 0.33879800 -0.19429600 0.22749200
v 0.53992800 -0.20991800 0.08689600
v -0.37394700 -0.18062700 0.14743100
v -0.36808800 -0.18453200 0.16891100
v -0.29583800 -0.19234300 0.24897200
v 0.29583800 -0.19234300 0.24897200
v 0.33293900 -0.20991800 0.28216900
v 0.32317600 -0.20991800 0.30169600
v 0.34660800 -0.20210700 0.27045200
v 0.35637200 -0.19624900 0.24116100
v 0.36808800 -0.18453200 0.16891100
v 0.37394700 -0.18062700 0.14743100
v -0.56140800 -0.20601200 0.06541600
v -0.49306300 -0.19234300 0.09275400
v -0.53602300 -0.20015400 0.08884900
v -0.51454300 -0.19429600 0.09275400
v 0.49306300 -0.19234300 0.09275400
v 0.53602300 -0.20015400 0.08884900
v 0.51454300 -0.19429600 0.09275400
v 0.56140800 -0.20601200 0.06541600
v -0.47353500 -0.19039100 0.08494300
v -0.45596100 -0.19429600 -0.00097600
v -0.45010300 -0.19624900 0.05955800
v -0.37394700 -0.17672100 0.15719400
v 0.30169600 -0.20601200 0.29779000
v 0.37394700 -0.17672100 0.15719400
v 0.45010300 -0.19624900 0.05955800
v 0.45596100 -0.19429600 -0.00097600
v 0.47353500 -0.19039100 0.08494300
v -0.45986600 -0.19234300 0.07322700
v -0.23920900 -0.20015400 0.29388500
v -0.27045200 -0.19429600 0.27240500
v 0.23920900 -0.20015400 0.29388500
v 0.27045200 -0.19429600 0.27240500
v 0.45986600 -0.19234300 0.07322700
v -0.58874600 -0.19039100 -0.04003100
v -0.58288800 -0.19820100 -0.05370000
v -0.59655700 -0.19039100 0.00097600
v -0.56336100 -0.19624900 0.06151100
v -0.58484100 -0.18258000 0.02831400
v -0.46572500 -0.16305200 -0.05174700
v -0.34856100 -0.18062700 0.19429600
v 0.00097600 -0.20601200 0.36223000
v -0.07713300 -0.20406000 0.35832500
v 0.07713300 -0.20406000 0.35832500
v 0.29388500 -0.19820100 0.28216900
v 0.34856100 -0.18062700 0.19429600
v 0.46572500 -0.16305200 -0.05174700
v 0.59655700 -0.19039100 0.00097600
v 0.56336100 -0.19624900 0.06151100
v 0.58484100 -0.18258000 0.02831400
v 0.58874600 -0.19039100 -0.04003100
v 0.58288800 -0.19820100 -0.05370000
v -0.59851000 -0.18648500 -0.01855100
v -0.14743100 -0.20406000 0.34270300
v 0.14743100 -0.20406000 0.34270300
v 0.31927000 -0.19820100 0.25678300
v 0.33684500 -0.18453200 0.23139800
v 0.34075000 -0.20796500 0.29388500
v 0.33684500 -0.20015400 0.30560100
v 0.31145900 -0.19820100 0.30560100
v 0.59851000 -0.18648500 -0.01855100
v -0.49696800 -0.16500500 -0.09080200
v -0.51649500 -0.16305200 -0.10056500
v -0.48134600 -0.16500500 -0.07518000
v -0.18843800 -0.20210700 0.32708100
v 0.18843800 -0.20210700 0.32708100
v 0.29583800 -0.18648500 0.27045200
v 0.30950700 -0.19429600 0.26849900
v 0.35637200 -0.19234300 0.27631000
v 0.49696800 -0.16500500 -0.09080200
v 0.48134600 -0.16500500 -0.07518000
v 0.51649500 -0.16305200 -0.10056500
v -0.55945500 -0.15719400 -0.09470700
v -0.57898300 -0.15328900 -0.08299100
v -0.53992800 -0.15914700 -0.10251800
v -0.32317600 -0.18453200 0.22358700
v 0.00097600 -0.19624900 0.36223000
v 0.32317600 -0.18453200 0.22358700
v 0.29583800 -0.18648500 0.29583800
v 0.38175700 -0.18062700 0.18648500
v 0.53992800 -0.15914700 -0.10251800
v 0.55945500 -0.15719400 -0.09470700
v 0.57898300 -0.15328900 -0.08299100
v -0.44229200 -0.18258000 0.02245600
v -0.07713300 -0.19624900 0.35832500
v -0.14743100 -0.19624900 0.34270300
v 0.07713300 -0.19624900 0.35832500
v 0.14743100 -0.19624900 0.34270300
v 0.39152100 -0.18258000 0.19429600
v 0.44229200 -0.18258000 0.02245600
v -0.18843800 -0.19429600 0.32708100
v -0.27045200 -0.18843800 0.28021600
v 0.18843800 -0.19429600 0.32708100
v 0.27045200 -0.18843800 0.28021600
v 0.35441900 -0.18648500 0.22554000
v 0.35637200 -0.18258000 0.25287800
v 0.41495400 -0.20210700 0.16695800
v 0.42276500 -0.20015400 0.17672100
v 0.40519000 -0.19820100 0.18062700
v 0.42667000 -0.19039100 0.16500500
v 0.39737900 -0.19624900 0.16500500
v 0.41300100 -0.19429600 0.15719400
v -0.54969200 -0.18648500 0.07322700
v 0.32317600 -0.19624900 0.29779000
v 0.33879800 -0.18453200 0.28216900
v 0.35051400 -0.18648500 0.28216900
v 0.40909600 -0.18453200 0.18453200
v 0.42471700 -0.18453200 0.17867400
v 0.54969200 -0.18648500 0.07322700
v 0.29388500 -0.17672100 0.28216900
v 0.31536500 -0.18258000 0.29193200
v 0.30755400 -0.18062700 0.30169600
v 0.32708100 -0.19429600 0.28216900
v 0.33293900 -0.19429600 0.27045200
v 0.34075000 -0.17867400 0.24116100
v 0.39737900 -0.18648500 0.17867400
v -0.56531300 -0.17086300 0.05565300
v -0.45205500 -0.17476900 0.04979400
v -0.38566300 -0.18843800 -0.18648500
v -0.41104800 -0.18843800 -0.12399800
v -0.36613600 -0.18843800 -0.21772900
v -0.33879800 -0.18843800 -0.25483000
v -0.30364900 -0.18843800 -0.28802700
v -0.26459400 -0.18843800 -0.31341200
v -0.22358700 -0.18843800 -0.33293900
v -0.18453200 -0.18843800 -0.34465600
v -0.07713300 -0.18648500 0.34856100
v -0.14743100 -0.18453200 0.33293900
v -0.14547800 -0.18843800 -0.35246700
v 0.00097600 -0.18843800 -0.35832500
v -0.10642300 -0.18843800 -0.35637200
v 0.00097600 -0.18843800 0.35246700
v 0.07713300 -0.18648500 0.34856100
v 0.14547800 -0.18843800 -0.35246700
v 0.10642300 -0.18843800 -0.35637200
v 0.18453200 -0.18843800 -0.34465600
v 0.14743100 -0.18453200 0.33293900
v 0.22358700 -0.18843800 -0.33293900
v 0.26459400 -0.18843800 -0.31341200
v 0.30364900 -0.18843800 -0.28802700
v 0.33879800 -0.18843800 -0.25483000
v 0.36613600 -0.18843800 -0.21772900
v 0.36418300 -0.18648500 0.23530300
v 0.38566300 -0.18843800 -0.18648500
v 0.35832500 -0.18843800 0.21187100
v 0.41104800 -0.18843800 -0.12399800
v 0.39933200 -0.16891100 0.15524200
v 0.39542700 -0.16891100 0.16891100
v 0.45205500 -0.17476900 0.04979400
v 0.56531300 -0.17086300 0.05565300
v -0.49892100 -0.16891100 0.08299100
v -0.54188100 -0.17476900 0.07518000
v -0.52235400 -0.16891100 0.08103800
v -0.44815000 -0.16305200 -0.02831400
v -0.42862300 -0.18843800 -0.02245600
v -0.42471700 -0.18843800 0.02831400
v -0.42471700 -0.18843800 -0.05370000
v -0.41495400 -0.18648500 0.06932200
v -0.39737900 -0.18258000 0.11423400
v -0.27045200 -0.18062700 0.28021600
v -0.18843800 -0.18258000 0.31731800
v 0.27045200 -0.18062700 0.28021600
v 0.18843800 -0.18258000 0.31731800
v 0.31731800 -0.18648500 0.28216900
v 0.30950700 -0.17672100 0.26849900
v 0.34660800 -0.17086300 0.26068900
v 0.34270300 -0.17867400 0.21968100
v 0.36418300 -0.17476900 0.17867400
v 0.37980500 -0.18062700 0.22944500
v 0.42471700 -0.18843800 -0.05370000
v 0.41495400 -0.18648500 0.06932200
v 0.39737900 -0.18258000 0.11423400
v 0.42471700 -0.18843800 0.02831400
v 0.40909600 -0.16500500 0.15328900
v 0.42862300 -0.18843800 -0.02245600
v 0.44815000 -0.16305200 -0.02831400
v 0.49892100 -0.16891100 0.08299100
v 0.54188100 -0.17476900 0.07518000
v 0.52235400 -0.16891100 0.08103800
v -0.47744100 -0.16891100 0.07713300
v -0.46181900 -0.17086300 0.06541600
v 0.36808800 -0.16110000 0.24897200
v 0.46181900 -0.17086300 0.06541600
v 0.47744100 -0.16891100 0.07713300
v -0.59851000 -0.17281600 -0.01269300
v -0.60046200 -0.15719400 -0.04979400
v 0.41690600 -0.16110000 0.16500500
v 0.60046200 -0.15719400 -0.04979400
v 0.59851000 -0.17281600 -0.01269300
v -0.42862300 -0.17672100 -0.02245600
v -0.42471700 -0.17672100 0.02831400
v -0.42471700 -0.17672100 -0.05370000
v -0.41495400 -0.17672100 0.06932200
v -0.41104800 -0.17672100 -0.12399800
v -0.38566300 -0.17672100 -0.18648500
v -0.36613600 -0.17672100 -0.21772900
v -0.33879800 -0.17672100 -0.25483000
v -0.30364900 -0.17672100 -0.28802700
v -0.32317600 -0.17867400 0.23139800
v -0.26459400 -0.17672100 -0.31341200
v -0.22358700 -0.17672100 -0.33293900
v -0.18453200 -0.17672100 -0.34465600
v -0.14547800 -0.17672100 -0.35246700
v 0.00097600 -0.17672100 -0.35832500
v -0.10642300 -0.17672100 -0.35637200
v -0.06932200 -0.17086300 0.35832500
v 0.06932200 -0.17086300 0.35832500
v 0.00097600 -0.17086300 0.36027700
v 0.14547800 -0.17672100 -0.35246700
v 0.10642300 -0.17672100 -0.35637200
v 0.18453200 -0.17672100 -0.34465600
v 0.22358700 -0.17672100 -0.33293900
v 0.26459400 -0.17672100 -0.31341200
v 0.30364900 -0.17672100 -0.28802700
v 0.32317600 -0.17867400 0.23139800
v 0.33879800 -0.17672100 -0.25483000
v 0.36613600 -0.17672100 -0.21772900
v 0.38566300 -0.17672100 -0.18648500
v 0.41104800 -0.17672100 -0.12399800
v 0.42471700 -0.17672100 -0.05370000
v 0.42862300 -0.17672100 -0.02245600
v 0.42471700 -0.17672100 0.02831400
v 0.41495400 -0.17672100 0.06932200
v -0.39737900 -0.17476900 0.11423400
v -0.11814000 -0.16891100 0.35051400
v 0.11814000 -0.16891100 0.35051400
v 0.29974300 -0.16110000 0.27240500
v 0.30364900 -0.16891100 0.26459400
v 0.30169600 -0.16305200 0.29388500
v 0.32122300 -0.17086300 0.28021600
v 0.36027700 -0.15524200 0.25483000
v 0.37199400 -0.17281600 0.23920900
v 0.40128500 -0.16695800 0.18062700
v 0.39737900 -0.17476900 0.11423400
v -0.36808800 -0.17476900 0.16891100
v -0.17086300 -0.16695800 0.33489200
v 0.17086300 -0.16695800 0.33489200
v 0.34075000 -0.15914700 0.22944500
v 0.36808800 -0.17476900 0.16891100
v 0.41300100 -0.16110000 0.17672100
v -0.59069900 -0.16500500 0.01464500
v -0.43448100 -0.15719400 0.01269300
v -0.37394700 -0.17086300 0.15719400
v -0.26654700 -0.17086300 0.26654700
v -0.21577600 -0.16695800 0.31145900
v 0.26654700 -0.17086300 0.26654700
v 0.21577600 -0.16695800 0.31145900
v 0.31731800 -0.16305200 0.29193200
v 0.39542700 -0.17086300 0.20015400
v 0.39347400 -0.17086300 0.22358700
v 0.37394700 -0.17086300 0.15719400
v 0.43448100 -0.15719400 0.01269300
v 0.59069900 -0.16500500 0.01464500
v -0.34856100 -0.17476900 0.20015400
v -0.32317600 -0.17086300 0.23139800
v 0.32317600 -0.17086300 0.23139800
v 0.38566300 -0.17672100 0.24116100
v 0.37004100 -0.16305200 0.17867400
v 0.34660800 -0.15719400 0.24311400
v -0.42667000 -0.16110000 -0.02440900
v -0.42276500 -0.16110000 -0.05370000
v -0.41495400 -0.16110000 0.06932200
v -0.42276500 -0.16110000 0.02636200
v -0.39737900 -0.16110000 0.11423400
v -0.40909600 -0.16110000 -0.12204500
v -0.38371000 -0.16110000 -0.18453200
v -0.36613600 -0.16110000 -0.21577600
v -0.33684500 -0.16110000 -0.25287800
v -0.30169600 -0.16110000 -0.28607400
v -0.26264100 -0.16110000 -0.31145900
v -0.22163400 -0.16110000 -0.33098700
v -0.18258000 -0.16110000 -0.34270300
v -0.14547800 -0.16110000 -0.35051400
v 0.00097600 -0.16110000 -0.35441900
v -0.10642300 -0.16110000 -0.35246700
v 0.14547800 -0.16110000 -0.35051400
v 0.10642300 -0.16110000 -0.35246700
v 0.18258000 -0.16110000 -0.34270300
v 0.22163400 -0.16110000 -0.33098700
v 0.26264100 -0.16110000 -0.31145900
v 0.30169600 -0.16110000 -0.28607400
v 0.33684500 -0.16110000 -0.25287800
v 0.33293900 -0.16110000 0.26654700
v 0.32512800 -0.16305200 0.25287800
v 0.36613600 -0.16110000 -0.21577600
v 0.38371000 -0.16110000 -0.18453200
v 0.40909600 -0.16110000 -0.12204500
v 0.37589900 -0.16110000 0.24702000
v 0.38956800 -0.15914700 0.23920900
v 0.42276500 -0.16110000 -0.05370000
v 0.41495400 -0.16110000 0.06932200
v 0.39737900 -0.16110000 0.11423400
v 0.42667000 -0.16110000 -0.02440900
v 0.42276500 -0.16110000 0.02636200
v -0.56726600 -0.16110000 0.05760500
v -0.54578600 -0.16305200 0.07322700
v -0.44815000 -0.15133600 0.04198400
v -0.37394700 -0.16110000 0.15914700
v -0.34856100 -0.16695800 0.20015400
v 0.37394700 -0.16110000 0.15914700
v 0.44815000 -0.15133600 0.04198400
v 0.56726600 -0.16110000 0.05760500
v 0.54578600 -0.16305200 0.07322700
v -0.60046200 -0.15914700 -0.02050400
v -0.47548800 -0.17281600 -0.09861300
v -0.45986600 -0.17086300 -0.08299100
v -0.46572500 -0.17086300 -0.06932200
v -0.48134600 -0.16891100 -0.08494300
v -0.46963000 -0.16695800 -0.11032900
v -0.49696800 -0.16891100 -0.11228200
v -0.49111000 -0.16500500 -0.12399800
v 0.36808800 -0.15328900 0.23725600
v 0.47548800 -0.17281600 -0.09861300
v 0.46572500 -0.17086300 -0.06932200
v 0.45986600 -0.17086300 -0.08299100
v 0.46963000 -0.16695800 -0.11032900
v 0.48134600 -0.16891100 -0.08494300
v 0.49696800 -0.16891100 -0.11228200
v 0.49111000 -0.16500500 -0.12399800
v 0.60046200 -0.15914700 -0.02050400
v -0.58288800 -0.15133600 0.03612500
v -0.45205500 -0.16891100 -0.05174700
v -0.46377200 -0.14352500 0.06151100
v -0.44424500 -0.17086300 -0.06346400
v -0.45205500 -0.16695800 -0.09470700
v -0.43838600 -0.16500500 -0.02831400
v -0.43643400 -0.16500500 -0.07322700
v -0.43057600 -0.16695800 -0.03807800
v -0.31731800 -0.16305200 0.21968100
v -0.25873600 -0.15914700 0.28412100
v -0.29193200 -0.15133600 0.25092500
v -0.06932200 -0.14938300 0.36223000
v -0.11814000 -0.14938300 0.35441900
v 0.06932200 -0.14938300 0.36223000
v 0.00097600 -0.14938300 0.36418300
v 0.11814000 -0.14938300 0.35441900
v 0.31731800 -0.16305200 0.21968100
v 0.25873600 -0.15914700 0.28412100
v 0.29193200 -0.15133600 0.25092500
v 0.33293900 -0.15133600 0.27435800
v 0.39737900 -0.15524200 0.21772900
v 0.39542700 -0.15914700 0.20015400
v 0.44424500 -0.17086300 -0.06346400
v 0.45205500 -0.16891100 -0.05174700
v 0.45205500 -0.16695800 -0.09470700
v 0.43838600 -0.16500500 -0.02831400
v 0.43057600 -0.16695800 -0.03807800
v 0.43643400 -0.16500500 -0.07322700
v 0.46377200 -0.14352500 0.06151100
v 0.58288800 -0.15133600 0.03612500
v -0.50673200 -0.13766700 0.07518000
v -0.53211700 -0.13962000 0.07322700
v -0.48525200 -0.13962000 0.07322700
v -0.50087400 -0.16695800 -0.09861300
v -0.52040100 -0.16500500 -0.12009200
v -0.51649500 -0.16110000 -0.13180900
v -0.17086300 -0.14743100 0.33879800
v 0.17086300 -0.14743100 0.33879800
v 0.31731800 -0.15719400 0.25092500
v 0.38566300 -0.15914700 0.16500500
v 0.39347400 -0.14547800 0.15524200
v 0.48525200 -0.13962000 0.07322700
v 0.50087400 -0.16695800 -0.09861300
v 0.52040100 -0.16500500 -0.12009200
v 0.51649500 -0.16110000 -0.13180900
v 0.50673200 -0.13766700 0.07518000
v 0.53211700 -0.13962000 0.07322700
v -0.52040100 -0.16305200 -0.10642300
v -0.46572500 -0.15914700 -0.11618700
v -0.48915700 -0.15719400 -0.12985600
v -0.44815000 -0.15914700 -0.10056500
v -0.34465600 -0.15914700 0.18843800
v -0.21577600 -0.14743100 0.31731800
v -0.25873600 -0.13962000 0.28997900
v 0.21577600 -0.14743100 0.31731800
v 0.25873600 -0.13962000 0.28997900
v 0.40128500 -0.14938300 0.18062700
v 0.38956800 -0.15719400 0.18062700
v 0.46572500 -0.15914700 -0.11618700
v 0.44815000 -0.15914700 -0.10056500
v 0.48915700 -0.15719400 -0.12985600
v 0.52040100 -0.16305200 -0.10642300
v -0.60046200 -0.14352500 0.00097600
v -0.54383400 -0.15914700 -0.12204500
v -0.54188100 -0.15524200 -0.13376200
v -0.51259000 -0.15328900 -0.13766700
v -0.43252800 -0.15719400 -0.07908500
v 0.43252800 -0.15719400 -0.07908500
v 0.51259000 -0.15328900 -0.13766700
v 0.54383400 -0.15914700 -0.12204500
v 0.54188100 -0.15524200 -0.13376200
v 0.60046200 -0.14352500 0.00097600
v -0.56531300 -0.14547800 0.05370000
v -0.54188100 -0.15719400 -0.10837600
v -0.32122300 -0.13962000 0.22554000
v 0.32512800 -0.13962000 0.27045200
v 0.31731800 -0.14157200 0.26264100
v 0.33879800 -0.15719400 0.20015400
v 0.32122300 -0.13962000 0.22554000
v 0.37394700 -0.15133600 0.15719400
v 0.37785200 -0.14743100 0.18453200
v 0.36808800 -0.14547800 0.18062700
v 0.54188100 -0.15719400 -0.10837600
v 0.56531300 -0.14547800 0.05370000
v -0.53797500 -0.14743100 -0.13962000
v -0.42276500 -0.14938300 0.01269300
v -0.42276500 -0.14743100 -0.06151100
v -0.41495400 -0.14352500 0.06932200
v -0.39737900 -0.14938300 0.11423400
v -0.40909600 -0.14743100 -0.12399800
v -0.38371000 -0.14743100 -0.18648500
v -0.37394700 -0.15133600 0.15719400
v -0.36418300 -0.14743100 -0.21968100
v -0.33684500 -0.14743100 -0.25483000
v -0.30169600 -0.14743100 -0.28802700
v -0.26264100 -0.14743100 -0.31341200
v -0.22163400 -0.14743100 -0.33293900
v -0.18258000 -0.14743100 -0.34465600
v -0.14547800 -0.14743100 -0.35246700
v 0.00097600 -0.14743100 -0.35637200
v -0.10642300 -0.14743100 -0.35441900
v 0.14547800 -0.14743100 -0.35246700
v 0.10642300 -0.14743100 -0.35441900
v 0.18258000 -0.14743100 -0.34465600
v 0.22163400 -0.14743100 -0.33293900
v 0.26264100 -0.14743100 -0.31341200
v 0.30169600 -0.14743100 -0.28802700
v 0.31341200 -0.14743100 0.25483000
v 0.33684500 -0.14743100 -0.25483000
v 0.36418300 -0.14743100 -0.21968100
v 0.38371000 -0.14743100 -0.18648500
v 0.39737900 -0.14938300 0.11423400
v 0.37785200 -0.14352500 0.23530300
v 0.40909600 -0.14743100 -0.12399800
v 0.42276500 -0.14743100 -0.06151100
v 0.40128500 -0.13962000 0.17086300
v 0.41495400 -0.14352500 0.06932200
v 0.42276500 -0.14938300 0.01269300
v 0.53797500 -0.14743100 -0.13962000
v -0.60632100 -0.14352500 -0.03222000
v -0.56531300 -0.15133600 -0.11618700
v -0.56531300 -0.14743100 -0.12790300
v -0.56140800 -0.14743100 -0.10251800
v -0.46377200 -0.13766700 -0.12595100
v -0.48525200 -0.13571400 -0.13962000
v -0.44424500 -0.13766700 -0.11032900
v -0.37394700 -0.14938300 0.14547800
v -0.34856100 -0.12595100 0.19234300
v 0.33879800 -0.14743100 0.22554000
v 0.38761600 -0.14157200 0.21772900
v 0.38956800 -0.14352500 0.19624900
v 0.46377200 -0.13766700 -0.12595100
v 0.44424500 -0.13766700 -0.11032900
v 0.48525200 -0.13571400 -0.13962000
v 0.56140800 -0.14743100 -0.10251800
v 0.56531300 -0.15133600 -0.11618700
v 0.56531300 -0.14743100 -0.12790300
v 0.60632100 -0.14352500 -0.03222000
v -0.60046200 -0.14352500 -0.05955800
v -0.58093500 -0.13766700 -0.08884900
v -0.51063700 -0.13180900 -0.14743100
v -0.43057600 -0.13571400 -0.09080200
v 0.34465600 -0.14352500 0.20406000
v 0.34856100 -0.14547800 0.19624900
v 0.35051400 -0.14743100 0.23920900
v 0.43057600 -0.13571400 -0.09080200
v 0.51063700 -0.13180900 -0.14743100
v 0.58093500 -0.13766700 -0.08884900
v 0.60046200 -0.14352500 -0.05955800
v -0.56336100 -0.13962000 -0.13376200
v 0.56336100 -0.13962000 -0.13376200
v -0.59655700 -0.12985600 -0.07127400
v -0.53602300 -0.12595100 -0.14938300
v 0.35441900 -0.13962000 0.22749200
v 0.53602300 -0.12595100 -0.14938300
v 0.59655700 -0.12985600 -0.07127400
v -0.58484100 -0.13571400 0.03222000
v -0.58679300 -0.13766700 -0.11618700
v -0.58484100 -0.14352500 -0.10447100
v -0.43448100 -0.14157200 0.04588900
v -0.39737900 -0.14157200 0.11032900
v -0.29193200 -0.12985600 0.25873600
v 0.29193200 -0.12985600 0.25873600
v 0.39737900 -0.14157200 0.11032900
v 0.37394700 -0.14743100 0.14547800
v 0.43448100 -0.14157200 0.04588900
v 0.58484100 -0.14352500 -0.10447100
v 0.58679300 -0.13766700 -0.11618700
v 0.58484100 -0.13571400 0.03222000
v -0.41495400 -0.13376200 0.06932200
v -0.41690600 -0.13376200 0.01659800
v -0.38956800 -0.13180900 0.14352500
v -0.36027700 -0.10837600 0.19820100
v -0.11814000 -0.12985600 0.35637200
v -0.17086300 -0.12790300 0.34270300
v -0.06932200 -0.12985600 0.36418300
v 0.06932200 -0.12985600 0.36418300
v 0.00097600 -0.12985600 0.36613600
v 0.11814000 -0.12985600 0.35637200
v 0.17086300 -0.12790300 0.34270300
v 0.41495400 -0.13376200 0.06932200
v 0.41690600 -0.13376200 0.01659800
v -0.58484100 -0.12985600 -0.12204500
v -0.55945500 -0.11814000 -0.14352500
v -0.41690600 -0.13571400 -0.05955800
v -0.40128500 -0.13766700 -0.12204500
v -0.37589900 -0.13766700 -0.18258000
v -0.35832500 -0.13766700 -0.21382300
v -0.32903400 -0.13766700 -0.24897200
v -0.29583800 -0.13766700 -0.28021600
v -0.25678300 -0.13766700 -0.30560100
v -0.21577600 -0.13766700 -0.32512800
v -0.21577600 -0.12790300 0.32317600
v -0.25873600 -0.12009200 0.29388500
v -0.17867400 -0.13766700 -0.33684500
v -0.14157200 -0.13766700 -0.34465600
v 0.00097600 -0.13766700 -0.34660800
v -0.10447100 -0.13766700 -0.34660800
v 0.14157200 -0.13766700 -0.34465600
v 0.10447100 -0.13766700 -0.34660800
v 0.17867400 -0.13766700 -0.33684500
v 0.21577600 -0.12790300 0.32317600
v 0.21577600 -0.13766700 -0.32512800
v 0.25873600 -0.12009200 0.29388500
v 0.25678300 -0.13766700 -0.30560100
v 0.29583800 -0.13766700 -0.28021600
v 0.32903400 -0.13766700 -0.24897200
v 0.34660800 -0.13766700 0.22944500
v 0.35832500 -0.13766700 -0.21382300
v 0.37589900 -0.13766700 -0.18258000
v 0.34856100 -0.12595100 0.19234300
v 0.38956800 -0.13180900 0.14352500
v 0.36027700 -0.10837600 0.19820100
v 0.40128500 -0.13766700 -0.12204500
v 0.41690600 -0.13571400 -0.05955800
v 0.55945500 -0.11814000 -0.14352500
v 0.58484100 -0.12985600 -0.12204500
v -0.55164400 -0.11814000 0.05955800
v 0.37394700 -0.13376200 0.20015400
v 0.35441900 -0.13180900 0.20991800
v 0.55164400 -0.11814000 0.05955800
v -0.60632100 -0.13571400 -0.04003100
v -0.60632100 -0.13766700 -0.01659800
v -0.60632100 -0.12399800 -0.04979400
v -0.60046200 -0.13376200 0.00488200
v -0.60436800 -0.12985600 -0.09861300
v -0.60046200 -0.13376200 -0.08689600
v -0.44815000 -0.13571400 0.06736900
v -0.48525200 -0.12985600 0.07908500
v -0.41104800 -0.12595100 0.11032900
v -0.41104800 -0.12009200 0.10642300
v 0.37199400 -0.13376200 0.22163400
v 0.41104800 -0.12595100 0.11032900
v 0.41104800 -0.12009200 0.10642300
v 0.44815000 -0.13571400 0.06736900
v 0.48525200 -0.12985600 0.07908500
v 0.60046200 -0.13376200 -0.08689600
v 0.60436800 -0.12985600 -0.09861300
v 0.60632100 -0.13571400 -0.04003100
v 0.60632100 -0.12399800 -0.04979400
v 0.60632100 -0.13766700 -0.01659800
v 0.60046200 -0.13376200 0.00488200
v -0.43057600 -0.12790300 0.04784200
v -0.38956800 -0.12399800 0.13962000
v -0.40519000 -0.11228200 0.13571400
v 0.38956800 -0.12399800 0.13962000
v 0.40519000 -0.11228200 0.13571400
v 0.43057600 -0.12790300 0.04784200
v -0.58093500 -0.11032900 -0.13180900
v -0.50673200 -0.12595100 0.07908500
v -0.53016400 -0.12204500 0.07127400
v -0.32122300 -0.12009200 0.23139800
v 0.32122300 -0.12009200 0.23139800
v 0.50673200 -0.12595100 0.07908500
v 0.53016400 -0.12204500 0.07127400
v 0.58093500 -0.11032900 -0.13180900
v -0.60632100 -0.12985600 -0.02050400
v -0.60436800 -0.12009200 -0.10447100
v -0.46572500 -0.12595100 -0.12399800
v -0.48525200 -0.12399800 -0.13571400
v -0.44815000 -0.12595100 -0.10837600
v -0.39152100 -0.11814000 -0.16891100
v -0.41690600 -0.12985600 -0.04588900
v -0.41104800 -0.11423400 -0.09275400
v -0.36808800 -0.12204500 -0.21187000
v -0.34075000 -0.12009200 -0.25092500
v -0.31145900 -0.11814000 -0.28021600
v -0.27826300 -0.11618700 -0.30560100
v -0.23725600 -0.11423400 -0.32512800
v -0.20015400 -0.11228200 -0.34075000
v -0.16110000 -0.11228200 -0.35051400
v -0.12204500 -0.11228200 -0.35637200
v -0.07908500 -0.11228200 -0.35832500
v 0.07908500 -0.11228200 -0.35832500
v -0.00292900 -0.11228200 -0.35246700
v 0.00097600 -0.11228200 -0.35246700
v 0.00292900 -0.11228200 -0.35246700
v 0.12204500 -0.11228200 -0.35637200
v 0.16110000 -0.11228200 -0.35051400
v 0.20015400 -0.11228200 -0.34075000
v 0.23725600 -0.11423400 -0.32512800
v 0.27826300 -0.11618700 -0.30560100
v 0.31145900 -0.11814000 -0.28021600
v 0.34075000 -0.12009200 -0.25092500
v 0.36808800 -0.12204500 -0.21187000
v 0.39152100 -0.11814000 -0.16891100
v 0.41690600 -0.12985600 -0.04588900
v 0.41104800 -0.11423400 -0.09275400
v 0.46572500 -0.12595100 -0.12399800
v 0.44815000 -0.12595100 -0.10837600
v 0.48525200 -0.12399800 -0.13571400
v 0.60436800 -0.12009200 -0.10447100
v 0.60632100 -0.12985600 -0.02050400
v -0.60827300 -0.12009200 -0.02440900
v -0.60046200 -0.12595100 0.00097600
v -0.58484100 -0.11814000 0.02831400
v -0.50868400 -0.12009200 -0.14352500
v -0.46572500 -0.12790300 0.08494300
v -0.44424500 -0.12204500 0.06932200
v -0.43252800 -0.12595100 -0.09275400
v 0.43252800 -0.12595100 -0.09275400
v 0.46572500 -0.12790300 0.08494300
v 0.44424500 -0.12204500 0.06932200
v 0.50868400 -0.12009200 -0.14352500
v 0.60046200 -0.12595100 0.00097600
v 0.58484100 -0.11814000 0.02831400
v 0.60827300 -0.12009200 -0.02440900
v -0.61803700 -0.12204500 -0.07713300
v -0.61217900 -0.12790300 -0.06736900
v -0.41300100 -0.12595100 0.06932200
v -0.41690600 -0.12399800 0.02050400
v -0.40323700 -0.12399800 0.06932200
v -0.40909600 -0.11423400 0.10251800
v 0.41300100 -0.12595100 0.06932200
v 0.40909600 -0.11423400 0.10251800
v 0.41690600 -0.12399800 0.02050400
v 0.40323700 -0.12399800 0.06932200
v 0.61217900 -0.12790300 -0.06736900
v 0.61803700 -0.12204500 -0.07713300
v -0.53211700 -0.11423400 -0.14547800
v -0.37004100 -0.09861300 0.17672100
v 0.37004100 -0.09861300 0.17672100
v 0.53211700 -0.11423400 -0.14547800
v -0.60046200 -0.11814000 -0.00097600
v -0.61803700 -0.11228200 -0.08299100
v -0.60046200 -0.10056500 -0.11423400
v -0.48720500 -0.12204500 0.09666000
v -0.29193200 -0.10837600 0.26459400
v -0.11814000 -0.11032900 0.35832500
v -0.17086300 -0.10837600 0.34465600
v -0.06932200 -0.11032900 0.36613600
v 0.06932200 -0.11032900 0.36613600
v 0.00097600 -0.11032900 0.36808800
v 0.11814000 -0.11032900 0.35832500
v 0.17086300 -0.10837600 0.34465600
v 0.29193200 -0.10837600 0.26459400
v 0.48720500 -0.12204500 0.09666000
v 0.60046200 -0.10056500 -0.11423400
v 0.61803700 -0.11228200 -0.08299100
v 0.60046200 -0.11814000 -0.00097600
v -0.61999000 -0.12204500 -0.04588900
v -0.62584800 -0.11423400 -0.05370000
v -0.46377200 -0.11618700 0.08689600
v -0.43057600 -0.10056500 0.05370000
v -0.21577600 -0.10642300 0.32512800
v -0.25873600 -0.10056500 0.29779000
v 0.21577600 -0.10642300 0.32512800
v 0.25873600 -0.10056500 0.29779000
v 0.43057600 -0.10056500 0.05370000
v 0.46377200 -0.11618700 0.08689600
v 0.61999000 -0.12204500 -0.04588900
v 0.62584800 -0.11423400 -0.05370000
v -0.55555000 -0.10642300 -0.13962000
v -0.51454300 -0.12204500 0.09666000
v -0.45596100 -0.11618700 -0.13766700
v -0.47744100 -0.11423400 -0.14938300
v -0.43838600 -0.11618700 -0.12204500
v -0.39542700 -0.11423400 0.10056500
v -0.40519000 -0.10837600 0.13180900
v -0.32122300 -0.10251800 0.23335000
v 0.32122300 -0.10251800 0.23335000
v 0.40519000 -0.10837600 0.13180900
v 0.39542700 -0.11423400 0.10056500
v 0.43838600 -0.11618700 -0.12204500
v 0.45596100 -0.11618700 -0.13766700
v 0.47744100 -0.11423400 -0.14938300
v 0.51454300 -0.12204500 0.09666000
v 0.55555000 -0.10642300 -0.13962000
v -0.50282600 -0.11032900 -0.15719400
v -0.41690600 -0.09861300 0.03222000
v -0.38956800 -0.09275400 0.16695800
v 0.38956800 -0.09275400 0.16695800
v 0.41690600 -0.09861300 0.03222000
v 0.50282600 -0.11032900 -0.15719400
v -0.62194200 -0.11814000 -0.02245600
v -0.62975300 -0.11032900 -0.02831400
v -0.62780100 -0.10642300 -0.05760500
v -0.53797500 -0.12009200 0.09080200
v -0.51063700 -0.11423400 0.10251800
v -0.48525200 -0.10837600 0.09861300
v -0.44424500 -0.09666000 0.07127400
v -0.34856100 -0.09666000 -0.24897200
v -0.37199400 -0.10056500 -0.20991800
v 0.34856100 -0.09666000 -0.24897200
v 0.37199400 -0.10056500 -0.20991800
v 0.44424500 -0.09666000 0.07127400
v 0.51063700 -0.11423400 0.10251800
v 0.48525200 -0.10837600 0.09861300
v 0.53797500 -0.12009200 0.09080200
v 0.62780100 -0.10642300 -0.05760500
v 0.62194200 -0.11814000 -0.02245600
v 0.62975300 -0.11032900 -0.02831400
v -0.61413200 -0.09275400 -0.09275400
v -0.56140800 -0.11618700 0.08299100
v -0.53797500 -0.11032900 0.10056500
v -0.52821200 -0.10251800 -0.15914700
v -0.40323700 -0.10251800 0.12790300
v -0.31927000 -0.09275400 -0.28021600
v 0.31927000 -0.09275400 -0.28021600
v 0.40323700 -0.10251800 0.12790300
v 0.52821200 -0.10251800 -0.15914700
v 0.56140800 -0.11618700 0.08299100
v 0.53797500 -0.11032900 0.10056500
v 0.61413200 -0.09275400 -0.09275400
v -0.61999000 -0.11618700 0.00097600
v -0.62780100 -0.10642300 -0.00097600
v -0.61413200 -0.11618700 0.02440900
v -0.58093500 -0.11618700 0.06541600
v -0.60046200 -0.11618700 0.04588900
v -0.57703000 -0.09861300 -0.12790300
v -0.38761600 -0.09666000 -0.16500500
v -0.28412100 -0.08884900 -0.30560100
v 0.28412100 -0.08884900 -0.30560100
v 0.38761600 -0.09666000 -0.16500500
v 0.58093500 -0.11618700 0.06541600
v 0.57703000 -0.09861300 -0.12790300
v 0.61413200 -0.11618700 0.02440900
v 0.60046200 -0.11618700 0.04588900
v 0.61999000 -0.11618700 0.00097600
v 0.62780100 -0.10642300 -0.00097600
v -0.61999000 -0.10642300 0.02636200
v -0.60632100 -0.10642300 0.05174700
v -0.58679300 -0.10642300 0.07322700
v -0.56336100 -0.10642300 0.09080200
v -0.46181900 -0.09080200 0.08494300
v -0.44619700 -0.09080200 -0.14743100
v -0.46767700 -0.08884900 -0.15914700
v -0.42471700 -0.09080200 -0.12985600
v -0.24506700 -0.08494300 -0.32708100
v 0.24506700 -0.08494300 -0.32708100
v 0.44619700 -0.09080200 -0.14743100
v 0.42471700 -0.09080200 -0.12985600
v 0.46767700 -0.08884900 -0.15914700
v 0.46181900 -0.09080200 0.08494300
v 0.56336100 -0.10642300 0.09080200
v 0.58679300 -0.10642300 0.07322700
v 0.60632100 -0.10642300 0.05174700
v 0.61999000 -0.10642300 0.02636200
v -0.62975300 -0.10056500 -0.03026700
v -0.55359700 -0.09470700 -0.15133600
v -0.51063700 -0.10251800 0.10447100
v -0.49306300 -0.08299100 -0.16695800
v -0.38956800 -0.08494300 -0.16305200
v -0.40909600 -0.09080200 -0.10447100
v -0.38761600 -0.10251800 0.12595100
v -0.38956800 -0.07127400 0.12204500
v -0.40714300 -0.08689600 0.06736900
v -0.20601200 -0.08299100 -0.34270300
v 0.20601200 -0.08299100 -0.34270300
v 0.38761600 -0.10251800 0.12595100
v 0.38956800 -0.07127400 0.12204500
v 0.40714300 -0.08689600 0.06736900
v 0.38956800 -0.08494300 -0.16305200
v 0.40909600 -0.09080200 -0.10447100
v 0.49306300 -0.08299100 -0.16695800
v 0.51063700 -0.10251800 0.10447100
v 0.55359700 -0.09470700 -0.15133600
v 0.62975300 -0.10056500 -0.03026700
v -0.62389500 -0.08494300 -0.06736900
v -0.38956800 -0.08884900 0.16110000
v -0.16500500 -0.08299100 -0.35246700
v -0.12595100 -0.08299100 -0.36027700
v -0.08103800 -0.08299100 -0.36223000
v -0.00292900 -0.08299100 -0.35637200
v 0.00097600 -0.08299100 -0.35637200
v 0.00292900 -0.08299100 -0.35637200
v 0.08103800 -0.08299100 -0.36223000
v 0.12595100 -0.08299100 -0.36027700
v 0.16500500 -0.08299100 -0.35246700
v 0.38956800 -0.08884900 0.16110000
v 0.62389500 -0.08494300 -0.06736900
v -0.62780100 -0.09861300 -0.00292900
v -0.59460400 -0.08884900 -0.11228200
v -0.53797500 -0.09861300 0.10056500
v -0.52040100 -0.07713300 -0.16891100
v -0.11814000 -0.08884900 0.36027700
v -0.17086300 -0.08884900 0.34660800
v -0.06932200 -0.09080200 0.36613600
v 0.06932200 -0.09080200 0.36613600
v 0.00097600 -0.09080200 0.37004100
v 0.11814000 -0.08884900 0.36027700
v 0.17086300 -0.08884900 0.34660800
v 0.52040100 -0.07713300 -0.16891100
v 0.53797500 -0.09861300 0.10056500
v 0.59460400 -0.08884900 -0.11228200
v 0.62780100 -0.09861300 -0.00292900
v -0.48525200 -0.08494300 0.09470700
v -0.38761600 -0.08494300 0.15524200
v -0.33098700 -0.08689600 0.23335000
v -0.29193200 -0.08884900 0.26654700
v -0.21577600 -0.08689600 0.32708100
v 0.21577600 -0.08689600 0.32708100
v 0.29193200 -0.08884900 0.26654700
v 0.33098700 -0.08689600 0.23335000
v 0.38761600 -0.08494300 0.15524200
v 0.48525200 -0.08494300 0.09470700
v -0.62975300 -0.07908500 -0.04003100
v -0.61999000 -0.09666000 0.02636200
v -0.60632100 -0.09666000 0.05174700
v -0.58679300 -0.09666000 0.07518000
v -0.56336100 -0.09666000 0.09080200
v -0.57507700 -0.08494300 -0.13766700
v -0.24506700 -0.08299100 0.30755400
v 0.24506700 -0.08299100 0.30755400
v 0.57507700 -0.08494300 -0.13766700
v 0.56336100 -0.09666000 0.09080200
v 0.58679300 -0.09666000 0.07518000
v 0.60632100 -0.09666000 0.05174700
v 0.61999000 -0.09666000 0.02636200
v 0.62975300 -0.07908500 -0.04003100
v -0.54578600 -0.06736900 -0.16110000
v -0.50868400 -0.07908500 0.09861300
v -0.37394700 -0.08689600 0.14938300
v -0.37394700 -0.05565300 0.14547800
v -0.29193200 -0.07127400 0.26459400
v 0.29193200 -0.07127400 0.26459400
v 0.37394700 -0.08689600 0.14938300
v 0.37394700 -0.05565300 0.14547800
v 0.50868400 -0.07908500 0.09861300
v 0.54578600 -0.06736900 -0.16110000
v -0.62780100 -0.07518000 -0.01074000
v -0.60827300 -0.08103800 -0.09080200
v -0.43057600 -0.08884900 0.05370000
v -0.36613600 -0.07713300 -0.21382300
v -0.34660800 -0.07713300 -0.24702000
v -0.26849900 -0.07127400 0.28997900
v 0.26849900 -0.07127400 0.28997900
v 0.34660800 -0.07713300 -0.24702000
v 0.36613600 -0.07713300 -0.21382300
v 0.43057600 -0.08884900 0.05370000
v 0.60827300 -0.08103800 -0.09080200
v 0.62780100 -0.07518000 -0.01074000
v -0.61999000 -0.07322700 0.01855100
v -0.59265200 -0.07518000 -0.12009200
v -0.53602300 -0.07518000 0.09666000
v -0.41300100 -0.08299100 0.04003100
v -0.37980500 -0.08103800 0.18258000
v -0.35051400 -0.06932200 0.20601200
v -0.36808800 -0.06541600 0.19820100
v 0.37980500 -0.08103800 0.18258000
v 0.35051400 -0.06932200 0.20601200
v 0.36808800 -0.06541600 0.19820100
v 0.41300100 -0.08299100 0.04003100
v 0.53602300 -0.07518000 0.09666000
v 0.59265200 -0.07518000 -0.12009200
v 0.61999000 -0.07322700 0.01855100
v -0.60436800 -0.07127400 0.04784200
v -0.58484100 -0.07127400 0.06932200
v -0.56140800 -0.07322700 0.08689600
v -0.44619700 -0.08494300 0.06932200
v -0.32122300 -0.06932200 -0.27826300
v 0.32122300 -0.06932200 -0.27826300
v 0.44619700 -0.08494300 0.06932200
v 0.56140800 -0.07322700 0.08689600
v 0.58484100 -0.07127400 0.06932200
v 0.60436800 -0.07127400 0.04784200
v -0.56921900 -0.05760500 -0.14743100
v 0.56921900 -0.05760500 -0.14743100
v -0.61803700 -0.07322700 -0.06736900
v -0.37980500 -0.07713300 0.17672100
v -0.28802700 -0.06541600 -0.30560100
v 0.28802700 -0.06541600 -0.30560100
v 0.37980500 -0.07713300 0.17672100
v 0.61803700 -0.07322700 -0.06736900
v -0.46377200 -0.07908500 0.08103800
v -0.44229200 -0.08103800 -0.14743100
v -0.46572500 -0.07908500 -0.16110000
v -0.42276500 -0.08299100 -0.12985600
v -0.39542700 -0.06151100 -0.16110000
v -0.40909600 -0.07322700 -0.10837600
v -0.06932200 -0.06932200 0.36613600
v -0.11814000 -0.06932200 0.35832500
v 0.06932200 -0.06932200 0.36613600
v 0.00097600 -0.06932200 0.36808800
v 0.11814000 -0.06932200 0.35832500
v 0.42276500 -0.08299100 -0.12985600
v 0.39542700 -0.06151100 -0.16110000
v 0.40909600 -0.07322700 -0.10837600
v 0.44229200 -0.08103800 -0.14743100
v 0.46572500 -0.07908500 -0.16110000
v 0.46377200 -0.07908500 0.08103800
v -0.60827300 -0.06541600 -0.09861300
v -0.49111000 -0.07518000 -0.16891100
v -0.42667000 -0.07713300 0.05955800
v -0.37785200 -0.07322700 0.17086300
v -0.26849900 -0.04784200 0.28802700
v -0.24897200 -0.06151100 -0.32708100
v -0.17086300 -0.06736900 0.34465600
v -0.21577600 -0.06541600 0.32512800
v 0.17086300 -0.06736900 0.34465600
v 0.21577600 -0.06541600 0.32512800
v 0.24897200 -0.06151100 -0.32708100
v 0.26849900 -0.04784200 0.28802700
v 0.37785200 -0.07322700 0.17086300
v 0.42667000 -0.07713300 0.05955800
v 0.49111000 -0.07518000 -0.16891100
v 0.60827300 -0.06541600 -0.09861300
v -0.40909600 -0.05955800 0.04198400
v -0.38371000 -0.04393600 0.11423400
v -0.36418300 -0.07518000 0.16500500
v -0.36418300 -0.04393600 0.16110000
v -0.30364900 -0.05760500 0.26068900
v -0.24506700 -0.06151100 0.30755400
v 0.24506700 -0.06151100 0.30755400
v 0.30364900 -0.05760500 0.26068900
v 0.36418300 -0.07518000 0.16500500
v 0.36418300 -0.04393600 0.16110000
v 0.40909600 -0.05955800 0.04198400
v 0.38371000 -0.04393600 0.11423400
v -0.62194200 -0.06736900 -0.04003100
v -0.58874600 -0.04784200 -0.12985600
v -0.48720500 -0.07518000 0.08884900
v -0.44229200 -0.07322700 0.07518000
v -0.37394700 -0.05370000 -0.20601200
v -0.20796500 -0.05955800 -0.34270300
v 0.20796500 -0.05955800 -0.34270300
v 0.37394700 -0.05370000 -0.20601200
v 0.44229200 -0.07322700 0.07518000
v 0.48720500 -0.07518000 0.08884900
v 0.58874600 -0.04784200 -0.12985600
v 0.62194200 -0.06736900 -0.04003100
v -0.51649500 -0.06736900 -0.16891100
v -0.44424500 -0.06932200 -0.13766700
v -0.16695800 -0.05955800 -0.35441900
v -0.12595100 -0.05955800 -0.36027700
v -0.08103800 -0.05955800 -0.36223000
v -0.00292900 -0.05955800 -0.35832500
v 0.00097600 -0.05955800 -0.35832500
v 0.00292900 -0.05955800 -0.35832500
v 0.08103800 -0.05955800 -0.36223000
v 0.12595100 -0.05955800 -0.36027700
v 0.16695800 -0.05955800 -0.35441900
v 0.44424500 -0.06932200 -0.13766700
v 0.51649500 -0.06736900 -0.16891100
v -0.61803700 -0.05760500 -0.07127400
v -0.46572500 -0.06736900 -0.14938300
v -0.36808800 -0.06151100 0.19234300
v 0.36808800 -0.06151100 0.19234300
v 0.46572500 -0.06736900 -0.14938300
v 0.61803700 -0.05760500 -0.07127400
v -0.62194200 -0.06346400 -0.01269300
v -0.51063700 -0.06932200 0.09080200
v -0.48915700 -0.06346400 -0.15719400
v -0.46181900 -0.06736900 0.08689600
v 0.46181900 -0.06736900 0.08689600
v 0.48915700 -0.06346400 -0.15719400
v 0.51063700 -0.06932200 0.09080200
v 0.62194200 -0.06346400 -0.01269300
v -0.54188100 -0.05955800 -0.16305200
v -0.42081200 -0.05370000 0.06151100
v -0.36808800 -0.05955800 0.18453200
v -0.34660800 -0.05174700 -0.24702000
v -0.32122300 -0.04588900 -0.27631000
v 0.34660800 -0.05174700 -0.24702000
v 0.32122300 -0.04588900 -0.27631000
v 0.36808800 -0.05955800 0.18453200
v 0.42081200 -0.05370000 0.06151100
v 0.54188100 -0.05955800 -0.16305200
v -0.61413200 -0.06151100 0.01464500
v -0.60436800 -0.03807800 -0.10642300
v -0.53602300 -0.06541600 0.08884900
v -0.51259000 -0.05565300 -0.15719400
v -0.48525200 -0.06151100 0.09470700
v -0.35441900 -0.05955800 0.17867400
v -0.35441900 -0.02831400 0.17476900
v 0.35441900 -0.05955800 0.17867400
v 0.35441900 -0.02831400 0.17476900
v 0.48525200 -0.06151100 0.09470700
v 0.51259000 -0.05565300 -0.15719400
v 0.53602300 -0.06541600 0.08884900
v 0.60436800 -0.03807800 -0.10642300
v 0.61413200 -0.06151100 0.01464500
v -0.60046200 -0.05955800 0.04198400
v -0.62194200 -0.05174700 -0.04393600
v -0.55945500 -0.06151100 0.08103800
v -0.43838600 -0.04979400 0.07713300
v -0.42862300 -0.06346400 -0.13962000
v -0.39542700 -0.03807800 -0.13376200
v 0.42862300 -0.06346400 -0.13962000
v 0.39542700 -0.03807800 -0.13376200
v 0.43838600 -0.04979400 0.07713300
v 0.55945500 -0.06151100 0.08103800
v 0.62194200 -0.05174700 -0.04393600
v 0.60046200 -0.05955800 0.04198400
v -0.58288800 -0.05955800 0.06346400
v -0.37394700 -0.02831400 0.14157200
v -0.26849900 -0.02831400 0.28021600
v -0.24506700 -0.02831400 0.30169600
v 0.24506700 -0.02831400 0.30169600
v 0.26849900 -0.02831400 0.28021600
v 0.37394700 -0.02831400 0.14157200
v 0.58288800 -0.05955800 0.06346400
v -0.51063700 -0.05565300 0.09666000
v -0.45596100 -0.05955800 -0.15524200
v -0.35832500 -0.05174700 0.20991800
v -0.32903400 -0.03612500 0.22749200
v -0.34660800 -0.03417300 0.21968100
v -0.28802700 -0.04003100 -0.30364900
v -0.11814000 -0.04198400 0.35441900
v -0.17086300 -0.04003100 0.34075000
v -0.06932200 -0.04198400 0.36027700
v 0.06932200 -0.04198400 0.36027700
v 0.00097600 -0.04198400 0.36223000
v 0.11814000 -0.04198400 0.35441900
v 0.17086300 -0.04003100 0.34075000
v 0.28802700 -0.04003100 -0.30364900
v 0.35832500 -0.05174700 0.20991800
v 0.32903400 -0.03612500 0.22749200
v 0.34660800 -0.03417300 0.21968100
v 0.45596100 -0.05955800 -0.15524200
v 0.51063700 -0.05565300 0.09666000
v -0.61999000 -0.04784200 -0.01464500
v -0.56531300 -0.04979400 -0.14938300
v -0.53602300 -0.04784200 -0.15133600
v -0.48329900 -0.05370000 -0.16500500
v -0.45791400 -0.04393600 0.08884900
v -0.21577600 -0.03612500 0.32122300
v 0.21577600 -0.03612500 0.32122300
v 0.45791400 -0.04393600 0.08884900
v 0.48329900 -0.05370000 -0.16500500
v 0.53602300 -0.04784200 -0.15133600
v 0.56531300 -0.04979400 -0.14938300
v 0.61999000 -0.04784200 -0.01464500
v -0.53602300 -0.05174700 0.09275400
v -0.35832500 -0.04784200 0.20210700
v -0.24897200 -0.03807800 -0.32512800
v 0.24897200 -0.03807800 -0.32512800
v 0.35832500 -0.04784200 0.20210700
v 0.53602300 -0.05174700 0.09275400
v -0.61413200 -0.04588900 0.01464500
v -0.51063700 -0.04588900 -0.16500500
v -0.44424500 -0.03026700 -0.16891100
v -0.41690600 -0.03417300 -0.15524200
v 0.44424500 -0.03026700 -0.16891100
v 0.41690600 -0.03417300 -0.15524200
v 0.51063700 -0.04588900 -0.16500500
v 0.61413200 -0.04588900 0.01464500
v -0.60046200 -0.04393600 0.04198400
v -0.56140800 -0.04784200 0.08103800
v -0.48134600 -0.03807800 0.09470700
v -0.37980500 -0.03612500 -0.19820100
v -0.35832500 -0.04588900 0.19624900
v -0.20796500 -0.03417300 -0.34270300
v 0.20796500 -0.03417300 -0.34270300
v 0.35832500 -0.04588900 0.19624900
v 0.37980500 -0.03612500 -0.19820100
v 0.48134600 -0.03807800 0.09470700
v 0.56140800 -0.04784200 0.08103800
v 0.60046200 -0.04393600 0.04198400
v -0.58288800 -0.04588900 0.06541600
v -0.55750300 -0.04003100 -0.13962000
v -0.47158300 -0.02440900 -0.17672100
v -0.40714300 -0.05174700 0.03807800
v -0.38566300 -0.01659800 0.11618700
v -0.34660800 -0.04784200 0.18843800
v -0.34660800 -0.01659800 0.18453200
v -0.16695800 -0.03417300 -0.35246700
v -0.12595100 -0.03417300 -0.36027700
v -0.08103800 -0.03417300 -0.36223000
v -0.00292900 -0.03417300 -0.35832500
v 0.00097600 -0.03417300 -0.35832500
v 0.00292900 -0.03417300 -0.35832500
v 0.08103800 -0.03417300 -0.36223000
v 0.12595100 -0.03417300 -0.36027700
v 0.16695800 -0.03417300 -0.35246700
v 0.34660800 -0.04784200 0.18843800
v 0.34660800 -0.01659800 0.18453200
v 0.40714300 -0.05174700 0.03807800
v 0.38566300 -0.01659800 0.11618700
v 0.47158300 -0.02440900 -0.17672100
v 0.55750300 -0.04003100 -0.13962000
v 0.58288800 -0.04588900 0.06541600
v -0.62194200 -0.04198400 -0.04588900
v -0.61803700 -0.02831400 -0.07908500
v -0.58484100 -0.04003100 -0.12985600
v -0.29583800 0.01659800 0.25678300
v 0.29583800 0.01659800 0.25678300
v 0.58484100 -0.04003100 -0.12985600
v 0.62194200 -0.04198400 -0.04588900
v 0.61803700 -0.02831400 -0.07908500
v -0.53602300 -0.03612500 -0.15719400
v -0.50673200 -0.03222000 0.09666000
v -0.36418300 -0.01659800 0.15719400
v 0.36418300 -0.01659800 0.15719400
v 0.50673200 -0.03222000 0.09666000
v 0.53602300 -0.03612500 -0.15719400
v -0.49892100 -0.01659800 -0.17476900
v -0.42081200 -0.04588900 0.05760500
v -0.35246700 -0.02245600 -0.23920900
v 0.35246700 -0.02245600 -0.23920900
v 0.42081200 -0.04588900 0.05760500
v 0.49892100 -0.01659800 -0.17476900
v -0.53211700 -0.02636200 0.09275400
v -0.40714300 -0.04588900 0.03807800
v -0.34856100 -0.03222000 0.21187100
v -0.32903400 -0.00878700 -0.26849900
v 0.32903400 -0.00878700 -0.26849900
v 0.34856100 -0.03222000 0.21187100
v 0.40714300 -0.04588900 0.03807800
v 0.53211700 -0.02636200 0.09275400
v -0.57507700 -0.03026700 -0.12204500
v -0.43838600 -0.04198400 0.07322700
v 0.43838600 -0.04198400 0.07322700
v 0.57507700 -0.03026700 -0.12204500
v -0.62194200 -0.03612500 -0.01659800
v -0.60046200 -0.03026700 -0.10837600
v -0.55750300 -0.02245600 0.08103800
v -0.55750300 -0.02636200 -0.14352500
v -0.34856100 -0.03026700 0.20601200
v -0.33684500 -0.03222000 0.19820100
v -0.33684500 -0.00292900 0.19429600
v -0.24506700 0.00292900 0.29193200
v 0.24506700 0.00292900 0.29193200
v 0.33684500 -0.03222000 0.19820100
v 0.33684500 -0.00292900 0.19429600
v 0.34856100 -0.03026700 0.20601200
v 0.55750300 -0.02636200 -0.14352500
v 0.55750300 -0.02245600 0.08103800
v 0.60046200 -0.03026700 -0.10837600
v 0.62194200 -0.03612500 -0.01659800
v -0.60046200 -0.01269300 0.04198400
v -0.61413200 -0.01269300 0.01269300
v -0.58093500 -0.01855100 0.06346400
v -0.52625900 -0.00683500 -0.16695800
v -0.42081200 -0.04198400 0.05174700
v -0.41300100 -0.03026700 0.06151100
v -0.39933200 -0.03026700 0.04588900
v -0.29779000 0.00292900 -0.29583800
v 0.29779000 0.00292900 -0.29583800
v 0.42081200 -0.04198400 0.05174700
v 0.41300100 -0.03026700 0.06151100
v 0.39933200 -0.03026700 0.04588900
v 0.52625900 -0.00683500 -0.16695800
v 0.58093500 -0.01855100 0.06346400
v 0.60046200 -0.01269300 0.04198400
v 0.61413200 -0.01269300 0.01269300
v -0.45791400 -0.03612500 0.08494300
v -0.37394700 -0.00488200 0.13571400
v -0.35441900 -0.00292900 0.17086300
v 0.35441900 -0.00292900 0.17086300
v 0.37394700 -0.00488200 0.13571400
v 0.45791400 -0.03612500 0.08494300
v -0.62194200 -0.02050400 -0.04979400
v -0.43838600 -0.03612500 0.06541600
v -0.11814000 -0.01074000 0.34465600
v -0.17086300 -0.00683500 0.33098700
v -0.06932200 -0.01269300 0.35051400
v 0.06932200 -0.01269300 0.35051400
v 0.00097600 -0.01464500 0.35441900
v 0.11814000 -0.01074000 0.34465600
v 0.17086300 -0.00683500 0.33098700
v 0.43838600 -0.03612500 0.06541600
v 0.62194200 -0.02050400 -0.04979400
v -0.59069900 -0.02050400 -0.10251800
v -0.57507700 -0.01855100 -0.12595100
v -0.25873600 0.01074000 -0.31927000
v -0.21577600 -0.00292900 0.31341200
v 0.21577600 -0.00292900 0.31341200
v 0.25873600 0.01074000 -0.31927000
v 0.57507700 -0.01855100 -0.12595100
v 0.59069900 -0.02050400 -0.10251800
v -0.61413200 -0.02050400 -0.08103800
v -0.48134600 -0.03026700 0.09080200
v -0.37589900 -0.01269300 -0.18843800
v -0.38371000 -0.00097600 -0.15328900
v -0.21577600 0.01659800 -0.33684500
v 0.21577600 0.01659800 -0.33684500
v 0.37589900 -0.01269300 -0.18843800
v 0.38371000 -0.00097600 -0.15328900
v 0.48134600 -0.03026700 0.09080200
v 0.61413200 -0.02050400 -0.08103800
v -0.62194200 -0.01464500 -0.01855100
v -0.54773900 0.00292900 -0.15328900
v -0.45791400 -0.03026700 0.07322700
v -0.43057600 -0.02440900 0.07322700
v -0.35637200 -0.00097600 -0.23139800
v -0.33879800 -0.02050400 0.22554000
v -0.32708100 -0.00097600 0.23335000
v -0.30364900 0.01269300 0.24311400
v 0.33879800 -0.02050400 0.22554000
v 0.32708100 -0.00097600 0.23335000
v 0.30364900 0.01269300 0.24311400
v 0.35637200 -0.00097600 -0.23139800
v 0.45791400 -0.03026700 0.07322700
v 0.43057600 -0.02440900 0.07322700
v 0.54773900 0.00292900 -0.15328900
v 0.62194200 -0.01464500 -0.01855100
v -0.43838600 -0.01269300 -0.17672100
v -0.40714300 -0.00097600 -0.17086300
v -0.34075000 -0.01855100 0.21772900
v -0.17281600 0.01659800 -0.35051400
v -0.12790300 0.01659800 -0.35832500
v -0.08103800 0.01659800 -0.36223000
v -0.00292900 0.01659800 -0.35832500
v 0.00097600 0.01659800 -0.35832500
v 0.00292900 0.01659800 -0.35832500
v 0.08103800 0.01659800 -0.36223000
v 0.12790300 0.01659800 -0.35832500
v 0.17281600 0.01659800 -0.35051400
v 0.34075000 -0.01855100 0.21772900
v 0.43838600 -0.01269300 -0.17672100
v 0.40714300 -0.00097600 -0.17086300
v -0.50673200 -0.02440900 0.09275400
v -0.34075000 -0.01659800 0.21187100
v -0.32903400 -0.01855100 0.20406000
v -0.32903400 0.00878700 0.20015400
v 0.32903400 -0.01855100 0.20406000
v 0.32903400 0.00878700 0.20015400
v 0.34075000 -0.01659800 0.21187100
v 0.50673200 -0.02440900 0.09275400
v -0.60046200 -0.01074000 -0.07713300
v -0.59069900 -0.00683500 -0.10447100
v -0.47939400 -0.02440900 0.07713300
v -0.45205500 -0.01855100 0.08299100
v -0.46572500 -0.00683500 -0.18258000
v -0.40714300 -0.01269300 0.06541600
v -0.37980500 0.00488200 0.11228200
v -0.38761600 0.00097600 0.04979400
v 0.40714300 -0.01269300 0.06541600
v 0.37980500 0.00488200 0.11228200
v 0.38761600 0.00097600 0.04979400
v 0.46572500 -0.00683500 -0.18258000
v 0.47939400 -0.02440900 0.07713300
v 0.45205500 -0.01855100 0.08299100
v 0.59069900 -0.00683500 -0.10447100
v 0.60046200 -0.01074000 -0.07713300
v -0.61999000 -0.01074000 -0.05174700
v -0.36418300 0.00488200 0.15328900
v -0.34660800 0.00683500 0.18062700
v -0.27435800 0.06151100 0.26459400
v 0.27435800 0.06151100 0.26459400
v 0.34660800 0.00683500 0.18062700
v 0.36418300 0.00488200 0.15328900
v 0.61999000 -0.01074000 -0.05174700
v -0.56726600 0.01269300 -0.13376200
v -0.53211700 -0.01855100 0.08884900
v 0.53211700 -0.01855100 0.08884900
v 0.56726600 0.01269300 -0.13376200
v -0.50282600 -0.01855100 0.07713300
v -0.47548800 -0.01074000 0.08884900
v -0.49306300 0.00097600 -0.18258000
v -0.42471700 -0.00878700 0.07713300
v 0.42471700 -0.00878700 0.07713300
v 0.49306300 0.00097600 -0.18258000
v 0.50282600 -0.01855100 0.07713300
v 0.47548800 -0.01074000 0.08884900
v -0.55750300 -0.01269300 0.07713300
v -0.33293900 0.01659800 -0.26459400
v 0.33293900 0.01659800 -0.26459400
v 0.55750300 -0.01269300 0.07713300
v -0.61803700 -0.00488200 -0.02050400
v -0.60632100 -0.00292900 -0.04979400
v -0.60046200 0.00097600 -0.07908500
v -0.33098700 0.00097600 0.22554000
v 0.33098700 0.00097600 0.22554000
v 0.60046200 0.00097600 -0.07908500
v 0.60632100 -0.00292900 -0.04979400
v 0.61803700 -0.00488200 -0.02050400
v -0.57898300 -0.00878700 0.06151100
v -0.52625900 -0.01269300 0.07322700
v -0.50087400 -0.00292900 0.08884900
v -0.44619700 -0.00097600 0.08494300
v -0.33098700 0.00292900 0.21772900
v -0.31927000 -0.00097600 0.20991800
v -0.31927000 0.02440900 0.20601200
v 0.31927000 -0.00097600 0.20991800
v 0.31927000 0.02440900 0.20601200
v 0.33098700 0.00292900 0.21772900
v 0.44619700 -0.00097600 0.08494300
v 0.52625900 -0.01269300 0.07322700
v 0.50087400 -0.00292900 0.08884900
v 0.57898300 -0.00878700 0.06151100
v -0.52040100 0.00878700 -0.17281600
v -0.35441900 0.01464500 0.16500500
v -0.33684500 0.01855100 0.19039100
v 0.33684500 0.01855100 0.19039100
v 0.35441900 0.01464500 0.16500500
v 0.52040100 0.00878700 -0.17281600
v -0.61217900 -0.00292900 0.01074000
v -0.06932200 0.00878700 0.34270300
v 0.06932200 0.00878700 0.34270300
v 0.00097600 0.00683500 0.34660800
v 0.61217900 -0.00292900 0.01074000
v -0.59851000 -0.00488200 0.04003100
v -0.54969200 -0.00683500 0.06346400
v -0.52625900 0.00292900 0.08103800
v -0.45986600 0.00878700 -0.18648500
v -0.43252800 0.00488200 -0.18258000
v -0.40323700 0.00488200 0.06736900
v -0.37004100 0.01659800 -0.20015400
v -0.35832500 0.02636200 -0.22944500
v -0.11814000 0.01855100 0.33293900
v 0.11814000 0.01855100 0.33293900
v 0.35832500 0.02636200 -0.22944500
v 0.37004100 0.01659800 -0.20015400
v 0.40323700 0.00488200 0.06736900
v 0.45986600 0.00878700 -0.18648500
v 0.43252800 0.00488200 -0.18258000
v 0.54969200 -0.00683500 0.06346400
v 0.52625900 0.00292900 0.08103800
v 0.59851000 -0.00488200 0.04003100
v -0.60436800 0.00097600 -0.02245600
v -0.60436800 0.00878700 -0.05174700
v -0.47158300 0.00683500 0.08884900
v -0.17086300 0.02440900 0.31927000
v 0.17086300 0.02440900 0.31927000
v 0.47158300 0.00683500 0.08884900
v 0.60436800 0.00878700 -0.05174700
v 0.60436800 0.00097600 -0.02245600
v -0.56921900 -0.00292900 0.04784200
v -0.42081200 0.01074000 0.08103800
v -0.30169600 0.03026700 -0.29193200
v 0.30169600 0.03026700 -0.29193200
v 0.42081200 0.01074000 0.08103800
v 0.56921900 -0.00292900 0.04784200
v -0.59265200 0.02636200 -0.08494300
v -0.58288800 0.02050400 -0.11032900
v -0.54969200 0.00683500 0.06736900
v -0.54383400 0.01855100 -0.15719400
v -0.48915700 0.01659800 -0.18648500
v -0.21577600 0.03026700 0.30169600
v 0.21577600 0.03026700 0.30169600
v 0.48915700 0.01659800 -0.18648500
v 0.54383400 0.01855100 -0.15719400
v 0.54969200 0.00683500 0.06736900
v 0.59265200 0.02636200 -0.08494300
v 0.58288800 0.02050400 -0.11032900
v -0.59851000 0.00292900 0.00488200
v -0.58679300 0.00097600 0.02831400
v 0.58679300 0.00097600 0.02831400
v 0.59851000 0.00292900 0.00488200
v -0.60436800 0.01269300 -0.02245600
v -0.56921900 0.01074000 0.04979400
v -0.49501500 0.01464500 0.08689600
v -0.34660800 0.02245600 0.17476900
v -0.32903400 0.02636200 0.19624900
v -0.23530300 0.04003100 0.28607400
v 0.23530300 0.04003100 0.28607400
v 0.32903400 0.02636200 0.19624900
v 0.34660800 0.02245600 0.17476900
v 0.49501500 0.01464500 0.08689600
v 0.56921900 0.01074000 0.04979400
v 0.60436800 0.01269300 -0.02245600
v -0.44229200 0.01855100 0.08689600
v -0.37589900 0.03807800 -0.17672100
v -0.42667000 0.02050400 -0.18843800
v -0.39542700 0.03807800 -0.18843800
v -0.33684500 0.04393600 -0.26068900
v -0.32122300 0.01855100 0.23139800
v -0.31731800 0.01855100 0.23920900
v -0.31145900 0.01464500 0.21382300
v -0.31145900 0.03807800 0.20991800
v 0.31145900 0.01464500 0.21382300
v 0.31145900 0.03807800 0.20991800
v 0.32122300 0.01855100 0.23139800
v 0.31731800 0.01855100 0.23920900
v 0.33684500 0.04393600 -0.26068900
v 0.37589900 0.03807800 -0.17672100
v 0.42667000 0.02050400 -0.18843800
v 0.39542700 0.03807800 -0.18843800
v 0.44229200 0.01855100 0.08689600
v -0.59851000 0.01464500 0.00488200
v -0.59655700 0.03417300 -0.05565300
v -0.58679300 0.01269300 0.02831400
v -0.51454300 0.02636200 -0.17672100
v -0.39737900 0.02636200 0.06736900
v -0.36418300 0.02050400 0.12009200
v -0.37980500 0.01855100 0.05174700
v -0.32122300 0.01855100 0.22358700
v 0.32122300 0.01855100 0.22358700
v 0.36418300 0.02050400 0.12009200
v 0.39737900 0.02636200 0.06736900
v 0.37980500 0.01855100 0.05174700
v 0.51454300 0.02636200 -0.17672100
v 0.58679300 0.01269300 0.02831400
v 0.59655700 0.03417300 -0.05565300
v 0.59851000 0.01464500 0.00488200
v -0.56336100 0.02831400 -0.13766700
v -0.52040100 0.02245600 0.07908500
v -0.26264100 0.04198400 -0.31731800
v -0.25483000 0.10251800 0.26849900
v 0.25483000 0.10251800 0.26849900
v 0.26264100 0.04198400 -0.31731800
v 0.52040100 0.02245600 0.07908500
v 0.56336100 0.02831400 -0.13766700
v -0.45400800 0.02636200 -0.19234300
v 0.45400800 0.02636200 -0.19234300
v -0.54188100 0.02831400 0.06541600
v -0.46572500 0.02636200 0.08884900
v -0.33684500 0.03222000 0.18258000
v -0.06346400 0.04588900 0.33489200
v 0.06346400 0.04588900 0.33489200
v 0.00097600 0.03807800 0.33879800
v 0.33684500 0.03222000 0.18258000
v 0.46572500 0.02636200 0.08884900
v 0.54188100 0.02831400 0.06541600
v -0.59460400 0.03807800 -0.02636200
v -0.53797500 0.03612500 -0.16110000
v -0.48134600 0.03417300 -0.19039100
v -0.31927000 0.03807800 0.20210700
v -0.11228200 0.04784200 0.32708100
v 0.11228200 0.04784200 0.32708100
v 0.31927000 0.03807800 0.20210700
v 0.48134600 0.03417300 -0.19039100
v 0.53797500 0.03612500 -0.16110000
v 0.59460400 0.03807800 -0.02636200
v -0.56140800 0.03417300 0.04784200
v -0.43448100 0.03417300 0.09470700
v -0.41300100 0.03612500 0.08299100
v -0.21772900 0.04784200 -0.33684500
v 0.21772900 0.04784200 -0.33684500
v 0.43448100 0.03417300 0.09470700
v 0.41300100 0.03612500 0.08299100
v 0.56140800 0.03417300 0.04784200
v -0.58874600 0.03807800 0.00097600
v -0.57703000 0.03807800 0.02636200
v -0.28607400 0.04979400 0.24897200
v -0.30950700 0.03417300 0.24311400
v -0.29974300 0.05370000 0.24702000
v 0.28607400 0.04979400 0.24897200
v 0.30950700 0.03417300 0.24311400
v 0.29974300 0.05370000 0.24702000
v 0.58874600 0.03807800 0.00097600
v 0.57703000 0.03807800 0.02636200
v -0.48915700 0.03417300 0.08689600
v -0.30364900 0.03222000 0.21772900
v -0.30364900 0.05174700 0.21382300
v 0.30364900 0.03222000 0.21772900
v 0.30364900 0.05174700 0.21382300
v 0.48915700 0.03417300 0.08689600
v -0.50868400 0.04588900 -0.18062700
v -0.36418300 0.05174700 -0.21968100
v -0.30560100 0.05955800 -0.28802700
v -0.17476900 0.04784200 -0.35051400
v -0.12790300 0.04784200 -0.35832500
v -0.08103800 0.04784200 -0.36223000
v -0.00292900 0.04784200 -0.35832500
v 0.00097600 0.04784200 -0.35832500
v 0.00292900 0.04784200 -0.35832500
v 0.08103800 0.04784200 -0.36223000
v 0.12790300 0.04784200 -0.35832500
v 0.17476900 0.04784200 -0.35051400
v 0.30560100 0.05955800 -0.28802700
v 0.36418300 0.05174700 -0.21968100
v 0.50868400 0.04588900 -0.18062700
v -0.55555000 0.04784200 -0.14157200
v -0.36223000 0.03807800 0.12204500
v -0.37785200 0.03026700 0.05565300
v -0.32903400 0.04003100 0.18843800
v -0.31341200 0.03612500 0.22749200
v -0.31341200 0.03417300 0.23530300
v -0.16695800 0.05370000 0.31341200
v 0.16695800 0.05370000 0.31341200
v 0.31341200 0.03417300 0.23530300
v 0.31341200 0.03612500 0.22749200
v 0.32903400 0.04003100 0.18843800
v 0.36223000 0.03807800 0.12204500
v 0.37785200 0.03026700 0.05565300
v 0.55555000 0.04784200 -0.14157200
v -0.58288800 0.04784200 -0.08689600
v -0.57703000 0.04003100 -0.11423400
v -0.44619700 0.04588900 -0.19820100
v -0.42081200 0.04003100 -0.19624900
v -0.33879800 0.04979400 0.16500500
v 0.33879800 0.04979400 0.16500500
v 0.44619700 0.04588900 -0.19820100
v 0.42081200 0.04003100 -0.19624900
v 0.58288800 0.04784200 -0.08689600
v 0.57703000 0.04003100 -0.11423400
v -0.51259000 0.04198400 0.07908500
v 0.51259000 0.04198400 0.07908500
v -0.31145900 0.04979400 0.20601200
v -0.21577600 0.06541600 0.29388500
v 0.21577600 0.06541600 0.29388500
v 0.31145900 0.04979400 0.20601200
v -0.58484100 0.05370000 -0.05955800
v -0.53016400 0.05760500 -0.16500500
v -0.45791400 0.04393600 0.09666000
v -0.47353500 0.05370000 -0.19624900
v -0.39347400 0.05565300 0.08299100
v -0.34660800 0.07518000 -0.25287800
v -0.32122300 0.04979400 0.19429600
v 0.32122300 0.04979400 0.19429600
v 0.34660800 0.07518000 -0.25287800
v 0.39347400 0.05565300 0.08299100
v 0.47353500 0.05370000 -0.19624900
v 0.45791400 0.04393600 0.09666000
v 0.53016400 0.05760500 -0.16500500
v 0.58484100 0.05370000 -0.05955800
v -0.53602300 0.04979400 0.06541600
v 0.53602300 0.04979400 0.06541600
v -0.36613600 0.05370000 0.05955800
v -0.26654700 0.07322700 -0.31536500
v -0.22749200 0.07518000 0.28021600
v 0.22749200 0.07518000 0.28021600
v 0.26654700 0.07322700 -0.31536500
v 0.36613600 0.05370000 0.05955800
v -0.29388500 0.04979400 0.22163400
v -0.29388500 0.06736900 0.21772900
v 0.29388500 0.04979400 0.22163400
v 0.29388500 0.06736900 0.21772900
v -0.58288800 0.05760500 -0.03026700
v -0.55359700 0.05370000 0.04784200
v -0.48329900 0.05370000 0.09275400
v -0.49892100 0.06541600 -0.18648500
v -0.44619700 0.05565300 0.09080200
v -0.30364900 0.05370000 0.23920900
v -0.30364900 0.05370000 0.22944500
v 0.30364900 0.05370000 0.23920900
v 0.30364900 0.05370000 0.22944500
v 0.44619700 0.05565300 0.09080200
v 0.49892100 0.06541600 -0.18648500
v 0.48329900 0.05370000 0.09275400
v 0.55359700 0.05370000 0.04784200
v 0.58288800 0.05760500 -0.03026700
v -0.54969200 0.07127400 -0.14547800
v -0.43252800 0.07127400 0.10056500
v 0.43252800 0.07127400 0.10056500
v 0.54969200 0.07127400 -0.14547800
v -0.57898300 0.05955800 -0.00097600
v -0.56336100 0.07127400 0.02245600
v -0.37199400 0.06541600 -0.19234300
v -0.41300100 0.06932200 -0.20601200
v -0.38956800 0.06541600 -0.20015400
v -0.34856100 0.05955800 0.11032900
v -0.31341200 0.05955800 0.19820100
v -0.30364900 0.06151100 0.20991800
v -0.05370000 0.06541600 0.33098700
v 0.05370000 0.06541600 0.33098700
v 0.00097600 0.05955800 0.33489200
v 0.30364900 0.06151100 0.20991800
v 0.31341200 0.05955800 0.19820100
v 0.34856100 0.05955800 0.11032900
v 0.37199400 0.06541600 -0.19234300
v 0.41300100 0.06932200 -0.20601200
v 0.38956800 0.06541600 -0.20015400
v 0.57898300 0.05955800 -0.00097600
v 0.56336100 0.07127400 0.02245600
v -0.58288800 0.05760500 -0.09080200
v -0.57312400 0.06151100 -0.11814000
v -0.43643400 0.07518000 -0.20796500
v 0.43643400 0.07518000 -0.20796500
v 0.57312400 0.06151100 -0.11814000
v 0.58288800 0.05760500 -0.09080200
v -0.50673200 0.06151100 0.08299100
v -0.22163400 0.08103800 -0.33489200
v 0.22163400 0.08103800 -0.33489200
v 0.50673200 0.06151100 0.08299100
v -0.31731800 0.09666000 -0.28216900
v 0.31731800 0.09666000 -0.28216900
v -0.52235400 0.07908500 -0.17281600
v -0.46181900 0.08299100 -0.20406000
v -0.10642300 0.06932200 0.32122300
v 0.10642300 0.06932200 0.32122300
v 0.46181900 0.08299100 -0.20406000
v 0.52235400 0.07908500 -0.17281600
v -0.58679300 0.06736900 -0.06151100
v -0.17672100 0.08299100 -0.35051400
v -0.12985600 0.08299100 -0.35832500
v -0.08103800 0.08299100 -0.36223000
v -0.15914700 0.08299100 0.30560100
v -0.00292900 0.08299100 -0.35832500
v 0.00097600 0.08299100 -0.35832500
v 0.00292900 0.08299100 -0.35832500
v 0.08103800 0.08299100 -0.36223000
v 0.15914700 0.08299100 0.30560100
v 0.12985600 0.08299100 -0.35832500
v 0.17672100 0.08299100 -0.35051400
v 0.58679300 0.06736900 -0.06151100
v -0.52821200 0.06736900 0.06736900
v -0.33293900 0.07127400 0.14743100
v -0.30560100 0.07127400 0.20210700
v -0.28412100 0.06736900 0.22358700
v -0.28412100 0.08299100 0.21968100
v -0.29193200 0.07127400 0.24897200
v -0.27240500 0.08299100 0.25092500
v -0.28607400 0.08494300 0.24897200
v 0.29193200 0.07127400 0.24897200
v 0.27240500 0.08299100 0.25092500
v 0.28607400 0.08494300 0.24897200
v 0.28412100 0.06736900 0.22358700
v 0.28412100 0.08299100 0.21968100
v 0.30560100 0.07127400 0.20210700
v 0.33293900 0.07127400 0.14743100
v 0.52821200 0.06736900 0.06736900
v -0.36027700 0.10251800 -0.23725600
v -0.29388500 0.07518000 0.21187100
v 0.29388500 0.07518000 0.21187100
v 0.36027700 0.10251800 -0.23725600
v -0.58484100 0.06932200 -0.03026700
v -0.54578600 0.07713300 0.04588900
v -0.47548800 0.06736900 0.08689600
v -0.48525200 0.09275400 -0.19624900
v -0.36808800 0.07713300 0.07127400
v -0.36027700 0.07518000 0.10642300
v -0.29583800 0.07127400 0.23139800
v -0.29583800 0.07127400 0.24116100
v -0.21382300 0.09861300 0.28802700
v 0.21382300 0.09861300 0.28802700
v 0.29583800 0.07127400 0.24116100
v 0.29583800 0.07127400 0.23139800
v 0.36808800 0.07713300 0.07127400
v 0.36027700 0.07518000 0.10642300
v 0.48525200 0.09275400 -0.19624900
v 0.47548800 0.06736900 0.08689600
v 0.54578600 0.07713300 0.04588900
v 0.58484100 0.06932200 -0.03026700
v -0.44229200 0.09666000 0.09666000
v -0.42667000 0.09275400 0.10056500
v -0.38175700 0.09080200 0.08494300
v 0.42667000 0.09275400 0.10056500
v 0.38175700 0.09080200 0.08494300
v 0.44229200 0.09666000 0.09666000
v -0.58093500 0.07518000 -0.06346400
v -0.53992800 0.09470700 -0.15328900
v 0.53992800 0.09470700 -0.15328900
v 0.58093500 0.07518000 -0.06346400
v -0.57507700 0.07908500 -0.00292900
v -0.34856100 0.08494300 0.14352500
v -0.27631000 0.11423400 -0.31145900
v -0.04784200 0.08103800 0.33098700
v 0.04784200 0.08103800 0.33098700
v 0.00097600 0.07518000 0.33293900
v 0.27631000 0.11423400 -0.31145900
v 0.34856100 0.08494300 0.14352500
v 0.57507700 0.07908500 -0.00292900
v -0.56531300 0.07908500 -0.12204500
v -0.57312400 0.08884900 -0.09275400
v -0.49892100 0.07518000 0.07908500
v -0.29779000 0.08299100 0.20601200
v 0.29779000 0.08299100 0.20601200
v 0.49892100 0.07518000 0.07908500
v 0.56531300 0.07908500 -0.12204500
v 0.57312400 0.08884900 -0.09275400
v -0.50673200 0.10642300 -0.18258000
v -0.37004100 0.09470700 -0.20601200
v -0.40128500 0.09861300 -0.21577600
v -0.38371000 0.09470700 -0.21187000
v -0.22358700 0.11032900 0.27435800
v -0.09861300 0.08689600 0.31927000
v 0.09861300 0.08689600 0.31927000
v 0.22358700 0.11032900 0.27435800
v 0.37004100 0.09470700 -0.20601200
v 0.40128500 0.09861300 -0.21577600
v 0.38371000 0.09470700 -0.21187000
v 0.50673200 0.10642300 -0.18258000
v -0.57898300 0.07908500 -0.03222000
v -0.52235400 0.07908500 0.06346400
v -0.46572500 0.10447100 0.09275400
v -0.28607400 0.09080200 0.21577600
v -0.27826300 0.08103800 0.22554000
v -0.27826300 0.09470700 0.22163400
v 0.27826300 0.08103800 0.22554000
v 0.27826300 0.09470700 0.22163400
v 0.28607400 0.09080200 0.21577600
v 0.46572500 0.10447100 0.09275400
v 0.52235400 0.07908500 0.06346400
v 0.57898300 0.07908500 -0.03222000
v -0.42276500 0.10447100 -0.21382300
v -0.14938300 0.10251800 0.29974300
v 0.14938300 0.10251800 0.29974300
v 0.42276500 0.10447100 -0.21382300
v -0.53797500 0.10837600 0.04393600
v -0.55945500 0.10056500 0.02050400
v -0.56140800 0.09275400 -0.12595100
v -0.32122300 0.08299100 0.17281600
v -0.33684500 0.09666000 0.16891100
v -0.28997900 0.08494300 0.23335000
v -0.28997900 0.08494300 0.24116100
v 0.28997900 0.08494300 0.24116100
v 0.28997900 0.08494300 0.23335000
v 0.32122300 0.08299100 0.17281600
v 0.33684500 0.09666000 0.16891100
v 0.56140800 0.09275400 -0.12595100
v 0.53797500 0.10837600 0.04393600
v 0.55945500 0.10056500 0.02050400
v -0.22944500 0.12595100 -0.33293900
v 0.22944500 0.12595100 -0.33293900
v -0.57312400 0.10056500 -0.03417300
v -0.57703000 0.09666000 -0.06541600
v -0.48915700 0.11032900 0.08299100
v -0.44619700 0.11228200 -0.21187000
v -0.36613600 0.08494300 0.10056500
v -0.35637200 0.09861300 0.13766700
v -0.33489200 0.12985600 -0.27240500
v -0.28997900 0.09666000 0.20796500
v -0.24311400 0.14352500 0.26459400
v -0.04588900 0.09275400 0.32708100
v 0.04588900 0.09275400 0.32708100
v 0.00097600 0.08689600 0.32903400
v 0.24311400 0.14352500 0.26459400
v 0.28997900 0.09666000 0.20796500
v 0.33489200 0.12985600 -0.27240500
v 0.36613600 0.08494300 0.10056500
v 0.35637200 0.09861300 0.13766700
v 0.44619700 0.11228200 -0.21187000
v 0.48915700 0.11032900 0.08299100
v 0.57312400 0.10056500 -0.03417300
v 0.57703000 0.09666000 -0.06541600
v -0.51259000 0.11228200 0.06736900
v -0.36808800 0.10056500 0.08103800
v 0.36808800 0.10056500 0.08103800
v 0.51259000 0.11228200 0.06736900
v -0.56531300 0.11228200 -0.00488200
v -0.57312400 0.10251800 -0.09666000
v -0.52430600 0.12009200 -0.16305200
v 0.52430600 0.12009200 -0.16305200
v 0.57312400 0.10251800 -0.09666000
v 0.56531300 0.11228200 -0.00488200
v -0.27435800 0.09470700 0.22554000
v -0.27435800 0.10447100 0.22163400
v -0.18062700 0.13180900 -0.34856100
v -0.09470700 0.10251800 0.32122300
v 0.09470700 0.10251800 0.32122300
v 0.18062700 0.13180900 -0.34856100
v 0.27435800 0.09470700 0.22554000
v 0.27435800 0.10447100 0.22163400
v -0.46963000 0.12204500 -0.20406000
v -0.30950700 0.09666000 0.19039100
v -0.32512800 0.11032900 0.18648500
v -0.28216900 0.10056500 0.21577600
v -0.28216900 0.09861300 0.24897200
v -0.27631000 0.11423400 0.24897200
v -0.25873600 0.11618700 0.25092500
v -0.13180900 0.13180900 -0.35832500
v -0.20991800 0.13766700 0.28021600
v -0.08299100 0.13180900 -0.36223000
v -0.00292900 0.13180900 -0.35832500
v 0.00097600 0.13180900 -0.35832500
v 0.00292900 0.13180900 -0.35832500
v 0.08299100 0.13180900 -0.36223000
v 0.13180900 0.13180900 -0.35832500
v 0.20991800 0.13766700 0.28021600
v 0.28216900 0.09861300 0.24897200
v 0.27631000 0.11423400 0.24897200
v 0.25873600 0.11618700 0.25092500
v 0.28216900 0.10056500 0.21577600
v 0.30950700 0.09666000 0.19039100
v 0.32512800 0.11032900 0.18648500
v 0.46963000 0.12204500 -0.20406000
v -0.35832500 0.11228200 0.12595100
v -0.34465600 0.11032900 0.16305200
v -0.28607400 0.09861300 0.23335000
v -0.28607400 0.09861300 0.24116100
v 0.28607400 0.09861300 0.24116100
v 0.28607400 0.09861300 0.23335000
v 0.34465600 0.11032900 0.16305200
v 0.35832500 0.11228200 0.12595100
v -0.13962000 0.11814000 0.30169600
v -0.04393600 0.10837600 0.31341200
v 0.04393600 0.10837600 0.31341200
v 0.00097600 0.10447100 0.31536500
v 0.13962000 0.11814000 0.30169600
v -0.57507700 0.11032900 -0.06736900
v 0.57507700 0.11032900 -0.06736900
v -0.42276500 0.11814000 0.09275400
v -0.37980500 0.12204500 0.09470700
v -0.40519000 0.13376200 0.09861300
v 0.42276500 0.11814000 0.09275400
v 0.37980500 0.12204500 0.09470700
v 0.40519000 0.13376200 0.09861300
v -0.55555000 0.10251800 -0.12790300
v -0.56336100 0.11228200 -0.09861300
v -0.48915700 0.13376200 -0.19039100
v -0.09080200 0.11228200 0.31731800
v 0.09080200 0.11228200 0.31731800
v 0.48915700 0.13376200 -0.19039100
v 0.55555000 0.10251800 -0.12790300
v 0.56336100 0.11228200 -0.09861300
v -0.55359700 0.11618700 -0.13180900
v -0.53992800 0.13376200 -0.13962000
v -0.37199400 0.12595100 -0.21772900
v -0.39737900 0.12595100 -0.22163400
v -0.38566300 0.12595100 -0.21968100
v -0.27826300 0.11032900 0.21772900
v -0.26849900 0.11032900 0.22554000
v -0.27045200 0.11814000 0.22163400
v 0.26849900 0.11032900 0.22554000
v 0.27045200 0.11814000 0.22163400
v 0.27826300 0.11032900 0.21772900
v 0.37199400 0.12595100 -0.21772900
v 0.39737900 0.12595100 -0.22163400
v 0.38566300 0.12595100 -0.21968100
v 0.55359700 0.11618700 -0.13180900
v 0.53992800 0.13376200 -0.13962000
v -0.57312400 0.11423400 -0.03612500
v -0.33098700 0.12204500 0.18258000
v -0.28802700 0.15133600 -0.30364900
v -0.29974300 0.10837600 0.20210700
v -0.31341200 0.12009200 0.19820100
v 0.29974300 0.10837600 0.20210700
v 0.31341200 0.12009200 0.19820100
v 0.28802700 0.15133600 -0.30364900
v 0.33098700 0.12204500 0.18258000
v 0.57312400 0.11423400 -0.03612500
v -0.41300100 0.12985600 -0.21968100
v -0.34856100 0.12790300 0.14547800
v -0.28021600 0.11423400 0.23139800
v -0.28021600 0.11423400 0.24116100
v -0.21968100 0.14743100 0.26654700
v 0.21968100 0.14743100 0.26654700
v 0.28021600 0.11423400 0.24116100
v 0.28021600 0.11423400 0.23139800
v 0.34856100 0.12790300 0.14547800
v 0.41300100 0.12985600 -0.21968100
v -0.52430600 0.14157200 0.04003100
v -0.55359700 0.13180900 -0.00292900
v -0.54773900 0.13766700 0.01464500
v -0.36613600 0.13376200 0.11423400
v -0.37004100 0.12204500 0.08103800
v 0.36613600 0.13376200 0.11423400
v 0.37004100 0.12204500 0.08103800
v 0.52430600 0.14157200 0.04003100
v 0.55359700 0.13180900 -0.00292900
v 0.54773900 0.13766700 0.01464500
v -0.56531300 0.12204500 -0.06932200
v -0.56336100 0.12790300 -0.10251800
v -0.37980500 0.16891100 -0.23920900
v -0.35246700 0.15914700 -0.26068900
v -0.18648500 0.15328900 0.27631000
v -0.13180900 0.12985600 0.30755400
v 0.13180900 0.12985600 0.30755400
v 0.18648500 0.15328900 0.27631000
v 0.37980500 0.16891100 -0.23920900
v 0.35246700 0.15914700 -0.26068900
v 0.56336100 0.12790300 -0.10251800
v 0.56531300 0.12204500 -0.06932200
v -0.45205500 0.13766700 0.08494300
v -0.43252800 0.13766700 -0.21577600
v -0.27435800 0.12204500 0.21772900
v -0.03807800 0.12399800 0.30950700
v 0.03807800 0.12399800 0.30950700
v 0.00097600 0.12009200 0.31145900
v 0.27435800 0.12204500 0.21772900
v 0.43252800 0.13766700 -0.21577600
v 0.45205500 0.13766700 0.08494300
v -0.50673200 0.14743100 -0.17281600
v 0.50673200 0.14743100 -0.17281600
v -0.49892100 0.14547800 0.06151100
v -0.08689600 0.12399800 0.30364900
v 0.08689600 0.12399800 0.30364900
v 0.49892100 0.14547800 0.06151100
v -0.56336100 0.12595100 -0.03807800
v -0.47548800 0.14352500 0.07713300
v -0.33489200 0.14352500 0.16695800
v -0.31927000 0.13376200 0.19624900
v -0.26459400 0.12399800 0.22554000
v -0.26654700 0.12985600 0.22163400
v -0.23530300 0.16891100 0.26068900
v 0.23530300 0.16891100 0.26068900
v 0.26459400 0.12399800 0.22554000
v 0.26654700 0.12985600 0.22163400
v 0.31927000 0.13376200 0.19624900
v 0.33489200 0.14352500 0.16695800
v 0.47548800 0.14352500 0.07713300
v 0.56336100 0.12595100 -0.03807800
v -0.56531300 0.13766700 -0.07127400
v -0.45400800 0.14743100 -0.20796500
v -0.35637200 0.14938300 0.13180900
v -0.12595100 0.13571400 0.30560100
v 0.12595100 0.13571400 0.30560100
v 0.35637200 0.14938300 0.13180900
v 0.45400800 0.14743100 -0.20796500
v 0.56531300 0.13766700 -0.07127400
v -0.27631000 0.12790300 0.23139800
v -0.27631000 0.12790300 0.24116100
v -0.23725600 0.16500500 -0.32903400
v -0.27240500 0.12790300 0.24897200
v 0.23725600 0.16500500 -0.32903400
v 0.27631000 0.12790300 0.24116100
v 0.27240500 0.12790300 0.24897200
v 0.27631000 0.12790300 0.23139800
v -0.55555000 0.13571400 -0.10447100
v -0.26654700 0.14157200 0.24897200
v -0.25092500 0.14157200 0.24897200
v 0.26654700 0.14157200 0.24897200
v 0.25092500 0.14157200 0.24897200
v 0.55555000 0.13571400 -0.10447100
v -0.43057600 0.14352500 0.09275400
v -0.27240500 0.13376200 0.21772900
v -0.17867400 0.16305200 0.27826300
v 0.17867400 0.16305200 0.27826300
v 0.27240500 0.13376200 0.21772900
v 0.43057600 0.14352500 0.09275400
v -0.53407000 0.14547800 -0.14352500
v -0.03417300 0.14157200 0.30950700
v 0.03417300 0.14157200 0.30950700
v 0.00097600 0.13766700 0.31145900
v 0.53407000 0.14547800 -0.14352500
v -0.56140800 0.14352500 -0.03807800
v -0.47353500 0.15914700 -0.19624900
v -0.38175700 0.13962000 0.09666000
v -0.39542700 0.13962000 0.09861300
v -0.36808800 0.14547800 0.11032900
v -0.36613600 0.13376200 0.07713300
v -0.37589900 0.15133600 0.08494300
v -0.32122300 0.15328900 0.18453200
v 0.32122300 0.15328900 0.18453200
v 0.38175700 0.13962000 0.09666000
v 0.36613600 0.13376200 0.07713300
v 0.36808800 0.14547800 0.11032900
v 0.37589900 0.15133600 0.08494300
v 0.39542700 0.13962000 0.09861300
v 0.47353500 0.15914700 -0.19624900
v 0.56140800 0.14352500 -0.03807800
v -0.26068900 0.13766700 0.22554000
v -0.26264100 0.14157200 0.22163400
v -0.07713300 0.13766700 0.29974300
v -0.11618700 0.14157200 0.29583800
v 0.07713300 0.13766700 0.29974300
v 0.11618700 0.14157200 0.29583800
v 0.26068900 0.13766700 0.22554000
v 0.26264100 0.14157200 0.22163400
v -0.39933200 0.15328900 -0.22554000
v -0.41104800 0.15328900 -0.22358700
v -0.37785200 0.15524200 -0.22554000
v -0.18648500 0.17086300 -0.34660800
v 0.18648500 0.17086300 -0.34660800
v 0.37785200 0.15524200 -0.22554000
v 0.39933200 0.15328900 -0.22554000
v 0.41104800 0.15328900 -0.22358700
v -0.55945500 0.14743100 -0.07322700
v -0.34270300 0.16500500 0.15328900
v -0.27240500 0.14157200 0.23139800
v -0.27240500 0.14157200 0.24116100
v 0.27240500 0.14157200 0.24116100
v 0.27240500 0.14157200 0.23139800
v 0.34270300 0.16500500 0.15328900
v 0.55945500 0.14743100 -0.07322700
v -0.42471700 0.15914700 -0.21772900
v -0.30364900 0.17867400 -0.29583800
v -0.26849900 0.14352500 0.21772900
v -0.16695800 0.17086300 0.28412100
v 0.16695800 0.17086300 0.28412100
v 0.26849900 0.14352500 0.21772900
v 0.30364900 0.17867400 -0.29583800
v 0.42471700 0.15914700 -0.21772900
v -0.54969200 0.15328900 -0.02245600
v -0.13376200 0.17086300 -0.35832500
v -0.08299100 0.17086300 -0.36223000
v -0.00292900 0.17086300 -0.35832500
v 0.00097600 0.17086300 -0.35832500
v 0.00292900 0.17086300 -0.35832500
v 0.08299100 0.17086300 -0.36223000
v 0.13376200 0.17086300 -0.35832500
v 0.54969200 0.15328900 -0.02245600
v -0.54578600 0.14938300 -0.10837600
v -0.49111000 0.17281600 -0.18062700
v -0.41104800 0.15719400 0.09666000
v -0.42471700 0.16500500 0.08884900
v -0.35637200 0.15914700 0.08884900
v -0.36223000 0.16500500 0.12595100
v -0.26459400 0.16110000 0.21772900
v -0.29193200 0.16891100 0.20406000
v 0.26459400 0.16110000 0.21772900
v 0.29193200 0.16891100 0.20406000
v 0.35637200 0.15914700 0.08884900
v 0.36223000 0.16500500 0.12595100
v 0.41104800 0.15719400 0.09666000
v 0.42471700 0.16500500 0.08884900
v 0.49111000 0.17281600 -0.18062700
v 0.54578600 0.14938300 -0.10837600
v -0.54773900 0.16110000 -0.07713300
v -0.15914700 0.17476900 0.28216900
v 0.15914700 0.17476900 0.28216900
v 0.54773900 0.16110000 -0.07713300
v -0.55555000 0.15328900 -0.04198400
v -0.50868400 0.18453200 0.03222000
v -0.53992800 0.16695800 -0.02440900
v -0.53016400 0.17867400 0.00488200
v -0.43838600 0.17476900 0.08299100
v -0.44229200 0.16891100 -0.20991800
v -0.25678300 0.14938300 0.22358700
v -0.26068900 0.15328900 0.22163400
v -0.21772900 0.18648500 0.25873600
v -0.20991800 0.18062700 0.26459400
v -0.11032900 0.15719400 0.28802700
v -0.06932200 0.15328900 0.30169600
v -0.03222000 0.15328900 0.30950700
v 0.03222000 0.15328900 0.30950700
v 0.00097600 0.14938300 0.30950700
v 0.06932200 0.15328900 0.30169600
v 0.11032900 0.15719400 0.28802700
v 0.21772900 0.18648500 0.25873600
v 0.20991800 0.18062700 0.26459400
v 0.26068900 0.15328900 0.22163400
v 0.25678300 0.14938300 0.22358700
v 0.44229200 0.16891100 -0.20991800
v 0.43838600 0.17476900 0.08299100
v 0.50868400 0.18453200 0.03222000
v 0.53992800 0.16695800 -0.02440900
v 0.53016400 0.17867400 0.00488200
v 0.55555000 0.15328900 -0.04198400
v -0.39933200 0.15914700 0.09861300
v -0.38761600 0.16695800 0.09080200
v 0.39933200 0.15914700 0.09861300
v 0.38761600 0.16695800 0.09080200
v -0.48525200 0.18453200 0.05565300
v -0.26849900 0.15328900 0.23139800
v -0.26849900 0.15328900 0.24116100
v -0.26459400 0.15328900 0.24702000
v -0.26068900 0.16695800 0.24702000
v -0.24506700 0.16500500 0.24702000
v -0.15328900 0.17867400 0.27631000
v 0.15328900 0.17867400 0.27631000
v 0.26459400 0.15328900 0.24702000
v 0.26068900 0.16695800 0.24702000
v 0.24506700 0.16500500 0.24702000
v 0.26849900 0.15328900 0.24116100
v 0.26849900 0.15328900 0.23139800
v 0.48525200 0.18453200 0.05565300
v -0.46181900 0.18258000 0.07127400
v -0.32512800 0.17672100 0.17281600
v 0.32512800 0.17672100 0.17281600
v 0.46181900 0.18258000 0.07127400
v -0.51844800 0.16500500 -0.14743100
v -0.54383400 0.16500500 -0.11423400
v -0.52625900 0.18062700 -0.11814000
v -0.36223000 0.17476900 0.11814000
v 0.36223000 0.17476900 0.11814000
v 0.51844800 0.16500500 -0.14743100
v 0.54383400 0.16500500 -0.11423400
v 0.52625900 0.18062700 -0.11814000
v -0.54578600 0.16500500 -0.04393600
v -0.51649500 0.17672100 -0.15328900
v -0.45986600 0.18062700 -0.20015400
v -0.23139800 0.19429600 0.25287800
v 0.23139800 0.19429600 0.25287800
v 0.45986600 0.18062700 -0.20015400
v 0.51649500 0.17672100 -0.15328900
v 0.54578600 0.16500500 -0.04393600
v -0.54578600 0.17672100 -0.07908500
v -0.34856100 0.18062700 0.14352500
v -0.25483000 0.16110000 0.22358700
v -0.25678300 0.16500500 0.22163400
v -0.03026700 0.16500500 0.29974300
v 0.03026700 0.16500500 0.29974300
v 0.00097600 0.16110000 0.30169600
v 0.25678300 0.16500500 0.22163400
v 0.25483000 0.16110000 0.22358700
v 0.34856100 0.18062700 0.14352500
v 0.54578600 0.17672100 -0.07908500
v -0.38175700 0.17867400 0.08884900
v -0.24506700 0.19234300 -0.32317600
v 0.24506700 0.19234300 -0.32317600
v 0.38175700 0.17867400 0.08884900
v -0.41300100 0.17672100 -0.22358700
v -0.42276500 0.17476900 -0.21968100
v -0.38566300 0.18062700 -0.22944500
v -0.26459400 0.16695800 0.23139800
v -0.26459400 0.16695800 0.23920900
v -0.26068900 0.17281600 0.21772900
v -0.20015400 0.18453200 0.26459400
v -0.06346400 0.16305200 0.30169600
v -0.10251800 0.17281600 0.28997900
v 0.06346400 0.16305200 0.30169600
v 0.10251800 0.17281600 0.28997900
v 0.20015400 0.18453200 0.26459400
v 0.26068900 0.17281600 0.21772900
v 0.26459400 0.16695800 0.23920900
v 0.26459400 0.16695800 0.23139800
v 0.41300100 0.17672100 -0.22358700
v 0.38566300 0.18062700 -0.22944500
v 0.42276500 0.17476900 -0.21968100
v -0.41495400 0.18258000 0.09275400
v -0.14743100 0.18453200 0.27435800
v 0.14743100 0.18453200 0.27435800
v 0.41495400 0.18258000 0.09275400
v -0.47548800 0.19624900 -0.18648500
v -0.43643400 0.18648500 -0.21187000
v -0.40519000 0.19624900 0.08494300
v -0.34465600 0.21187100 0.11228200
v -0.37004100 0.18258000 0.09861300
v -0.36027700 0.18843800 0.09861300
v -0.35246700 0.19234300 0.10056500
v -0.38566300 0.21382300 -0.24311400
v -0.32122300 0.20406000 -0.28607400
v 0.38566300 0.21382300 -0.24311400
v 0.32122300 0.20406000 -0.28607400
v 0.34465600 0.21187100 0.11228200
v 0.37004100 0.18258000 0.09861300
v 0.36027700 0.18843800 0.09861300
v 0.35246700 0.19234300 0.10056500
v 0.40519000 0.19624900 0.08494300
v 0.43643400 0.18648500 -0.21187000
v 0.47548800 0.19624900 -0.18648500
v -0.54188100 0.18258000 -0.04588900
v -0.25092500 0.17281600 0.22358700
v -0.02831400 0.17672100 0.29779000
v 0.02831400 0.17672100 0.29779000
v 0.00097600 0.17281600 0.29974300
v 0.25092500 0.17281600 0.22358700
v 0.54188100 0.18258000 -0.04588900
v -0.19234300 0.19039100 0.26264100
v -0.05760500 0.17281600 0.29388500
v -0.09666000 0.18062700 0.28997900
v 0.05760500 0.17281600 0.29388500
v 0.09666000 0.18062700 0.28997900
v 0.19234300 0.19039100 0.26264100
v -0.53016400 0.19429600 -0.08494300
v -0.52430600 0.19624900 -0.12204500
v -0.35246700 0.19234300 0.13571400
v -0.32903400 0.19039100 0.16500500
v -0.25678300 0.17867400 0.24506700
v -0.25287800 0.18843800 0.24311400
v -0.23920900 0.18843800 0.24311400
v -0.19039100 0.20015400 -0.34270300
v 0.19039100 0.20015400 -0.34270300
v 0.25678300 0.17867400 0.24506700
v 0.25287800 0.18843800 0.24311400
v 0.23920900 0.18843800 0.24311400
v 0.32903400 0.19039100 0.16500500
v 0.35246700 0.19234300 0.13571400
v 0.52430600 0.19624900 -0.12204500
v 0.53016400 0.19429600 -0.08494300
v -0.53797500 0.18453200 -0.02831400
v -0.26264100 0.17672100 0.22944500
v -0.26068900 0.17867400 0.23920900
v 0.26068900 0.17867400 0.23920900
v 0.26264100 0.17672100 0.22944500
v 0.53797500 0.18453200 -0.02831400
v -0.44815000 0.19820100 -0.20210700
v -0.25287800 0.18843800 0.21772900
v -0.28997900 0.19624900 0.19429600
v 0.25287800 0.18843800 0.21772900
v 0.28997900 0.19624900 0.19429600
v 0.44815000 0.19820100 -0.20210700
v -0.13766700 0.20210700 -0.35441900
v -0.18648500 0.19820100 0.26068900
v -0.08299100 0.20210700 -0.36027700
v -0.00292900 0.20210700 -0.35637200
v 0.00097600 0.20210700 -0.35637200
v 0.00292900 0.20210700 -0.35637200
v 0.08299100 0.20210700 -0.36027700
v 0.13766700 0.20210700 -0.35441900
v 0.18648500 0.19820100 0.26068900
v -0.50282600 0.19234300 -0.15719400
v -0.49696800 0.20406000 -0.16305200
v -0.24702000 0.18648500 0.21968100
v -0.14547800 0.19234300 0.27435800
v -0.05370000 0.18453200 0.29388500
v -0.09080200 0.18648500 0.28412100
v 0.00097600 0.18062700 0.29388500
v 0.05370000 0.18453200 0.29388500
v 0.09080200 0.18648500 0.28412100
v 0.14547800 0.19234300 0.27435800
v 0.24702000 0.18648500 0.21968100
v 0.50282600 0.19234300 -0.15719400
v 0.49696800 0.20406000 -0.16305200
v -0.43057600 0.20015400 0.08103800
v -0.43252800 0.19820100 -0.21577600
v -0.35441900 0.20015400 0.12985600
v 0.35441900 0.20015400 0.12985600
v 0.43252800 0.19820100 -0.21577600
v 0.43057600 0.20015400 0.08103800
v -0.52625900 0.20210700 -0.04979400
v -0.51063700 0.20991800 -0.12595100
v -0.39152100 0.20406000 -0.23139800
v -0.42276500 0.20796500 -0.21968100
v -0.25873600 0.18843800 0.22944500
v 0.25873600 0.18843800 0.22944500
v 0.39152100 0.20406000 -0.23139800
v 0.42276500 0.20796500 -0.21968100
v 0.51063700 0.20991800 -0.12595100
v 0.52625900 0.20210700 -0.04979400
v -0.52040100 0.20601200 -0.03222000
v -0.49111000 0.22554000 0.02440900
v -0.51454300 0.21968100 -0.03026700
v -0.51063700 0.21772900 -0.00292900
v -0.38566300 0.20406000 0.09861300
v -0.40128500 0.20796500 0.08103800
v -0.25287800 0.21772900 -0.31731800
v -0.25873600 0.18843800 0.23725600
v 0.25873600 0.18843800 0.23725600
v 0.25287800 0.21772900 -0.31731800
v 0.38566300 0.20406000 0.09861300
v 0.40128500 0.20796500 0.08103800
v 0.49111000 0.22554000 0.02440900
v 0.52040100 0.20601200 -0.03222000
v 0.51454300 0.21968100 -0.03026700
v 0.51063700 0.21772900 -0.00292900
v -0.52625900 0.20991800 -0.08689600
v -0.46181900 0.21382300 -0.18843800
v -0.33098700 0.20601200 0.15524200
v -0.21187000 0.19039100 0.27240500
v -0.22163400 0.19429600 0.26849900
v 0.00097600 0.19429600 0.29388500
v 0.21187100 0.19039100 0.27240500
v 0.22163400 0.19429600 0.26849900
v 0.33098700 0.20601200 0.15524200
v 0.46181900 0.21382300 -0.18843800
v 0.52625900 0.20991800 -0.08689600
v -0.45010300 0.21187100 0.06736900
v -0.37199400 0.20991800 0.10056500
v 0.37199400 0.20991800 0.10056500
v 0.45010300 0.21187100 0.06736900
v -0.47158300 0.22163400 0.04784200
v -0.20210700 0.19429600 0.27240500
v -0.08884900 0.19429600 0.28412100
v -0.05174700 0.19624900 0.29193200
v 0.08884900 0.19429600 0.28412100
v 0.05174700 0.19624900 0.29193200
v 0.20210700 0.19429600 0.27240500
v 0.47158300 0.22163400 0.04784200
v -0.44619700 0.21382300 -0.20601200
v -0.24506700 0.19820100 0.21772900
v -0.24897200 0.20210700 0.21382300
v -0.22749200 0.20015400 0.26068900
v 0.22749200 0.20015400 0.26068900
v 0.24897200 0.20210700 0.21382300
v 0.24506700 0.19820100 0.21772900
v 0.44619700 0.21382300 -0.20601200
v -0.36613600 0.21382300 0.10251800
v -0.25287800 0.20210700 0.22554000
v -0.25287800 0.20210700 0.23335000
v -0.24897200 0.20210700 0.23920900
v -0.23335000 0.20991800 0.24506700
v -0.23725600 0.20601200 0.23725600
v 0.24897200 0.20210700 0.23920900
v 0.23335000 0.20991800 0.24506700
v 0.23725600 0.20601200 0.23725600
v 0.25287800 0.20210700 0.23335000
v 0.25287800 0.20210700 0.22554000
v 0.36613600 0.21382300 0.10251800
v -0.29388500 0.21772900 0.18258000
v -0.21772900 0.20015400 0.26654700
v -0.21187000 0.19820100 0.26849900
v -0.19624900 0.19820100 0.27240500
v 0.19624900 0.19820100 0.27240500
v 0.21187100 0.19820100 0.26849900
v 0.21772900 0.20015400 0.26654700
v 0.29388500 0.21772900 0.18258000
v -0.50673200 0.22358700 -0.13180900
v -0.35637200 0.21772900 0.10642300
v -0.33489200 0.21968100 0.14547800
v -0.19429600 0.22554000 -0.33684500
v -0.14352500 0.20015400 0.27435800
v 0.14352500 0.20015400 0.27435800
v 0.19429600 0.22554000 -0.33684500
v 0.35637200 0.21772900 0.10642300
v 0.33489200 0.21968100 0.14547800
v 0.50673200 0.22358700 -0.13180900
v -0.52235400 0.21772900 -0.05174700
v -0.23139800 0.21382300 0.25483000
v -0.22163400 0.20601200 0.26264100
v -0.20601200 0.20015400 0.26849900
v -0.08689600 0.20015400 0.28412100
v -0.02831400 0.19429600 0.26264100
v 0.00097600 0.19429600 0.26264100
v 0.00097600 0.19624900 0.25092500
v -0.02636200 0.20601200 0.27631000
v -0.02050400 0.19624900 0.25092500
v -0.02050400 0.21382300 0.25483000
v -0.00878700 0.23139800 0.26264100
v 0.02831400 0.19429600 0.26264100
v 0.02636200 0.20601200 0.27631000
v 0.00097600 0.20601200 0.27631000
v 0.02050400 0.19624900 0.25092500
v 0.02050400 0.21382300 0.25483000
v 0.00878700 0.23139800 0.26264100
v 0.08689600 0.20015400 0.28412100
v 0.20601200 0.20015400 0.26849900
v 0.22163400 0.20601200 0.26264100
v 0.23139800 0.21382300 0.25483000
v 0.52235400 0.21772900 -0.05174700
v -0.51259000 0.22554000 -0.09080200
v -0.48720500 0.21577600 -0.16500500
v -0.47158300 0.23139800 -0.16695800
v -0.42081200 0.21772900 0.07518000
v -0.24506700 0.21968100 0.20796500
v 0.00097600 0.23335000 0.22944500
v -0.01659800 0.20991800 0.24506700
v 0.01659800 0.20991800 0.24506700
v 0.24506700 0.21968100 0.20796500
v 0.42081200 0.21772900 0.07518000
v 0.48720500 0.21577600 -0.16500500
v 0.47158300 0.23139800 -0.16695800
v 0.51259000 0.22554000 -0.09080200
v -0.45986600 0.22944500 -0.19234300
v -0.43643400 0.22749200 -0.20796500
v -0.24116100 0.21577600 0.21187100
v -0.21382300 0.20015400 0.25873600
v -0.20991800 0.20015400 0.26068900
v -0.19234300 0.20601200 0.27045200
v -0.20210700 0.20406000 0.26849900
v -0.18258000 0.20991800 0.25873600
v 0.19234300 0.20601200 0.27045200
v 0.18258000 0.20991800 0.25873600
v 0.20210700 0.20406000 0.26849900
v 0.20991800 0.20015400 0.26068900
v 0.21382300 0.20015400 0.25873600
v 0.24116100 0.21577600 0.21187100
v 0.43643400 0.22749200 -0.20796500
v 0.45986600 0.22944500 -0.19234300
v -0.33684500 0.23335000 0.13766700
v -0.22358700 0.21382300 0.25873600
v -0.21772900 0.20406000 0.25678300
v -0.20601200 0.20210700 0.26068900
v -0.13766700 0.22749200 -0.35051400
v -0.14352500 0.20601200 0.27240500
v -0.11032900 0.21187100 0.27045200
v 0.14352500 0.20601200 0.27240500
v 0.11032900 0.21187100 0.27045200
v 0.13766700 0.22749200 -0.35051400
v 0.20601200 0.20210700 0.26068900
v 0.21772900 0.20406000 0.25678300
v 0.22358700 0.21382300 0.25873600
v 0.33684500 0.23335000 0.13766700
v -0.25092500 0.21772900 0.21968100
v -0.24897200 0.21968100 0.22749200
v -0.24506700 0.21968100 0.23335000
v -0.20406000 0.20406000 0.26068900
v -0.08299100 0.22944500 -0.35637200
v -0.00292900 0.22944500 -0.35246700
v 0.00097600 0.22944500 -0.35246700
v 0.00292900 0.22944500 -0.35246700
v 0.08299100 0.22944500 -0.35637200
v 0.20406000 0.20406000 0.26068900
v 0.24897200 0.21968100 0.22749200
v 0.24506700 0.21968100 0.23335000
v 0.25092500 0.21772900 0.21968100
v -0.49696800 0.23530300 -0.13571400
v -0.39737900 0.22749200 -0.22944500
v -0.39347400 0.23920900 -0.24116100
v -0.40128500 0.22749200 0.09080200
v -0.39152100 0.23725600 0.08689600
v -0.26264100 0.24702000 -0.30755400
v -0.33293900 0.23530300 -0.27631000
v -0.21772900 0.21382300 0.25287800
v -0.19820100 0.20991800 0.26654700
v -0.20210700 0.20796500 0.25873600
v -0.11032900 0.20406000 0.25287800
v -0.03807800 0.20406000 0.26459400
v -0.03612500 0.22554000 0.25287800
v -0.14352500 0.20796500 0.24506700
v -0.14352500 0.21772900 0.26264100
v -0.12985600 0.22358700 0.24116100
v -0.02050400 0.22944500 0.25483000
v -0.02245600 0.22554000 0.24506700
v 0.03807800 0.20406000 0.26459400
v 0.11032900 0.20406000 0.25287800
v 0.03612500 0.22554000 0.25287800
v 0.02050400 0.22944500 0.25483000
v 0.02245600 0.22554000 0.24506700
v 0.14352500 0.21772900 0.26264100
v 0.14352500 0.20796500 0.24506700
v 0.12985600 0.22358700 0.24116100
v 0.19820100 0.20991800 0.26654700
v 0.21772900 0.21382300 0.25287800
v 0.20210700 0.20796500 0.25873600
v 0.39347400 0.23920900 -0.24116100
v 0.26264100 0.24702000 -0.30755400
v 0.33293900 0.23530300 -0.27631000
v 0.40128500 0.22749200 0.09080200
v 0.39152100 0.23725600 0.08689600
v 0.39737900 0.22749200 -0.22944500
v 0.49696800 0.23530300 -0.13571400
v -0.29779000 0.24116100 0.16695800
v -0.23139800 0.22358700 0.24116100
v -0.23530300 0.22163400 0.23335000
v -0.18843800 0.21577600 0.26654700
v 0.18843800 0.21577600 0.26654700
v 0.23139800 0.22358700 0.24116100
v 0.23530300 0.22163400 0.23335000
v 0.29779000 0.24116100 0.16695800
v -0.41495400 0.24897200 -0.21968100
v -0.41885900 0.22944500 0.07127400
v -0.19624900 0.21577600 0.26459400
v -0.20015400 0.21382300 0.25678300
v -0.17086300 0.21382300 0.23335000
v -0.17281600 0.22554000 0.24897200
v 0.17086300 0.21382300 0.23335000
v 0.17281600 0.22554000 0.24897200
v 0.19624900 0.21577600 0.26459400
v 0.20015400 0.21382300 0.25678300
v 0.41885900 0.22944500 0.07127400
v 0.41495400 0.24897200 -0.21968100
v -0.51063700 0.23335000 -0.05565300
v -0.51063700 0.23920900 -0.09470700
v -0.37785200 0.24506700 0.08689600
v -0.22944500 0.22554000 0.25092500
v -0.18453200 0.22163400 0.25287800
v 0.00097600 0.24116100 0.23920900
v 0.18453200 0.22163400 0.25287800
v 0.22944500 0.22554000 0.25092500
v 0.37785200 0.24506700 0.08689600
v 0.51063700 0.23920900 -0.09470700
v 0.51063700 0.23335000 -0.05565300
v -0.43838600 0.23139800 0.05955800
v -0.35637200 0.24897200 0.10837600
v -0.32708100 0.24897200 0.12399800
v -0.34465600 0.24897200 0.11423400
v 0.35637200 0.24897200 0.10837600
v 0.32708100 0.24897200 0.12399800
v 0.34465600 0.24897200 0.11423400
v 0.43838600 0.23139800 0.05955800
v -0.47158300 0.24702000 -0.17281600
v -0.44815000 0.24506700 -0.19429600
v -0.22163400 0.22358700 0.25483000
v -0.21577600 0.22163400 0.24897200
v -0.19820100 0.22163400 0.26264100
v -0.20015400 0.21772900 0.25483000
v -0.16891100 0.22554000 0.22749200
v -0.17086300 0.23530300 0.24116100
v 0.00097600 0.24116100 0.25873600
v 0.16891100 0.22554000 0.22749200
v 0.17086300 0.23530300 0.24116100
v 0.21577600 0.22163400 0.24897200
v 0.19820100 0.22163400 0.26264100
v 0.20015400 0.21772900 0.25483000
v 0.22163400 0.22358700 0.25483000
v 0.37004100 0.25092500 0.10447100
v 0.44815000 0.24506700 -0.19429600
v 0.47158300 0.24702000 -0.17281600
v -0.48134600 0.24897200 -0.13766700
v -0.23725600 0.22358700 0.20991800
v -0.24116100 0.23139800 0.20406000
v -0.19039100 0.22554000 0.26264100
v 0.19039100 0.22554000 0.26264100
v 0.23725600 0.22358700 0.20991800
v 0.24116100 0.23139800 0.20406000
v 0.48134600 0.24897200 -0.13766700
v -0.50673200 0.23530300 -0.03417300
v -0.47744100 0.26654700 -0.00488200
v -0.50282600 0.24897200 -0.03417300
v -0.37004100 0.25092500 0.10447100
v -0.23920900 0.24506700 0.19820100
v -0.19820100 0.25483000 -0.33098700
v -0.24702000 0.22554000 0.21772900
v -0.20210700 0.22163400 0.25483000
v -0.20210700 0.22749200 0.25873600
v 0.20210700 0.22749200 0.25873600
v 0.20210700 0.22163400 0.25483000
v 0.24702000 0.22554000 0.21772900
v 0.19820100 0.25483000 -0.33098700
v 0.23920900 0.24506700 0.19820100
v 0.50673200 0.23530300 -0.03417300
v 0.47744100 0.26654700 -0.00488200
v 0.50282600 0.24897200 -0.03417300
v -0.30169600 0.26068900 0.15328900
v -0.24506700 0.22554000 0.22554000
v -0.24311400 0.22554000 0.23139800
v 0.24506700 0.22554000 0.22554000
v 0.24311400 0.22554000 0.23139800
v 0.30169600 0.26068900 0.15328900
v -0.45791400 0.24506700 0.03807800
v -0.22749200 0.22944500 0.23920900
v -0.23139800 0.22749200 0.23139800
v -0.21382300 0.22358700 0.24897200
v -0.20601200 0.22358700 0.25092500
v -0.20796500 0.23139800 0.25678300
v -0.19624900 0.23335000 0.25678300
v -0.19234300 0.23139800 0.24702000
v 0.19234300 0.23139800 0.24702000
v 0.19624900 0.23335000 0.25678300
v 0.21382300 0.22358700 0.24897200
v 0.20601200 0.22358700 0.25092500
v 0.20796500 0.23139800 0.25678300
v 0.22749200 0.22944500 0.23920900
v 0.23139800 0.22749200 0.23139800
v 0.45791400 0.24506700 0.03807800
v -0.50087400 0.25287800 -0.09861300
v -0.23530300 0.22749200 0.21577600
v -0.23920900 0.23725600 0.20991800
v -0.22554000 0.23139800 0.24897200
v -0.21772900 0.22944500 0.25287800
v -0.20991800 0.22554000 0.24897200
v -0.21382300 0.23139800 0.25483000
v -0.16891100 0.23920900 0.22163400
v -0.12790300 0.24702000 0.22749200
v 0.12790300 0.24702000 0.22749200
v 0.16891100 0.23920900 0.22163400
v 0.20991800 0.22554000 0.24897200
v 0.21382300 0.23139800 0.25483000
v 0.21772900 0.22944500 0.25287800
v 0.22554000 0.23139800 0.24897200
v 0.23530300 0.22749200 0.21577600
v 0.23920900 0.23725600 0.20991800
v 0.50087400 0.25287800 -0.09861300
v -0.50673200 0.24897200 -0.05760500
v -0.13962000 0.25873600 -0.34465600
v -0.18258000 0.22944500 0.24506700
v -0.17086300 0.24897200 0.23530300
v -0.01855100 0.24311400 0.23139800
v -0.03612500 0.24311400 0.23920900
v 0.00097600 0.25483000 0.23139800
v -0.00683500 0.24897200 0.22358700
v 0.01855100 0.24311400 0.23139800
v 0.00683500 0.24897200 0.22358700
v 0.03612500 0.24311400 0.23920900
v 0.17086300 0.24897200 0.23530300
v 0.18258000 0.22944500 0.24506700
v 0.13962000 0.25873600 -0.34465600
v 0.50673200 0.24897200 -0.05760500
v -0.42862300 0.27240500 -0.20406000
v -0.41495400 0.24897200 0.07908500
v -0.40128500 0.26654700 -0.23139800
v -0.40519000 0.25483000 -0.22163400
v -0.23530300 0.23530300 0.23139800
v -0.22358700 0.23335000 0.23920900
v -0.22554000 0.23139800 0.23139800
v -0.22944500 0.23920900 0.23139800
v -0.20601200 0.23725600 0.25287800
v -0.08299100 0.25873600 -0.35051400
v 0.08299100 0.25873600 -0.35051400
v 0.20601200 0.23725600 0.25287800
v 0.23530300 0.23530300 0.23139800
v 0.22358700 0.23335000 0.23920900
v 0.22554000 0.23139800 0.23139800
v 0.22944500 0.23920900 0.23139800
v 0.40128500 0.26654700 -0.23139800
v 0.40519000 0.25483000 -0.22163400
v 0.41495400 0.24897200 0.07908500
v 0.42862300 0.27240500 -0.20406000
v -0.45986600 0.26264100 -0.17476900
v -0.43643400 0.24897200 0.05760500
v -0.22163400 0.23530300 0.24702000
v -0.18648500 0.23335000 0.24116100
v -0.18062700 0.23725600 0.24897200
v -0.00292900 0.25873600 -0.34660800
v 0.00097600 0.25483000 0.24311400
v 0.00097600 0.25873600 -0.34660800
v 0.00292900 0.25873600 -0.34660800
v 0.18648500 0.23335000 0.24116100
v 0.18062700 0.23725600 0.24897200
v 0.22163400 0.23530300 0.24702000
v 0.43643400 0.24897200 0.05760500
v 0.45986600 0.26264100 -0.17476900
v -0.48134600 0.26654700 -0.14352500
v -0.20991800 0.23725600 0.24311400
v -0.20796500 0.23530300 0.23920900
v -0.20991800 0.24311400 0.24116100
v -0.21382300 0.23725600 0.24897200
v -0.20406000 0.23530300 0.24311400
v 0.20406000 0.23530300 0.24311400
v 0.21382300 0.23725600 0.24897200
v 0.20991800 0.23725600 0.24311400
v 0.20796500 0.23530300 0.23920900
v 0.20991800 0.24311400 0.24116100
v 0.48134600 0.26654700 -0.14352500
v -0.30560100 0.28802700 0.12595100
v -0.30560100 0.27435800 0.14352500
v -0.18648500 0.23920900 0.24506700
v 0.18648500 0.23920900 0.24506700
v 0.30560100 0.28802700 0.12595100
v 0.30560100 0.27435800 0.14352500
v -0.48720500 0.26459400 -0.10251800
v -0.34270300 0.27240500 -0.26459400
v -0.23725600 0.24897200 0.22554000
v -0.23139800 0.24897200 0.22554000
v 0.23725600 0.24897200 0.22554000
v 0.23139800 0.24897200 0.22554000
v 0.34270300 0.27240500 -0.26459400
v 0.48720500 0.26459400 -0.10251800
v -0.40714300 0.26068900 0.07713300
v -0.23725600 0.24897200 0.20210700
v -0.18062700 0.25092500 0.24311400
v 0.18062700 0.25092500 0.24311400
v 0.23725600 0.24897200 0.20210700
v 0.40714300 0.26068900 0.07713300
v -0.49892100 0.26068900 -0.06151100
v -0.20991800 0.25287800 0.23725600
v -0.18648500 0.24897200 0.23920900
v -0.16891100 0.25483000 0.21187100
v -0.17086300 0.26264100 0.22554000
v 0.16891100 0.25483000 0.21187100
v 0.17086300 0.26264100 0.22554000
v 0.18648500 0.24897200 0.23920900
v 0.20991800 0.25287800 0.23725600
v 0.49892100 0.26068900 -0.06151100
v -0.23725600 0.26068900 0.18843800
v 0.23725600 0.26068900 0.18843800
v -0.03417300 0.25873600 0.22358700
v -0.12399800 0.26849900 0.21187100
v -0.03222000 0.26654700 0.23335000
v 0.03417300 0.25873600 0.22358700
v 0.03222000 0.26654700 0.23335000
v 0.12399800 0.26849900 0.21187100
v -0.45596100 0.26849900 0.03222000
v -0.44033900 0.29388500 -0.18062700
v -0.39152100 0.29193200 0.07127400
v 0.39152100 0.29193200 0.07127400
v 0.44033900 0.29388500 -0.18062700
v 0.45596100 0.26849900 0.03222000
v -0.46963000 0.28021600 -0.14547800
v -0.27045200 0.28412100 -0.29583800
v 0.00097600 0.24702000 0.20601200
v -0.02050400 0.27240500 0.22358700
v 0.02050400 0.27240500 0.22358700
v 0.00097600 0.27045200 0.19624900
v -0.01659800 0.27045200 0.19624900
v -0.01855100 0.27240500 0.20601200
v 0.01659800 0.27045200 0.19624900
v 0.01855100 0.27240500 0.20601200
v 0.27045200 0.28412100 -0.29583800
v 0.46963000 0.28021600 -0.14547800
v -0.49111000 0.26459400 -0.03807800
v -0.48720500 0.28021600 -0.10642300
v -0.42862300 0.26654700 0.05955800
v -0.41300100 0.28412100 -0.20796500
v -0.35832500 0.28216900 0.10251800
v -0.37199400 0.28216900 0.09861300
v -0.33293900 0.27240500 0.11814000
v -0.33684500 0.28997900 0.10642300
v -0.23725600 0.26068900 0.21577600
v -0.23530300 0.26264100 0.19429600
v -0.23139800 0.25873600 0.21772900
v -0.20991800 0.26264100 0.22749200
v -0.18062700 0.26459400 0.23335000
v -0.18648500 0.26068900 0.23139800
v 0.18062700 0.26459400 0.23335000
v 0.18648500 0.26068900 0.23139800
v 0.23139800 0.25873600 0.21772900
v 0.20991800 0.26264100 0.22749200
v 0.23725600 0.26068900 0.21577600
v 0.23530300 0.26264100 0.19429600
v 0.33293900 0.27240500 0.11814000
v 0.35832500 0.28216900 0.10251800
v 0.33684500 0.28997900 0.10642300
v 0.37199400 0.28216900 0.09861300
v 0.41300100 0.28412100 -0.20796500
v 0.42862300 0.26654700 0.05955800
v 0.48720500 0.28021600 -0.10642300
v 0.49111000 0.26459400 -0.03807800
v -0.48720500 0.27435800 -0.06541600
v 0.48720500 0.27435800 -0.06541600
v -0.40909600 0.29583800 -0.21577600
v -0.20406000 0.29193200 -0.31927000
v -0.17086300 0.27631000 0.21382300
v -0.16891100 0.27045200 0.20210700
v 0.17086300 0.27631000 0.21382300
v 0.16891100 0.27045200 0.20210700
v 0.20406000 0.29193200 -0.31927000
v 0.40909600 0.29583800 -0.21577600
v -0.22944500 0.26264100 0.21187100
v -0.20991800 0.26654700 0.22163400
v -0.14157200 0.29583800 -0.33489200
v -0.00292900 0.29583800 -0.33684500
v -0.08299100 0.29583800 -0.34075000
v -0.05370000 0.27435800 0.21577600
v -0.12009200 0.29193200 0.19234300
v 0.00097600 0.29583800 -0.33684500
v 0.00292900 0.29583800 -0.33684500
v 0.05370000 0.27435800 0.21577600
v 0.12009200 0.29193200 0.19234300
v 0.14157200 0.29583800 -0.33489200
v 0.08299100 0.29583800 -0.34075000
v 0.22944500 0.26264100 0.21187100
v 0.20991800 0.26654700 0.22163400
v -0.41690600 0.28216900 0.05760500
v -0.26849900 0.28802700 0.15524200
v -0.23335000 0.29583800 0.16305200
v -0.23530300 0.26849900 0.20991800
v -0.18648500 0.26459400 0.22554000
v -0.18062700 0.27045200 0.22554000
v 0.18648500 0.26459400 0.22554000
v 0.18062700 0.27045200 0.22554000
v 0.26849900 0.28802700 0.15524200
v 0.23335000 0.29583800 0.16305200
v 0.23530300 0.26849900 0.20991800
v 0.41690600 0.28216900 0.05760500
v -0.44815000 0.31341200 -0.15328900
v -0.23335000 0.29974300 0.16891100
v -0.21968100 0.27240500 0.21577600
v -0.04003100 0.26264100 0.24116100
v -0.03807800 0.26459400 0.24702000
v -0.05370000 0.27240500 0.23335000
v -0.05370000 0.28216900 0.22554000
v 0.04003100 0.26264100 0.24116100
v 0.03807800 0.26459400 0.24702000
v 0.05370000 0.27240500 0.23335000
v 0.05370000 0.28216900 0.22554000
v 0.21968100 0.27240500 0.21577600
v 0.23335000 0.29974300 0.16891100
v 0.44815000 0.31341200 -0.15328900
v -0.48134600 0.27435800 -0.04003100
v -0.48720500 0.28997900 -0.06736900
v -0.19429600 0.27435800 0.22163400
v -0.03417300 0.26849900 0.24702000
v -0.05174700 0.27631000 0.23920900
v 0.03417300 0.26849900 0.24702000
v 0.05174700 0.27631000 0.23920900
v 0.19429600 0.27435800 0.22163400
v 0.48720500 0.28997900 -0.06736900
v 0.48134600 0.27435800 -0.04003100
v -0.47548800 0.29583800 -0.11032900
v -0.46572500 0.28802700 -0.00097600
v -0.47744100 0.28607400 -0.01464500
v -0.44033900 0.28802700 0.03222000
v -0.35051400 0.30560100 -0.25092500
v 0.35051400 0.30560100 -0.25092500
v 0.44033900 0.28802700 0.03222000
v 0.46572500 0.28802700 -0.00097600
v 0.47744100 0.28607400 -0.01464500
v 0.47548800 0.29583800 -0.11032900
v -0.21968100 0.28216900 0.19820100
v -0.22944500 0.30560100 0.17867400
v -0.02050400 0.27435800 0.23920900
v -0.04784200 0.28216900 0.23920900
v 0.02050400 0.27435800 0.23920900
v 0.04784200 0.28216900 0.23920900
v 0.21968100 0.28216900 0.19820100
v 0.22944500 0.30560100 0.17867400
v -0.18648500 0.28021600 0.20991800
v -0.17867400 0.30755400 0.19234300
v -0.18453200 0.30755400 0.18648500
v -0.17086300 0.30169600 0.19039100
v -0.16891100 0.29583800 0.17867400
v 0.00097600 0.29388500 0.18453200
v -0.05370000 0.30169600 0.20210700
v -0.05565300 0.29388500 0.18453200
v 0.05370000 0.30169600 0.20210700
v 0.05565300 0.29388500 0.18453200
v 0.17086300 0.30169600 0.19039100
v 0.16891100 0.29583800 0.17867400
v 0.18648500 0.28021600 0.20991800
v 0.17867400 0.30755400 0.19234300
v 0.18453200 0.30755400 0.18648500
v -0.42081200 0.31145900 -0.18648500
v -0.33098700 0.30169600 0.11032900
v 0.33098700 0.30169600 0.11032900
v 0.42081200 0.31145900 -0.18648500
v -0.48134600 0.29193200 -0.04198400
v -0.27826300 0.31927000 0.12204500
v -0.27631000 0.30364900 0.14157200
v -0.08494300 0.28802700 0.20601200
v -0.11228200 0.31341200 0.16891100
v -0.04198400 0.29193200 0.22944500
v 0.04198400 0.29193200 0.22944500
v 0.08494300 0.28802700 0.20601200
v 0.11228200 0.31341200 0.16891100
v 0.27631000 0.30364900 0.14157200
v 0.27826300 0.31927000 0.12204500
v 0.48134600 0.29193200 -0.04198400
v -0.47548800 0.30364900 -0.07127400
v -0.21772900 0.30169600 0.18453200
v 0.21772900 0.30169600 0.18453200
v 0.47548800 0.30364900 -0.07127400
v -0.42667000 0.30560100 0.03222000
v -0.40323700 0.32122300 0.04003100
v -0.38175700 0.30950700 0.08103800
v -0.36418300 0.31341200 0.08494300
v -0.08103800 0.28802700 0.22358700
v -0.07713300 0.29388500 0.23335000
v 0.08103800 0.28802700 0.22358700
v 0.07713300 0.29388500 0.23335000
v 0.38175700 0.30950700 0.08103800
v 0.36418300 0.31341200 0.08494300
v 0.42667000 0.30560100 0.03222000
v 0.40323700 0.32122300 0.04003100
v -0.41495400 0.32317600 -0.19429600
v -0.27631000 0.31927000 -0.28216900
v 0.27631000 0.31927000 -0.28216900
v 0.41495400 0.32317600 -0.19429600
v -0.46377200 0.29974300 -0.01464500
v 0.46377200 0.29974300 -0.01464500
v -0.44815000 0.31341200 -0.00292900
v -0.11423400 0.29974300 0.21772900
v -0.13180900 0.30364900 0.20210700
v -0.12790300 0.32512800 0.18062700
v -0.08689600 0.29974300 0.23335000
v -0.09080200 0.29583800 0.22944500
v 0.11423400 0.29974300 0.21772900
v 0.08689600 0.29974300 0.23335000
v 0.09080200 0.29583800 0.22944500
v 0.13180900 0.30364900 0.20210700
v 0.12790300 0.32512800 0.18062700
v 0.44815000 0.31341200 -0.00292900
v -0.33684500 0.32122300 0.09080200
v 0.33684500 0.32122300 0.09080200
v -0.46963000 0.30755400 -0.04588900
v -0.20796500 0.32708100 -0.30755400
v -0.07127400 0.31145900 0.21772900
v 0.07127400 0.31145900 0.21772900
v 0.20796500 0.32708100 -0.30755400
v 0.46963000 0.30755400 -0.04588900
v -0.42471700 0.33489200 -0.15914700
v 0.00097600 0.30950700 0.16891100
v -0.09666000 0.33098700 0.17672100
v -0.03807800 0.31145900 0.16500500
v -0.10447100 0.32122300 0.14157200
v 0.09666000 0.33098700 0.17672100
v 0.03807800 0.31145900 0.16500500
v 0.10447100 0.32122300 0.14157200
v 0.42471700 0.33489200 -0.15914700
v -0.45205500 0.33098700 -0.11814000
v -0.35441900 0.33098700 -0.23530300
v -0.23139800 0.32708100 0.13376200
v -0.17086300 0.32512800 0.16500500
v -0.16891100 0.31731800 0.15524200
v -0.14352500 0.33098700 -0.32317600
v -0.10837600 0.30169600 0.22749200
v -0.00292900 0.33098700 -0.32512800
v -0.08299100 0.33098700 -0.32903400
v 0.00097600 0.33098700 -0.32512800
v 0.00292900 0.33098700 -0.32512800
v 0.14352500 0.33098700 -0.32317600
v 0.08299100 0.33098700 -0.32903400
v 0.10837600 0.30169600 0.22749200
v 0.17086300 0.32512800 0.16500500
v 0.16891100 0.31731800 0.15524200
v 0.23139800 0.32708100 0.13376200
v 0.35441900 0.33098700 -0.23530300
v 0.45205500 0.33098700 -0.11814000
v -0.44424500 0.32903400 -0.01464500
v -0.23335000 0.33098700 0.14157200
v -0.11032900 0.30755400 0.22944500
v -0.14157200 0.30950700 0.21382300
v -0.11618700 0.30755400 0.22554000
v -0.10447100 0.30755400 0.22749200
v 0.10447100 0.30755400 0.22749200
v 0.11032900 0.30755400 0.22944500
v 0.14157200 0.30950700 0.21382300
v 0.11618700 0.30755400 0.22554000
v 0.23335000 0.33098700 0.14157200
v 0.44424500 0.32903400 -0.01464500
v -0.33098700 0.32903400 0.09470700
v -0.22749200 0.33684500 0.15133600
v -0.21577600 0.33489200 0.15524200
v -0.17672100 0.33489200 0.16500500
v 0.17672100 0.33489200 0.16500500
v 0.22749200 0.33684500 0.15133600
v 0.21577600 0.33489200 0.15524200
v 0.33098700 0.32903400 0.09470700
v -0.45010300 0.33684500 -0.04979400
v -0.45205500 0.33879800 -0.08103800
v -0.14938300 0.30950700 0.20015400
v -0.17672100 0.32122300 0.19039100
v 0.14938300 0.30950700 0.20015400
v 0.17672100 0.32122300 0.19039100
v 0.45010300 0.33684500 -0.04979400
v 0.45205500 0.33879800 -0.08103800
v -0.43448100 0.32903400 -0.00292900
v 0.43448100 0.32903400 -0.00292900
v -0.18258000 0.33489200 0.16110000
v -0.10837600 0.31341200 0.22554000
v -0.13571400 0.31536500 0.21968100
v 0.10837600 0.31341200 0.22554000
v 0.13571400 0.31536500 0.21968100
v 0.18258000 0.33489200 0.16110000
v -0.39542700 0.33293900 0.05174700
v -0.14743100 0.31536500 0.21577600
v -0.15133600 0.31731800 0.21187100
v -0.13766700 0.32122300 0.21577600
v 0.00097600 0.32122300 0.16891100
v 0.14743100 0.31536500 0.21577600
v 0.13766700 0.32122300 0.21577600
v 0.15133600 0.31731800 0.21187100
v 0.39542700 0.33293900 0.05174700
v -0.42081200 0.34660800 -0.16500500
v -0.10837600 0.33098700 0.20015400
v -0.06541600 0.31927000 0.15524200
v -0.03612500 0.32317600 0.16500500
v 0.06541600 0.31927000 0.15524200
v 0.03612500 0.32317600 0.16500500
v 0.10837600 0.33098700 0.20015400
v 0.42081200 0.34660800 -0.16500500
v -0.44229200 0.34075000 -0.12009200
v -0.37394700 0.34075000 0.05760500
v -0.13766700 0.33684500 0.13962000
v 0.13766700 0.33684500 0.13962000
v 0.37394700 0.34075000 0.05760500
v 0.44229200 0.34075000 -0.12009200
v -0.14352500 0.32512800 0.21187100
v 0.14352500 0.32512800 0.21187100
v -0.16891100 0.34660800 0.13962000
v -0.16695800 0.33684500 0.12985600
v -0.17281600 0.32512800 0.20210700
v 0.17281600 0.32512800 0.20210700
v 0.16891100 0.34660800 0.13962000
v 0.16695800 0.33684500 0.12985600
v -0.27240500 0.34856100 0.10251800
v -0.28021600 0.34660800 -0.26849900
v -0.09666000 0.33098700 0.13766700
v -0.06541600 0.33098700 0.15719400
v 0.09666000 0.33098700 0.13766700
v 0.06541600 0.33098700 0.15719400
v 0.28021600 0.34660800 -0.26849900
v 0.27240500 0.34856100 0.10251800
v -0.41885900 0.34270300 -0.00292900
v -0.41690600 0.35246700 -0.00292900
v -0.34075000 0.35051400 0.06541600
v -0.17867400 0.32903400 0.20406000
v -0.16110000 0.35441900 0.16110000
v -0.18453200 0.33098700 0.19624900
v -0.18648500 0.33879800 0.18062700
v -0.12790300 0.34270300 0.12204500
v 0.00097600 0.34075000 0.16695800
v 0.12790300 0.34270300 0.12204500
v 0.16110000 0.35441900 0.16110000
v 0.17867400 0.32903400 0.20406000
v 0.18453200 0.33098700 0.19624900
v 0.18648500 0.33879800 0.18062700
v 0.34075000 0.35051400 0.06541600
v 0.41885900 0.34270300 -0.00292900
v 0.41690600 0.35246700 -0.00292900
v -0.35832500 0.35246700 -0.21968100
v -0.36027700 0.37199400 -0.20015400
v -0.03417300 0.34465600 0.16305200
v 0.03417300 0.34465600 0.16305200
v 0.35832500 0.35246700 -0.21968100
v 0.36027700 0.37199400 -0.20015400
v -0.16695800 0.33098700 0.20406000
v -0.17476900 0.36418300 0.12985600
v 0.16695800 0.33098700 0.20406000
v 0.17476900 0.36418300 0.12985600
v -0.23139800 0.35637200 0.10642300
v -0.20796500 0.35637200 -0.29388500
v 0.20796500 0.35637200 -0.29388500
v 0.23139800 0.35637200 0.10642300
v -0.43643400 0.33684500 -0.01464500
v -0.33293900 0.35832500 0.06932200
v -0.17281600 0.33489200 0.20406000
v 0.17281600 0.33489200 0.20406000
v 0.33293900 0.35832500 0.06932200
v 0.43643400 0.33684500 -0.01464500
v -0.44229200 0.34856100 -0.08299100
v -0.28216900 0.37004100 -0.25483000
v -0.23139800 0.36027700 0.11228200
v -0.18062700 0.33879800 0.19820100
v -0.14352500 0.35051400 0.18453200
v -0.14352500 0.36027700 -0.30950700
v -0.13180900 0.35637200 0.15328900
v -0.09666000 0.34270300 0.14157200
v -0.12009200 0.34856100 0.12204500
v -0.00292900 0.36027700 -0.31341200
v -0.08299100 0.36027700 -0.31731800
v -0.06151100 0.35051400 0.15524200
v 0.00097600 0.36027700 -0.31341200
v 0.00292900 0.36027700 -0.31341200
v 0.09666000 0.34270300 0.14157200
v 0.06151100 0.35051400 0.15524200
v 0.14352500 0.36027700 -0.30950700
v 0.08299100 0.36027700 -0.31731800
v 0.12009200 0.34856100 0.12204500
v 0.13180900 0.35637200 0.15328900
v 0.14352500 0.35051400 0.18453200
v 0.18062700 0.33879800 0.19820100
v 0.23139800 0.36027700 0.11228200
v 0.28216900 0.37004100 -0.25483000
v 0.44229200 0.34856100 -0.08299100
v -0.27240500 0.33293900 0.13376200
v -0.26654700 0.33293900 0.13962000
v -0.28021600 0.33489200 0.14157200
v -0.26459400 0.33489200 0.12985600
v -0.28216900 0.33879800 0.13376200
v -0.27631000 0.33684500 0.12790300
v -0.27435800 0.33684500 0.14743100
v -0.24311400 0.35246700 0.14157200
v -0.24506700 0.34856100 0.15133600
v 0.26654700 0.33293900 0.13962000
v 0.26459400 0.33489200 0.12985600
v 0.27240500 0.33293900 0.13376200
v 0.28021600 0.33489200 0.14157200
v 0.24311400 0.35246700 0.14157200
v 0.27435800 0.33684500 0.14743100
v 0.24506700 0.34856100 0.15133600
v 0.27631000 0.33684500 0.12790300
v 0.28216900 0.33879800 0.13376200
v -0.42667000 0.35051400 -0.12204500
v -0.28216900 0.34465600 0.14157200
v -0.27045200 0.37785200 0.09666000
v -0.26068900 0.37589900 0.10056500
v -0.21187000 0.36223000 0.12790300
v -0.22554000 0.36613600 0.12204500
v -0.18258000 0.36223000 0.13376200
v -0.16110000 0.35051400 0.19039100
v 0.16110000 0.35051400 0.19039100
v 0.18258000 0.36223000 0.13376200
v 0.21187100 0.36223000 0.12790300
v 0.22554000 0.36613600 0.12204500
v 0.27045200 0.37785200 0.09666000
v 0.26068900 0.37589900 0.10056500
v 0.28216900 0.34465600 0.14157200
v 0.42667000 0.35051400 -0.12204500
v -0.44229200 0.34660800 -0.05174700
v -0.42081200 0.34856100 -0.01464500
v -0.27826300 0.38175700 0.10251800
v -0.26264100 0.35051400 0.15914700
v -0.16695800 0.35051400 0.11814000
v -0.16891100 0.35832500 0.12790300
v -0.16110000 0.36223000 0.11814000
v 0.16695800 0.35051400 0.11814000
v 0.16110000 0.36223000 0.11814000
v 0.16891100 0.35832500 0.12790300
v 0.26264100 0.35051400 0.15914700
v 0.27826300 0.38175700 0.10251800
v 0.44229200 0.34660800 -0.05174700
v 0.42081200 0.34856100 -0.01464500
v -0.27631000 0.38566300 0.11032900
v -0.18062700 0.34465600 0.19039100
v -0.18648500 0.35441900 0.17476900
v 0.18062700 0.34465600 0.19039100
v 0.18648500 0.35441900 0.17476900
v 0.27631000 0.38566300 0.11032900
v -0.42667000 0.35832500 -0.08494300
v -0.37980500 0.36027700 0.02636200
v 0.00097600 0.34856100 0.18062700
v 0.37980500 0.36027700 0.02636200
v 0.42667000 0.35832500 -0.08494300
v -0.14547800 0.36223000 0.10642300
v -0.12009200 0.36027700 0.12399800
v -0.09275400 0.36027700 0.14157200
v 0.12009200 0.36027700 0.12399800
v 0.09275400 0.36027700 0.14157200
v 0.14547800 0.36223000 0.10642300
v -0.26264100 0.35832500 0.15133600
v -0.25678300 0.38371000 0.12790300
v -0.18258000 0.35832500 0.18648500
v -0.03417300 0.35246700 0.17672100
v 0.03417300 0.35246700 0.17672100
v 0.18258000 0.35832500 0.18648500
v 0.26264100 0.35832500 0.15133600
v 0.25678300 0.38371000 0.12790300
v -0.42471700 0.35832500 -0.05174700
v -0.42276500 0.36223000 -0.12595100
v -0.39347400 0.38175700 -0.14743100
v -0.36223000 0.38761600 -0.18258000
v -0.20796500 0.38175700 -0.27826300
v 0.20796500 0.38175700 -0.27826300
v 0.42276500 0.36223000 -0.12595100
v 0.39347400 0.38175700 -0.14743100
v 0.36223000 0.38761600 -0.18258000
v 0.42471700 0.35832500 -0.05174700
v -0.41885900 0.35637200 -0.01269300
v -0.27045200 0.37785200 0.07322700
v -0.25678300 0.35441900 0.16110000
v -0.22554000 0.37004100 0.15133600
v -0.25287800 0.35441900 0.15914700
v -0.22944500 0.36613600 0.16110000
v -0.13571400 0.36808800 0.10447100
v 0.00097600 0.35832500 0.18648500
v 0.13571400 0.36808800 0.10447100
v 0.25678300 0.35441900 0.16110000
v 0.22554000 0.37004100 0.15133600
v 0.25287800 0.35441900 0.15914700
v 0.22944500 0.36613600 0.16110000
v 0.27045200 0.37785200 0.07322700
v 0.41885900 0.35637200 -0.01269300
v -0.42471700 0.36808800 -0.08689600
v -0.34270300 0.37394700 0.03417300
v -0.17476900 0.36613600 0.18648500
v -0.16110000 0.38566300 0.12985600
v -0.18648500 0.38175700 0.18062700
v -0.17476900 0.38566300 0.15914700
v -0.06346400 0.35832500 0.16891100
v 0.06346400 0.35832500 0.16891100
v 0.17476900 0.36613600 0.18648500
v 0.16110000 0.38566300 0.12985600
v 0.18648500 0.38175700 0.18062700
v 0.17476900 0.38566300 0.15914700
v 0.34270300 0.37394700 0.03417300
v 0.42471700 0.36808800 -0.08689600
v -0.38761600 0.37589900 -0.00683500
v -0.34270300 0.39737900 0.00097600
v -0.28412100 0.39347400 -0.23725600
v -0.24311400 0.39347400 0.09861300
v -0.03222000 0.36223000 0.18258000
v 0.03222000 0.36223000 0.18258000
v 0.24311400 0.39347400 0.09861300
v 0.28412100 0.39347400 -0.23725600
v 0.38761600 0.37589900 -0.00683500
v 0.34270300 0.39737900 0.00097600
v -0.25678300 0.36027700 0.15524200
v -0.23530300 0.37199400 0.16891100
v -0.19820100 0.36613600 0.17086300
v -0.19624900 0.37199400 0.18258000
v -0.18453200 0.38371000 0.13376200
v 0.19820100 0.36613600 0.17086300
v 0.18453200 0.38371000 0.13376200
v 0.19624900 0.37199400 0.18258000
v 0.25678300 0.36027700 0.15524200
v 0.23530300 0.37199400 0.16891100
v -0.42276500 0.36613600 -0.05370000
v -0.23139800 0.38566300 0.07518000
v -0.14352500 0.38761600 -0.29583800
v 0.14352500 0.38761600 -0.29583800
v 0.23139800 0.38566300 0.07518000
v 0.42276500 0.36613600 -0.05370000
v -0.33489200 0.38175700 0.03612500
v -0.09470700 0.36808800 0.15524200
v -0.06151100 0.36808800 0.17476900
v 0.00097600 0.37199400 0.18843800
v 0.09470700 0.36808800 0.15524200
v 0.06151100 0.36808800 0.17476900
v 0.33489200 0.38175700 0.03612500
v -0.23530300 0.38175700 0.16305200
v -0.23139800 0.38956800 0.08103800
v -0.08299100 0.38956800 -0.30169600
v -0.11618700 0.37394700 0.12595100
v -0.13571400 0.37785200 0.10837600
v -0.00292900 0.38761600 -0.29974300
v 0.00097600 0.38761600 -0.29974300
v 0.00292900 0.38761600 -0.29974300
v 0.08299100 0.38956800 -0.30169600
v 0.11618700 0.37394700 0.12595100
v 0.13571400 0.37785200 0.10837600
v 0.23139800 0.38956800 0.08103800
v 0.23530300 0.38175700 0.16305200
v -0.39347400 0.39152100 -0.11228200
v -0.20991800 0.38956800 0.09861300
v -0.22358700 0.39542700 0.09080200
v -0.18453200 0.38956800 0.10251800
v -0.16305200 0.38956800 0.08689600
v -0.03026700 0.37394700 0.18453200
v 0.03026700 0.37394700 0.18453200
v 0.16305200 0.38956800 0.08689600
v 0.20991800 0.38956800 0.09861300
v 0.18453200 0.38956800 0.10251800
v 0.22358700 0.39542700 0.09080200
v 0.39347400 0.39152100 -0.11228200
v -0.39347400 0.39347400 -0.08494300
v -0.39152100 0.38761600 -0.04979400
v -0.21187000 0.37589900 0.15719400
v -0.21772900 0.37199400 0.16695800
v -0.21187000 0.37589900 0.17867400
v 0.21187100 0.37589900 0.17867400
v 0.21187100 0.37589900 0.15719400
v 0.21772900 0.37199400 0.16695800
v 0.39347400 0.39347400 -0.08494300
v 0.39152100 0.38761600 -0.04979400
v -0.15328900 0.39347400 0.08494300
v -0.09275400 0.37785200 0.16110000
v -0.12009200 0.38175700 0.13766700
v -0.05760500 0.37980500 0.17672100
v 0.09275400 0.37785200 0.16110000
v 0.05760500 0.37980500 0.17672100
v 0.12009200 0.38175700 0.13766700
v 0.15328900 0.39347400 0.08494300
v -0.20601200 0.40519000 -0.26264100
v -0.22554000 0.40909600 0.10642300
v 0.22554000 0.40909600 0.10642300
v 0.20601200 0.40519000 -0.26264100
v -0.28412100 0.41300100 -0.21772900
v -0.22358700 0.37785200 0.17476900
v -0.20796500 0.38566300 0.17672100
v 0.00097600 0.37980500 0.20406000
v 0.20796500 0.38566300 0.17672100
v 0.22358700 0.37785200 0.17476900
v 0.28412100 0.41300100 -0.21772900
v -0.13571400 0.38761600 0.11032900
v -0.03026700 0.38175700 0.20015400
v 0.03026700 0.38175700 0.20015400
v 0.13571400 0.38761600 0.11032900
v -0.34465600 0.40128500 -0.00292900
v -0.26849900 0.38761600 0.09080200
v -0.25873600 0.38761600 0.09080200
v -0.22163400 0.38761600 0.17086300
v 0.22163400 0.38761600 0.17086300
v 0.26849900 0.38761600 0.09080200
v 0.25873600 0.38761600 0.09080200
v 0.34465600 0.40128500 -0.00292900
v -0.26849900 0.40323700 0.04003100
v -0.27631000 0.38956800 0.10056500
v -0.15328900 0.40128500 0.08884900
v -0.08884900 0.38956800 0.16305200
v -0.11814000 0.38956800 0.14352500
v 0.08884900 0.38956800 0.16305200
v 0.11814000 0.38956800 0.14352500
v 0.15328900 0.40128500 0.08884900
v 0.26849900 0.40323700 0.04003100
v 0.27631000 0.38956800 0.10056500
v -0.05955800 0.38956800 0.19234300
v 0.00097600 0.38761600 0.22163400
v 0.05955800 0.38956800 0.19234300
v -0.36418300 0.39933200 -0.15719400
v -0.36223000 0.41300100 -0.12009200
v -0.23530300 0.40519000 0.13180900
v -0.14157200 0.41104800 -0.28021600
v -0.20601200 0.40714300 0.13766700
v -0.13962000 0.39542700 0.12204500
v -0.03026700 0.39152100 0.21772900
v 0.03026700 0.39152100 0.21772900
v 0.13962000 0.39542700 0.12204500
v 0.20601200 0.40714300 0.13766700
v 0.14157200 0.41104800 -0.28021600
v 0.23530300 0.40519000 0.13180900
v 0.36418300 0.39933200 -0.15719400
v 0.36223000 0.41300100 -0.12009200
v -0.27435800 0.39152100 0.10837600
v -0.25873600 0.39347400 0.11618700
v -0.20210700 0.41690600 0.08494300
v 0.20210700 0.41690600 0.08494300
v 0.27435800 0.39152100 0.10837600
v 0.25873600 0.39347400 0.11618700
v -0.22944500 0.41104800 0.04198400
v -0.18648500 0.42276500 0.09861300
v 0.18648500 0.42276500 0.09861300
v 0.22944500 0.41104800 0.04198400
v -0.34660800 0.41495400 -0.04784200
v -0.34270300 0.40909600 -0.16500500
v -0.28216900 0.43057600 -0.19429600
v -0.26654700 0.39933200 0.07908500
v -0.27240500 0.39542700 0.09470700
v -0.27045200 0.40323700 0.08494300
v -0.25483000 0.39737900 0.07908500
v -0.08103800 0.41300100 -0.28802700
v 0.00097600 0.41300100 -0.28607400
v -0.00292900 0.41300100 -0.28607400
v 0.00097600 0.39542700 0.24311400
v 0.00292900 0.41300100 -0.28607400
v 0.08103800 0.41300100 -0.28802700
v 0.26654700 0.39933200 0.07908500
v 0.25483000 0.39737900 0.07908500
v 0.27240500 0.39542700 0.09470700
v 0.27045200 0.40323700 0.08494300
v 0.34270300 0.40909600 -0.16500500
v 0.28216900 0.43057600 -0.19429600
v 0.34660800 0.41495400 -0.04784200
v -0.22944500 0.41690600 0.04784200
v -0.20601200 0.41690600 0.06541600
v -0.21968100 0.42276500 0.05760500
v -0.18843800 0.41690600 0.06932200
v -0.17476900 0.41300100 0.06541600
v -0.11423400 0.39933200 0.14743100
v -0.13766700 0.40323700 0.12595100
v -0.09080200 0.39737900 0.17867400
v -0.06151100 0.39933200 0.20796500
v 0.09080200 0.39737900 0.17867400
v 0.06151100 0.39933200 0.20796500
v 0.11423400 0.39933200 0.14743100
v 0.13766700 0.40323700 0.12595100
v 0.17476900 0.41300100 0.06541600
v 0.20601200 0.41690600 0.06541600
v 0.18843800 0.41690600 0.06932200
v 0.21968100 0.42276500 0.05760500
v 0.22944500 0.41690600 0.04784200
v -0.27045200 0.39933200 0.10056500
v -0.03026700 0.39737900 0.23920900
v 0.03026700 0.39737900 0.23920900
v 0.27045200 0.39933200 0.10056500
v -0.34660800 0.42276500 -0.08103800
v -0.20406000 0.42862300 -0.24702000
v -0.25678300 0.40323700 0.10642300
v -0.25287800 0.40909600 0.06346400
v -0.24116100 0.42276500 0.05760500
v -0.16695800 0.41690600 0.06541600
v 0.16695800 0.41690600 0.06541600
v 0.25287800 0.40909600 0.06346400
v 0.24116100 0.42276500 0.05760500
v 0.25678300 0.40323700 0.10642300
v 0.20406000 0.42862300 -0.24702000
v 0.34660800 0.42276500 -0.08103800
v -0.15719400 0.41104800 0.09861300
v 0.00097600 0.40519000 0.26264100
v 0.15719400 0.41104800 0.09861300
v -0.26654700 0.43252800 -0.00097600
v -0.26654700 0.42667000 0.00097600
v -0.26459400 0.41104800 0.06541600
v -0.11814000 0.40714300 0.16305200
v -0.09470700 0.40714300 0.19429600
v -0.06346400 0.40714300 0.22749200
v -0.03026700 0.40714300 0.25873600
v 0.06346400 0.40714300 0.22749200
v 0.03026700 0.40714300 0.25873600
v 0.09470700 0.40714300 0.19429600
v 0.11814000 0.40714300 0.16305200
v 0.26459400 0.41104800 0.06541600
v 0.26654700 0.43252800 -0.00097600
v 0.26654700 0.42667000 0.00097600
v -0.35246700 0.41690600 -0.12399800
v -0.26849900 0.40909600 0.09080200
v -0.26849900 0.41300100 0.06932200
v -0.13571400 0.40909600 0.12790300
v 0.13571400 0.40909600 0.12790300
v 0.26849900 0.41300100 0.06932200
v 0.26849900 0.40909600 0.09080200
v 0.35246700 0.41690600 -0.12399800
v -0.16695800 0.42081200 0.06736900
v 0.16695800 0.42081200 0.06736900
v -0.25678300 0.41104800 0.09470700
v -0.15524200 0.41690600 0.10251800
v 0.15524200 0.41690600 0.10251800
v 0.25678300 0.41104800 0.09470700
v -0.23530300 0.43643400 0.08884900
v -0.13766700 0.43448100 -0.26264100
v 0.00097600 0.41885900 0.27045200
v 0.13766700 0.43448100 -0.26264100
v 0.23530300 0.43643400 0.08884900
v -0.20991800 0.44033900 0.09080200
v -0.12399800 0.41690600 0.17867400
v -0.14352500 0.42081200 0.14352500
v -0.09666000 0.41885900 0.21187100
v -0.06346400 0.41690600 0.24702000
v -0.02636200 0.42081200 0.26849900
v 0.06346400 0.41690600 0.24702000
v 0.02636200 0.42081200 0.26849900
v 0.09666000 0.41885900 0.21187100
v 0.12399800 0.41690600 0.17867400
v 0.14352500 0.42081200 0.14352500
v 0.20991800 0.44033900 0.09080200
v -0.33684500 0.42471700 -0.12790300
v -0.32708100 0.43057600 -0.13180900
v -0.31536500 0.42862300 -0.15524200
v -0.28216900 0.44229200 -0.17086300
v -0.26654700 0.41885900 0.07518000
v -0.26264100 0.41885900 0.05174700
v -0.25092500 0.41885900 0.04784200
v -0.22554000 0.43643400 0.06346400
v -0.15328900 0.41885900 0.10447100
v 0.15328900 0.41885900 0.10447100
v 0.22554000 0.43643400 0.06346400
v 0.26264100 0.41885900 0.05174700
v 0.25092500 0.41885900 0.04784200
v 0.26654700 0.41885900 0.07518000
v 0.33684500 0.42471700 -0.12790300
v 0.32708100 0.43057600 -0.13180900
v 0.31536500 0.42862300 -0.15524200
v 0.28216900 0.44229200 -0.17086300
v -0.26654700 0.42276500 0.05760500
v -0.25483000 0.42276500 0.07908500
v -0.22554000 0.43838600 0.00097600
v -0.17086300 0.42862300 0.07713300
v -0.07908500 0.43643400 -0.27045200
v 0.07908500 0.43643400 -0.27045200
v 0.17086300 0.42862300 0.07713300
v 0.22554000 0.43838600 0.00097600
v 0.25483000 0.42276500 0.07908500
v 0.26654700 0.42276500 0.05760500
v -0.19820100 0.45010300 -0.22554000
v -0.18062700 0.42862300 0.05565300
v -0.00292900 0.43643400 -0.27240500
v 0.00097600 0.43643400 -0.27240500
v 0.00292900 0.43643400 -0.27240500
v 0.18062700 0.42862300 0.05565300
v 0.19820100 0.45010300 -0.22554000
v -0.26654700 0.45205500 -0.04588900
v 0.26654700 0.45205500 -0.04588900
v -0.22554000 0.44424500 0.00097600
v -0.20015400 0.44619700 0.01855100
v -0.20210700 0.45791400 0.00097600
v -0.22163400 0.45791400 0.02245600
v -0.17476900 0.43252800 0.05370000
v -0.16891100 0.43252800 0.08103800
v -0.12790300 0.43057600 0.19234300
v -0.14938300 0.43057600 0.15914700
v -0.09666000 0.43057600 0.22554000
v -0.05760500 0.42862300 0.25678300
v 0.09666000 0.43057600 0.22554000
v 0.05760500 0.42862300 0.25678300
v 0.12790300 0.43057600 0.19234300
v 0.14938300 0.43057600 0.15914700
v 0.16891100 0.43252800 0.08103800
v 0.17476900 0.43252800 0.05370000
v 0.20210700 0.45791400 0.00097600
v 0.20015400 0.44619700 0.01855100
v 0.22163400 0.45791400 0.02245600
v 0.22554000 0.44424500 0.00097600
v -0.26459400 0.42667000 0.06346400
v -0.26068900 0.42471700 0.04003100
v -0.26459400 0.43057600 0.04393600
v -0.24897200 0.42862300 0.03222000
v -0.25873600 0.43252800 0.02831400
v -0.16500500 0.43643400 0.12009200
v 0.00097600 0.43448100 0.27240500
v 0.16500500 0.43643400 0.12009200
v 0.26068900 0.42471700 0.04003100
v 0.24897200 0.42862300 0.03222000
v 0.25873600 0.43252800 0.02831400
v 0.26459400 0.43057600 0.04393600
v 0.26459400 0.42667000 0.06346400
v -0.17476900 0.43448100 0.05565300
v -0.02245600 0.43643400 0.27045200
v 0.02245600 0.43643400 0.27045200
v 0.17476900 0.43448100 0.05565300
v -0.31536500 0.43838600 -0.10642300
v -0.26654700 0.45986600 -0.08494300
v -0.25483000 0.42862300 0.06736900
v -0.24702000 0.43838600 0.01074000
v -0.23725600 0.44619700 0.01464500
v -0.21772900 0.45010300 0.00097600
v -0.18843800 0.44619700 0.04784200
v -0.20796500 0.46572500 0.04003100
v 0.18843800 0.44619700 0.04784200
v 0.20796500 0.46572500 0.04003100
v 0.21772900 0.45010300 0.00097600
v 0.24702000 0.43838600 0.01074000
v 0.23725600 0.44619700 0.01464500
v 0.25483000 0.42862300 0.06736900
v 0.31536500 0.43838600 -0.10642300
v 0.26654700 0.45986600 -0.08494300
v -0.26264100 0.43643400 0.02831400
v 0.26264100 0.43643400 0.02831400
v -0.26264100 0.43448100 0.04784200
v 0.26264100 0.43448100 0.04784200
v -0.29974300 0.44619700 -0.11814000
v -0.29388500 0.44815000 -0.12595100
v -0.25287800 0.43838600 0.05174700
v -0.25678300 0.44033900 0.00878700
v -0.13376200 0.45791400 -0.24311400
v -0.17672100 0.44229200 0.06151100
v -0.09275400 0.44424500 0.23530300
v -0.04979400 0.44033900 0.25873600
v 0.09275400 0.44424500 0.23530300
v 0.04979400 0.44033900 0.25873600
v 0.17672100 0.44229200 0.06151100
v 0.13376200 0.45791400 -0.24311400
v 0.25678300 0.44033900 0.00878700
v 0.25287800 0.43838600 0.05174700
v 0.29974300 0.44619700 -0.11814000
v 0.29388500 0.44815000 -0.12595100
v -0.19234300 0.47548800 -0.19429600
v -0.15328900 0.44424500 0.17281600
v -0.17086300 0.44815000 0.13571400
v -0.12790300 0.44424500 0.20406000
v 0.12790300 0.44424500 0.20406000
v 0.15328900 0.44424500 0.17281600
v 0.17086300 0.44815000 0.13571400
v 0.19234300 0.47548800 -0.19429600
v -0.25873600 0.44619700 0.01074000
v -0.18258000 0.45010300 0.04393600
v -0.18258000 0.45205500 0.09666000
v 0.18258000 0.45205500 0.09666000
v 0.18258000 0.45010300 0.04393600
v 0.25873600 0.44619700 0.01074000
v -0.26068900 0.44229200 0.03222000
v -0.07713300 0.46181900 -0.25092500
v 0.00097600 0.45010300 0.26654700
v 0.07713300 0.46181900 -0.25092500
v 0.26068900 0.44229200 0.03222000
v -0.23335000 0.46377200 0.04003100
v -0.00488200 0.45986600 -0.25483000
v -0.01855100 0.45010300 0.26459400
v 0.00097600 0.45986600 -0.25483000
v 0.00488200 0.45986600 -0.25483000
v 0.01855100 0.45010300 0.26459400
v 0.23335000 0.46377200 0.04003100
v -0.25092500 0.44619700 0.03612500
v -0.25287800 0.45010300 -0.01269300
v -0.24311400 0.44815000 -0.01074000
v 0.25287800 0.45010300 -0.01269300
v 0.24311400 0.44815000 -0.01074000
v 0.25092500 0.44619700 0.03612500
v -0.25483000 0.45400800 -0.01074000
v -0.08494300 0.45986600 0.23335000
v -0.03612500 0.45205500 0.25483000
v -0.05565300 0.46572500 0.25678300
v 0.08494300 0.45986600 0.23335000
v 0.03612500 0.45205500 0.25483000
v 0.05565300 0.46572500 0.25678300
v 0.25483000 0.45400800 -0.01074000
v -0.28216900 0.45400800 -0.12985600
v -0.26459400 0.45986600 -0.13766700
v -0.25287800 0.46377200 -0.14352500
v -0.21187000 0.47744100 -0.16500500
v -0.25678300 0.45010300 0.01269300
v -0.18258000 0.45791400 0.04393600
v -0.19429600 0.46963000 0.07518000
v 0.18258000 0.45791400 0.04393600
v 0.19429600 0.46963000 0.07518000
v 0.25678300 0.45010300 0.01269300
v 0.28216900 0.45400800 -0.12985600
v 0.26459400 0.45986600 -0.13766700
v 0.25287800 0.46377200 -0.14352500
v 0.21187100 0.47744100 -0.16500500
v -0.22554000 0.46572500 -0.04393600
v -0.15133600 0.45791400 0.18258000
v -0.17476900 0.46181900 0.14938300
v -0.12009200 0.45596100 0.21382300
v -0.10056500 0.45400800 0.22749200
v 0.12009200 0.45596100 0.21382300
v 0.10056500 0.45400800 0.22749200
v 0.15133600 0.45791400 0.18258000
v 0.17476900 0.46181900 0.14938300
v 0.22554000 0.46572500 -0.04393600
v -0.24897200 0.45596100 0.01659800
v -0.23920900 0.45986600 -0.03807800
v -0.23139800 0.46572500 -0.03612500
v -0.19429600 0.46572500 0.02440900
v 0.19429600 0.46572500 0.02440900
v 0.23920900 0.45986600 -0.03807800
v 0.23139800 0.46572500 -0.03612500
v 0.24897200 0.45596100 0.01659800
v -0.24897200 0.45986600 -0.03807800
v -0.18843800 0.46767700 0.11032900
v 0.18843800 0.46767700 0.11032900
v 0.24897200 0.45986600 -0.03807800
v -0.25287800 0.45986600 -0.00878700
v -0.25092500 0.46377200 -0.03612500
v -0.21577600 0.46963000 -0.04198400
v -0.14743100 0.47548800 -0.21577600
v -0.18843800 0.46767700 0.02440900
v 0.00097600 0.46572500 0.25483000
v -0.01855100 0.46572500 0.25287800
v 0.01855100 0.46572500 0.25287800
v 0.18843800 0.46767700 0.02440900
v 0.14743100 0.47548800 -0.21577600
v 0.21577600 0.46963000 -0.04198400
v 0.25092500 0.46377200 -0.03612500
v 0.25287800 0.45986600 -0.00878700
v -0.03807800 0.46767700 0.26068900
v 0.03807800 0.46767700 0.26068900
v -0.09470700 0.48525200 0.23725600
v -0.08494300 0.47158300 0.22749200
v -0.07518000 0.48525200 0.23920900
v 0.09470700 0.48525200 0.23725600
v 0.08494300 0.47158300 0.22749200
v 0.07518000 0.48525200 0.23920900
v -0.24506700 0.46377200 -0.00488200
v -0.14547800 0.47158300 0.19234300
v -0.13962000 0.48329900 0.19429600
v -0.11032900 0.47939400 0.21382300
v 0.14547800 0.47158300 0.19234300
v 0.13962000 0.48329900 0.19429600
v 0.11032900 0.47939400 0.21382300
v 0.24506700 0.46377200 -0.00488200
v -0.21577600 0.47744100 -0.03222000
v -0.19820100 0.47353500 -0.04198400
v -0.19039100 0.47548800 0.02831400
v -0.20210700 0.48525200 0.05760500
v -0.17281600 0.47548800 0.15914700
v -0.07518000 0.46963000 -0.24116100
v -0.12595100 0.46963000 -0.23139800
v 0.07518000 0.46963000 -0.24116100
v 0.12595100 0.46963000 -0.23139800
v 0.17281600 0.47548800 0.15914700
v 0.19039100 0.47548800 0.02831400
v 0.20210700 0.48525200 0.05760500
v 0.21577600 0.47744100 -0.03222000
v 0.19820100 0.47353500 -0.04198400
v -0.22944500 0.47548800 -0.11032900
v -0.22554000 0.47353500 -0.08494300
v -0.24897200 0.46963000 -0.03417300
v -0.24311400 0.46963000 -0.06736900
v -0.24506700 0.47353500 -0.06541600
v -0.23139800 0.46767700 -0.06736900
v -0.06541600 0.48525200 0.24506700
v 0.00097600 0.47353500 -0.24311400
v 0.06541600 0.48525200 0.24506700
v 0.24311400 0.46963000 -0.06736900
v 0.23139800 0.46767700 -0.06736900
v 0.24506700 0.47353500 -0.06541600
v 0.24897200 0.46963000 -0.03417300
v 0.22944500 0.47548800 -0.11032900
v 0.22554000 0.47353500 -0.08494300
v -0.19234300 0.48134600 0.12399800
v -0.05174700 0.46963000 -0.24702000
v 0.00097600 0.46181900 -0.27045200
v 0.00097600 0.46181900 -0.26264100
v -0.05174700 0.46377200 -0.26849900
v 0.05174700 0.46377200 -0.26849900
v -0.05174700 0.47158300 -0.27435800
v 0.05174700 0.47158300 -0.27435800
v 0.00097600 0.46963000 -0.27826300
v -0.05174700 0.46377200 -0.25873600
v 0.00097600 0.47158300 -0.25678300
v 0.05174700 0.46377200 -0.25873600
v 0.05174700 0.46963000 -0.24702000
v 0.19234300 0.48134600 0.12399800
v -0.22358700 0.47548800 -0.13571400
v -0.22749200 0.48720500 -0.01074000
v -0.24116100 0.47353500 -0.03026700
v -0.08103800 0.46572500 -0.26459400
v -0.08103800 0.47353500 -0.27045200
v -0.07908500 0.46572500 -0.25483000
v -0.05174700 0.47353500 -0.25287800
v 0.08103800 0.46572500 -0.26459400
v 0.08103800 0.47353500 -0.27045200
v 0.07908500 0.46572500 -0.25483000
v 0.05174700 0.47353500 -0.25287800
v 0.22749200 0.48720500 -0.01074000
v 0.24116100 0.47353500 -0.03026700
v 0.22358700 0.47548800 -0.13571400
v -0.22554000 0.47744100 -0.08494300
v -0.20210700 0.48915700 -0.01074000
v -0.10447100 0.46767700 -0.25873600
v -0.10447100 0.47548800 -0.26459400
v -0.10056500 0.46767700 -0.24897200
v -0.07908500 0.47548800 -0.24702000
v -0.02245600 0.48915700 0.26654700
v 0.00097600 0.47548800 0.26654700
v -0.02245600 0.47548800 0.26459400
v 0.02245600 0.47548800 0.26459400
v 0.02245600 0.48915700 0.26654700
v 0.10447100 0.46767700 -0.25873600
v 0.10056500 0.46767700 -0.24897200
v 0.07908500 0.47548800 -0.24702000
v 0.10447100 0.47548800 -0.26459400
v 0.20210700 0.48915700 -0.01074000
v 0.22554000 0.47744100 -0.08494300
v -0.23725600 0.47548800 -0.09275400
v -0.19820100 0.49306300 -0.00878700
v -0.20210700 0.48525200 0.08884900
v -0.12399800 0.46963000 -0.25092500
v -0.12399800 0.47744100 -0.25678300
v -0.12204500 0.46963000 -0.23920900
v -0.10056500 0.47744100 -0.24116100
v 0.12399800 0.46963000 -0.25092500
v 0.12204500 0.46963000 -0.23920900
v 0.10056500 0.47744100 -0.24116100
v 0.12399800 0.47744100 -0.25678300
v 0.19820100 0.49306300 -0.00878700
v 0.20210700 0.48525200 0.08884900
v 0.23725600 0.47548800 -0.09275400
v -0.24311400 0.47939400 -0.06346400
v -0.23920900 0.47939400 -0.09275400
v -0.21577600 0.47939400 -0.08494300
v -0.12985600 0.47744100 -0.23139800
v -0.12985600 0.48134600 -0.22554000
v -0.12204500 0.47744100 -0.23335000
v -0.14352500 0.47158300 -0.24116100
v -0.14547800 0.47939400 -0.24506700
v -0.14157200 0.47158300 -0.22749200
v -0.05174700 0.47548800 -0.27435800
v 0.05174700 0.47548800 -0.27435800
v 0.00097600 0.47353500 -0.27826300
v 0.14352500 0.47158300 -0.24116100
v 0.14157200 0.47158300 -0.22749200
v 0.12204500 0.47744100 -0.23335000
v 0.14547800 0.47939400 -0.24506700
v 0.12985600 0.47744100 -0.23139800
v 0.12985600 0.48134600 -0.22554000
v 0.21577600 0.47939400 -0.08494300
v 0.23920900 0.47939400 -0.09275400
v 0.24311400 0.47939400 -0.06346400
v -0.16891100 0.49111000 0.16891100
v -0.16695800 0.47548800 -0.22554000
v -0.16891100 0.48329900 -0.22749200
v -0.13962000 0.47939400 -0.22358700
v -0.06541600 0.49111000 0.23139800
v -0.08103800 0.47744100 -0.27045200
v 0.08103800 0.47744100 -0.27045200
v 0.06541600 0.49111000 0.23139800
v 0.16695800 0.47548800 -0.22554000
v 0.13962000 0.47939400 -0.22358700
v 0.16891100 0.48329900 -0.22749200
v 0.16891100 0.49111000 0.16891100
v -0.23530300 0.48329900 -0.05955800
v -0.21187000 0.48720500 -0.08494300
v -0.19624900 0.48525200 -0.09080200
v -0.10251800 0.47939400 -0.26459400
v -0.04979400 0.48329900 -0.26654700
v 0.04979400 0.48329900 -0.26654700
v 0.00097600 0.48134600 -0.27045200
v 0.10251800 0.47939400 -0.26459400
v 0.21187100 0.48720500 -0.08494300
v 0.19624900 0.48525200 -0.09080200
v 0.23530300 0.48329900 -0.05955800
v -0.23335000 0.48134600 -0.11618700
v -0.22749200 0.48329900 -0.14157200
v -0.19624900 0.48525200 -0.19820100
v -0.21577600 0.48525200 -0.16695800
v -0.20406000 0.50282600 0.04003100
v -0.20015400 0.50282600 -0.00488200
v -0.19234300 0.49501500 0.13376200
v -0.14547800 0.48329900 -0.21382300
v -0.12399800 0.48134600 -0.25678300
v -0.07908500 0.48525200 -0.26264100
v 0.00097600 0.48915700 0.26849900
v 0.07908500 0.48525200 -0.26264100
v 0.12399800 0.48134600 -0.25678300
v 0.14547800 0.48329900 -0.21382300
v 0.19624900 0.48525200 -0.19820100
v 0.19234300 0.49501500 0.13376200
v 0.20406000 0.50282600 0.04003100
v 0.20015400 0.50282600 -0.00488200
v 0.21577600 0.48525200 -0.16695800
v 0.23335000 0.48134600 -0.11618700
v 0.22749200 0.48329900 -0.14157200
v -0.14352500 0.48525200 -0.24506700
v -0.10056500 0.48720500 -0.25678300
v 0.10056500 0.48720500 -0.25678300
v 0.14352500 0.48525200 -0.24506700
v -0.23725600 0.48525200 -0.09080200
v -0.16695800 0.48915700 -0.22749200
v -0.12985600 0.49306300 0.19234300
v -0.09666000 0.50282600 0.22163400
v -0.12595100 0.52625900 0.20991800
v -0.10642300 0.51454300 0.22358700
v -0.12009200 0.48915700 -0.24897200
v 0.12009200 0.48915700 -0.24897200
v 0.12985600 0.49306300 0.19234300
v 0.09666000 0.50282600 0.22163400
v 0.12595100 0.52625900 0.20991800
v 0.10642300 0.51454300 0.22358700
v 0.16695800 0.48915700 -0.22749200
v 0.23725600 0.48525200 -0.09080200
v -0.23139800 0.48915700 -0.11423400
v -0.20406000 0.49892100 0.10056500
v -0.17086300 0.48134600 0.16305200
v -0.16500500 0.48134600 0.17086300
v -0.16695800 0.48329900 0.17281600
v -0.17281600 0.48525200 0.16695800
v -0.17672100 0.48525200 0.15524200
v -0.16110000 0.48720500 0.17867400
v -0.15719400 0.48329900 0.17867400
v -0.13962000 0.49111000 -0.23725600
v -0.04784200 0.48720500 -0.25873600
v 0.04784200 0.48720500 -0.25873600
v 0.00097600 0.48525200 -0.26264100
v 0.13962000 0.49111000 -0.23725600
v 0.16500500 0.48134600 0.17086300
v 0.17086300 0.48134600 0.16305200
v 0.16695800 0.48329900 0.17281600
v 0.16110000 0.48720500 0.17867400
v 0.15719400 0.48329900 0.17867400
v 0.17281600 0.48525200 0.16695800
v 0.17672100 0.48525200 0.15524200
v 0.20406000 0.49892100 0.10056500
v 0.23139800 0.48915700 -0.11423400
v -0.22944500 0.49111000 -0.08689600
v -0.22163400 0.50087400 -0.05370000
v -0.22554000 0.49111000 -0.13962000
v -0.19429600 0.49111000 -0.19624900
v -0.16500500 0.49111000 0.17086300
v -0.16110000 0.49306300 0.17476900
v -0.15524200 0.49111000 0.18258000
v -0.15133600 0.48915700 0.18258000
v -0.16110000 0.50477900 0.17281600
v -0.07713300 0.48915700 -0.25287800
v 0.07713300 0.48915700 -0.25287800
v 0.16110000 0.50477900 0.17281600
v 0.15524200 0.49111000 0.18258000
v 0.15133600 0.48915700 0.18258000
v 0.16500500 0.49111000 0.17086300
v 0.16110000 0.49306300 0.17476900
v 0.19429600 0.49111000 -0.19624900
v 0.22554000 0.49111000 -0.13962000
v 0.22944500 0.49111000 -0.08689600
v 0.22163400 0.50087400 -0.05370000
v -0.21382300 0.49306300 -0.16500500
v -0.20796500 0.50087400 0.06932200
v -0.17867400 0.48915700 0.16110000
v -0.18062700 0.49306300 0.15133600
v -0.17086300 0.49306300 0.16695800
v -0.16110000 0.49501500 -0.22163400
v -0.06736900 0.51063700 0.24897200
v -0.08103800 0.52430600 0.22944500
v -0.09666000 0.49111000 -0.24702000
v -0.05174700 0.50087400 0.25092500
v -0.02440900 0.50673200 0.25483000
v -0.04784200 0.50477900 -0.23920900
v 0.04784200 0.50477900 -0.23920900
v 0.00097600 0.50282600 -0.24311400
v 0.02440900 0.50673200 0.25483000
v 0.06736900 0.51063700 0.24897200
v 0.05174700 0.50087400 0.25092500
v 0.09666000 0.49111000 -0.24702000
v 0.08103800 0.52430600 0.22944500
v 0.16110000 0.49501500 -0.22163400
v 0.17867400 0.48915700 0.16110000
v 0.17086300 0.49306300 0.16695800
v 0.18062700 0.49306300 0.15133600
v 0.21382300 0.49306300 -0.16500500
v 0.20796500 0.50087400 0.06932200
v -0.15719400 0.49696800 0.17867400
v -0.11423400 0.49306300 -0.23920900
v -0.09470700 0.51063700 -0.22358700
v 0.09470700 0.51063700 -0.22358700
v 0.11423400 0.49306300 -0.23920900
v 0.15719400 0.49696800 0.17867400
v -0.22358700 0.49501500 -0.11032900
v -0.20015400 0.50477900 -0.05370000
v -0.18258000 0.49501500 0.15524200
v -0.17281600 0.49501500 0.16305200
v -0.18648500 0.49892100 -0.19039100
v -0.14938300 0.49892100 0.18453200
v -0.14547800 0.49696800 0.18453200
v -0.13376200 0.49696800 -0.22944500
v 0.00097600 0.50868400 0.25678300
v 0.13376200 0.49696800 -0.22944500
v 0.14938300 0.49892100 0.18453200
v 0.14547800 0.49696800 0.18453200
v 0.18648500 0.49892100 -0.19039100
v 0.17281600 0.49501500 0.16305200
v 0.18258000 0.49501500 0.15524200
v 0.20015400 0.50477900 -0.05370000
v 0.22358700 0.49501500 -0.11032900
v -0.21577600 0.49696800 -0.13376200
v -0.20601200 0.49892100 -0.15914700
v -0.18843800 0.51063700 0.14352500
v -0.15524200 0.50282600 0.17867400
v -0.15328900 0.49892100 -0.21382300
v 0.15328900 0.49892100 -0.21382300
v 0.15524200 0.50282600 0.17867400
v 0.18843800 0.51063700 0.14352500
v 0.20601200 0.49892100 -0.15914700
v 0.21577600 0.49696800 -0.13376200
v -0.20796500 0.51844800 -0.03026700
v -0.18258000 0.50087400 0.14743100
v -0.15133600 0.51454300 0.17281600
v -0.14352500 0.53797500 0.19429600
v 0.15133600 0.51454300 0.17281600
v 0.14352500 0.53797500 0.19429600
v 0.18258000 0.50087400 0.14743100
v 0.20796500 0.51844800 -0.03026700
v -0.21382300 0.50868400 -0.10251800
v -0.20406000 0.51259000 0.11032900
v -0.17672100 0.49892100 0.15914700
v -0.18453200 0.50282600 0.15133600
v -0.18062700 0.50282600 -0.18258000
v 0.18062700 0.50282600 -0.18258000
v 0.17672100 0.49892100 0.15914700
v 0.18453200 0.50282600 0.15133600
v 0.20406000 0.51259000 0.11032900
v 0.21382300 0.50868400 -0.10251800
v -0.14743100 0.50868400 0.18453200
v -0.14157200 0.50673200 0.18453200
v -0.13962000 0.51649500 -0.19624900
v 0.13962000 0.51649500 -0.19624900
v 0.14743100 0.50868400 0.18453200
v 0.14157200 0.50673200 0.18453200
v -0.20015400 0.50477900 -0.14938300
v -0.20991800 0.51454300 0.08103800
v -0.17867400 0.50477900 0.15719400
v -0.15328900 0.50868400 0.17867400
v 0.15328900 0.50868400 0.17867400
v 0.17867400 0.50477900 0.15719400
v 0.20015400 0.50477900 -0.14938300
v 0.20991800 0.51454300 0.08103800
v -0.21187000 0.51649500 0.04979400
v -0.18453200 0.51063700 0.14547800
v -0.02245600 0.51063700 0.26264100
v 0.02245600 0.51063700 0.26264100
v 0.18453200 0.51063700 0.14547800
v 0.21187100 0.51649500 0.04979400
v -0.22358700 0.50282600 -0.01074000
v -0.20796500 0.51063700 0.01659800
v -0.22944500 0.50868400 0.00488200
v -0.23725600 0.51259000 -0.02245600
v -0.20601200 0.52821200 0.02440900
v -0.18453200 0.51259000 0.14938300
v -0.18648500 0.51649500 -0.14157200
v -0.09470700 0.53992800 0.22554000
v -0.08299100 0.53016400 0.21772900
v -0.04588900 0.50673200 -0.23530300
v 0.00097600 0.50477900 -0.23725600
v 0.04588900 0.50673200 -0.23530300
v 0.09470700 0.53992800 0.22554000
v 0.08299100 0.53016400 0.21772900
v 0.18648500 0.51649500 -0.14157200
v 0.18453200 0.51259000 0.14938300
v 0.20796500 0.51063700 0.01659800
v 0.22358700 0.50282600 -0.01074000
v 0.20601200 0.52821200 0.02440900
v 0.22944500 0.50868400 0.00488200
v 0.23725600 0.51259000 -0.02245600
v -0.19234300 0.51259000 -0.09861300
v -0.21187000 0.55750300 -0.09666000
v -0.21577600 0.54578600 -0.04393600
v -0.21772900 0.56531300 -0.08103800
v -0.17867400 0.51259000 0.15524200
v -0.17867400 0.52625900 0.14938300
v -0.09275400 0.51259000 -0.21772900
v -0.02050400 0.53602300 -0.25483000
v 0.02050400 0.53602300 -0.25483000
v 0.00097600 0.56336100 -0.27045200
v 0.09275400 0.51259000 -0.21772900
v 0.17867400 0.52625900 0.14938300
v 0.17867400 0.51259000 0.15524200
v 0.19234300 0.51259000 -0.09861300
v 0.21187100 0.55750300 -0.09666000
v 0.21577600 0.54578600 -0.04393600
v 0.21772900 0.56531300 -0.08103800
v -0.14743100 0.51649500 0.18258000
v -0.14157200 0.51649500 0.18258000
v -0.07322700 0.53797500 -0.24311400
v -0.05370000 0.53797500 -0.25092500
v 0.07322700 0.53797500 -0.24311400
v 0.05370000 0.53797500 -0.25092500
v 0.14743100 0.51649500 0.18258000
v 0.14157200 0.51649500 0.18258000
v -0.24116100 0.51844800 -0.00683500
v -0.22554000 0.52235400 0.01269300
v -0.15328900 0.51454300 0.17672100
v 0.00097600 0.51063700 0.26459400
v 0.15328900 0.51454300 0.17672100
v 0.24116100 0.51844800 -0.00683500
v 0.22554000 0.52235400 0.01269300
v -0.20015400 0.52821200 0.12009200
v -0.18258000 0.52040100 0.14547800
v -0.13571400 0.51649500 -0.19039100
v -0.02050400 0.52040100 0.26264100
v -0.04784200 0.54578600 0.23920900
v -0.05565300 0.55945500 0.21577600
v 0.02050400 0.52040100 0.26264100
v 0.00097600 0.52040100 0.26459400
v 0.04784200 0.54578600 0.23920900
v 0.05565300 0.55945500 0.21577600
v 0.13571400 0.51649500 -0.19039100
v 0.18258000 0.52040100 0.14547800
v 0.20015400 0.52821200 0.12009200
v -0.25678300 0.53407000 -0.04003100
v -0.20991800 0.52821200 0.09080200
v -0.18062700 0.51649500 -0.13571400
v -0.19820100 0.54578600 -0.12985600
v -0.18258000 0.52040100 0.14938300
v -0.17672100 0.51844800 0.15524200
v -0.10837600 0.53992800 -0.22749200
v 0.10837600 0.53992800 -0.22749200
v 0.18258000 0.52040100 0.14938300
v 0.17672100 0.51844800 0.15524200
v 0.18062700 0.51649500 -0.13571400
v 0.19820100 0.54578600 -0.12985600
v 0.20991800 0.52821200 0.09080200
v 0.25678300 0.53407000 -0.04003100
v -0.21382300 0.53016400 0.06151100
v -0.16891100 0.53602300 0.15133600
v -0.16695800 0.55945500 0.17086300
v 0.16891100 0.53602300 0.15133600
v 0.16695800 0.55945500 0.17086300
v 0.21382300 0.53016400 0.06151100
v -0.21382300 0.54773900 0.04198400
v -0.17867400 0.54578600 -0.16695800
v -0.19234300 0.54383400 -0.14157200
v -0.13962000 0.54383400 -0.20796500
v -0.15133600 0.54188100 -0.19624900
v 0.17867400 0.54578600 -0.16695800
v 0.13962000 0.54383400 -0.20796500
v 0.15133600 0.54188100 -0.19624900
v 0.19234300 0.54383400 -0.14157200
v 0.21382300 0.54773900 0.04198400
v -0.23725600 0.53211700 0.00292900
v -0.26264100 0.54188100 -0.02440900
v -0.24702000 0.53797500 -0.04588900
v -0.17867400 0.52821200 0.15133600
v -0.17476900 0.52235400 0.15719400
v 0.17867400 0.52821200 0.15133600
v 0.17476900 0.52235400 0.15719400
v 0.24702000 0.53797500 -0.04588900
v 0.23725600 0.53211700 0.00292900
v 0.26264100 0.54188100 -0.02440900
v -0.17867400 0.52821200 0.14743100
v -0.01269300 0.54578600 0.25873600
v 0.01269300 0.54578600 0.25873600
v 0.00097600 0.54383400 0.26068900
v 0.17867400 0.52821200 0.14743100
v -0.21577600 0.53407000 0.01269300
v -0.17086300 0.52625900 0.15914700
v -0.17281600 0.53407000 0.15524200
v 0.17281600 0.53407000 0.15524200
v 0.17086300 0.52625900 0.15914700
v 0.21577600 0.53407000 0.01269300
v -0.19039100 0.54383400 0.12790300
v -0.16695800 0.53016400 0.16305200
v -0.16695800 0.53602300 0.16110000
v -0.11228200 0.55164400 0.21577600
v -0.02831400 0.52625900 -0.26459400
v -0.02050400 0.52821200 -0.26654700
v -0.02831400 0.52625900 -0.25483000
v -0.03807800 0.53016400 -0.26654700
v -0.02831400 0.53016400 -0.27045200
v -0.04003100 0.53211700 -0.25678300
v 0.02831400 0.52625900 -0.26459400
v 0.02831400 0.52625900 -0.25483000
v 0.02050400 0.52821200 -0.26654700
v 0.03807800 0.53016400 -0.26654700
v 0.02831400 0.53016400 -0.27045200
v 0.04003100 0.53211700 -0.25678300
v 0.11228200 0.55164400 0.21577600
v 0.16695800 0.53602300 0.16110000
v 0.16695800 0.53016400 0.16305200
v 0.19039100 0.54383400 0.12790300
v -0.20406000 0.54188100 0.10056500
v -0.21382300 0.54188100 0.07127400
v -0.20991800 0.55359700 0.02440900
v -0.17086300 0.53407000 0.15133600
v -0.01269300 0.56140800 -0.27631000
v 0.01269300 0.56140800 -0.27631000
v 0.17086300 0.53407000 0.15133600
v 0.20406000 0.54188100 0.10056500
v 0.20991800 0.55359700 0.02440900
v 0.21382300 0.54188100 0.07127400
v -0.16305200 0.53016400 0.16695800
v -0.16110000 0.53797500 0.16695800
v -0.07908500 0.56336100 0.22749200
v -0.07127400 0.53016400 -0.25873600
v -0.06736900 0.53211700 -0.26654700
v -0.06346400 0.53016400 -0.25483000
v -0.07518000 0.53407000 -0.26654700
v -0.08494300 0.55359700 -0.24702000
v -0.05760500 0.53407000 -0.26264100
v -0.04003100 0.56336100 -0.27826300
v -0.04979400 0.54578600 -0.25678300
v -0.05174700 0.56531300 -0.27045200
v -0.02636200 0.56336100 -0.28021600
v 0.04003100 0.56336100 -0.27826300
v 0.02636200 0.56336100 -0.28021600
v 0.04979400 0.54578600 -0.25678300
v 0.05174700 0.56531300 -0.27045200
v 0.06346400 0.53016400 -0.25483000
v 0.06736900 0.53211700 -0.26654700
v 0.07127400 0.53016400 -0.25873600
v 0.05760500 0.53407000 -0.26264100
v 0.07518000 0.53407000 -0.26654700
v 0.08494300 0.55359700 -0.24702000
v 0.07908500 0.56336100 0.22749200
v 0.16305200 0.53016400 0.16695800
v 0.16110000 0.53797500 0.16695800
v -0.22749200 0.54188100 0.00097600
v -0.25483000 0.55164400 -0.01269300
v -0.06736900 0.53602300 -0.27045200
v 0.06736900 0.53602300 -0.27045200
v 0.22749200 0.54188100 0.00097600
v 0.25483000 0.55164400 -0.01269300
v -0.24702000 0.55555000 -0.05760500
v -0.26068900 0.54383400 -0.04393600
v -0.21382300 0.55555000 -0.00878700
v -0.21382300 0.55359700 0.00878700
v -0.16500500 0.53797500 0.15719400
v -0.07518000 0.56531300 -0.27435800
v -0.08884900 0.56336100 -0.25873600
v 0.07518000 0.56531300 -0.27435800
v 0.08884900 0.56336100 -0.25873600
v 0.16500500 0.53797500 0.15719400
v 0.21382300 0.55555000 -0.00878700
v 0.21382300 0.55359700 0.00878700
v 0.24702000 0.55555000 -0.05760500
v 0.26068900 0.54383400 -0.04393600
v -0.18258000 0.55359700 0.12985600
v -0.18062700 0.57507700 0.14938300
v -0.15914700 0.53992800 0.16500500
v -0.06346400 0.56531300 -0.27631000
v 0.06346400 0.56531300 -0.27631000
v 0.15914700 0.53992800 0.16500500
v 0.18258000 0.55359700 0.12985600
v 0.18062700 0.57507700 0.14938300
v -0.15914700 0.53797500 -0.20991800
v -0.15719400 0.53992800 -0.21968100
v -0.15133600 0.53797500 -0.21577600
v -0.16305200 0.53992800 -0.21577600
v -0.17281600 0.55555000 -0.19624900
v -0.14547800 0.54578600 -0.21968100
v -0.12790300 0.56140800 0.20210700
v -0.13962000 0.55555000 0.20015400
v -0.16305200 0.57507700 0.18062700
v 0.12790300 0.56140800 0.20210700
v 0.13962000 0.55555000 0.20015400
v 0.16305200 0.57507700 0.18062700
v 0.15133600 0.53797500 -0.21577600
v 0.15719400 0.53992800 -0.21968100
v 0.15914700 0.53797500 -0.20991800
v 0.14547800 0.54578600 -0.21968100
v 0.16305200 0.53992800 -0.21577600
v 0.17281600 0.55555000 -0.19624900
v -0.15914700 0.54383400 -0.22163400
v -0.17476900 0.56140800 -0.20796500
v -0.11618700 0.53992800 -0.24311400
v -0.11032900 0.53992800 -0.25092500
v -0.10642300 0.53992800 -0.23920900
v -0.11814000 0.54383400 -0.25092500
v -0.12985600 0.54969200 -0.22358700
v -0.10447100 0.55945500 -0.25483000
v 0.10642300 0.53992800 -0.23920900
v 0.11618700 0.53992800 -0.24311400
v 0.11032900 0.53992800 -0.25092500
v 0.12985600 0.54969200 -0.22358700
v 0.11814000 0.54383400 -0.25092500
v 0.10447100 0.55945500 -0.25483000
v 0.15914700 0.54383400 -0.22163400
v 0.17476900 0.56140800 -0.20796500
v -0.27045200 0.55945500 -0.03026700
v -0.24311400 0.55945500 -0.01269300
v -0.20991800 0.55555000 0.08103800
v -0.19624900 0.55750300 0.10837600
v -0.17672100 0.55164400 -0.17867400
v 0.17672100 0.55164400 -0.17867400
v 0.20991800 0.55555000 0.08103800
v 0.19624900 0.55750300 0.10837600
v 0.24311400 0.55945500 -0.01269300
v 0.27045200 0.55945500 -0.03026700
v -0.26459400 0.55750300 -0.04784200
v -0.20601200 0.54578600 -0.14547800
v -0.20406000 0.54773900 -0.15328900
v -0.19039100 0.55555000 -0.15524200
v -0.15328900 0.57117200 -0.22358700
v -0.17086300 0.57898300 -0.21772900
v -0.13180900 0.56140800 -0.24116100
v -0.12204500 0.57507700 -0.25287800
v 0.00097600 0.55164400 0.27631000
v 0.13180900 0.56140800 -0.24116100
v 0.12204500 0.57507700 -0.25287800
v 0.15328900 0.57117200 -0.22358700
v 0.17086300 0.57898300 -0.21772900
v 0.19039100 0.55555000 -0.15524200
v 0.20601200 0.54578600 -0.14547800
v 0.20406000 0.54773900 -0.15328900
v 0.26459400 0.55750300 -0.04784200
v -0.22554000 0.57703000 -0.05174700
v -0.20991800 0.54773900 -0.13766700
v -0.20991800 0.54969200 -0.14743100
v -0.20991800 0.56140800 -0.12399800
v -0.21577600 0.56921900 -0.10837600
v -0.19234300 0.57117200 -0.17281600
v -0.02245600 0.55750300 0.25092500
v -0.04003100 0.55359700 0.24506700
v -0.05174700 0.55945500 0.24311400
v -0.05760500 0.56336100 0.23139800
v -0.01659800 0.55359700 0.27240500
v 0.02245600 0.55750300 0.25092500
v 0.01659800 0.55359700 0.27240500
v 0.04003100 0.55359700 0.24506700
v 0.05174700 0.55945500 0.24311400
v 0.05760500 0.56336100 0.23139800
v 0.19234300 0.57117200 -0.17281600
v 0.20991800 0.54773900 -0.13766700
v 0.20991800 0.56140800 -0.12399800
v 0.21577600 0.56921900 -0.10837600
v 0.20991800 0.54969200 -0.14743100
v 0.22554000 0.57703000 -0.05174700
v -0.21187000 0.57117200 0.03026700
v -0.21187000 0.56726600 0.05760500
v -0.21968100 0.57117200 -0.12985600
v -0.20796500 0.56726600 -0.15524200
v 0.20796500 0.56726600 -0.15524200
v 0.21968100 0.57117200 -0.12985600
v 0.21187100 0.57117200 0.03026700
v 0.21187100 0.56726600 0.05760500
v -0.22358700 0.59069900 -0.13962000
v 0.22358700 0.59069900 -0.13962000
v -0.26264100 0.56726600 -0.02050400
v -0.09275400 0.57507700 0.21772900
v 0.00097600 0.55945500 0.28997900
v 0.09275400 0.57507700 0.21772900
v 0.26264100 0.56726600 -0.02050400
v -0.22554000 0.56336100 0.01464500
v -0.21382300 0.56531300 -0.00292900
v -0.22554000 0.56921900 0.00683500
v -0.22358700 0.56336100 0.02245600
v -0.19039100 0.56336100 0.11032900
v -0.18843800 0.58874600 0.12790300
v -0.02440900 0.56531300 0.24506700
v -0.04393600 0.56140800 0.25092500
v -0.02050400 0.56336100 0.26264100
v -0.01855100 0.56140800 0.28412100
v -0.03807800 0.56336100 0.26849900
v 0.02050400 0.56336100 0.26264100
v 0.01855100 0.56140800 0.28412100
v 0.03807800 0.56336100 0.26849900
v 0.02440900 0.56531300 0.24506700
v 0.04393600 0.56140800 0.25092500
v 0.19039100 0.56336100 0.11032900
v 0.18843800 0.58874600 0.12790300
v 0.22554000 0.56336100 0.01464500
v 0.22358700 0.56336100 0.02245600
v 0.21382300 0.56531300 -0.00292900
v 0.22554000 0.56921900 0.00683500
v -0.27240500 0.56531300 -0.05174700
v -0.27631000 0.57507700 -0.05174700
v -0.26264100 0.59265200 -0.05565300
v -0.22944500 0.56726600 -0.02050400
v -0.21577600 0.57703000 -0.01464500
v -0.20210700 0.56921900 0.08884900
v -0.13180900 0.57117200 0.20406000
v -0.15524200 0.58874600 0.18648500
v 0.13180900 0.57117200 0.20406000
v 0.15524200 0.58874600 0.18648500
v 0.20210700 0.56921900 0.08884900
v 0.22944500 0.56726600 -0.02050400
v 0.21577600 0.57703000 -0.01464500
v 0.27240500 0.56531300 -0.05174700
v 0.27631000 0.57507700 -0.05174700
v 0.26264100 0.59265200 -0.05565300
v -0.22358700 0.55945500 -0.10056500
v -0.01464500 0.55750300 -0.29388500
v -0.01464500 0.55750300 -0.28997900
v -0.02245600 0.55945500 -0.29388500
v -0.00878700 0.56140800 -0.29388500
v -0.01464500 0.56140800 -0.29779000
v -0.00683500 0.56336100 -0.28607400
v 0.01464500 0.55750300 -0.29388500
v 0.02245600 0.55945500 -0.29388500
v 0.01464500 0.55750300 -0.28997900
v 0.00878700 0.56140800 -0.29388500
v 0.01464500 0.56140800 -0.29779000
v 0.00683500 0.56336100 -0.28607400
v 0.22358700 0.55945500 -0.10056500
v -0.27826300 0.57312400 -0.03807800
v -0.25092500 0.57117200 -0.01855100
v -0.22944500 0.56336100 -0.09080200
v -0.22944500 0.56336100 -0.10251800
v -0.20796500 0.55945500 -0.18062700
v -0.21187000 0.56140800 -0.18453200
v -0.20601200 0.55945500 -0.18453200
v -0.21382300 0.56336100 -0.18062700
v -0.20991800 0.56531300 -0.18648500
v -0.19624900 0.58093500 -0.17867400
v -0.17672100 0.59069900 0.15914700
v -0.11228200 0.55945500 -0.27045200
v -0.10642300 0.55945500 -0.27240500
v -0.11032900 0.56140800 -0.27631000
v -0.11423400 0.56531300 -0.27240500
v -0.10642300 0.56531300 -0.27826300
v -0.05174700 0.58093500 0.21772900
v -0.05565300 0.56726600 0.25678300
v -0.06151100 0.57507700 0.25092500
v -0.02636200 0.58874600 -0.29583800
v -0.03612500 0.58679300 -0.28412100
v 0.00097600 0.57507700 0.29779000
v 0.02636200 0.58874600 -0.29583800
v 0.03612500 0.58679300 -0.28412100
v 0.05565300 0.56726600 0.25678300
v 0.06151100 0.57507700 0.25092500
v 0.05174700 0.58093500 0.21772900
v 0.10642300 0.55945500 -0.27240500
v 0.11228200 0.55945500 -0.27045200
v 0.11032900 0.56140800 -0.27631000
v 0.10642300 0.56531300 -0.27826300
v 0.11423400 0.56531300 -0.27240500
v 0.17672100 0.59069900 0.15914700
v 0.20601200 0.55945500 -0.18453200
v 0.21187100 0.56140800 -0.18453200
v 0.20796500 0.55945500 -0.18062700
v 0.20991800 0.56531300 -0.18648500
v 0.19624900 0.58093500 -0.17867400
v 0.21382300 0.56336100 -0.18062700
v 0.22944500 0.56336100 -0.10251800
v 0.22944500 0.56336100 -0.09080200
v 0.25092500 0.57117200 -0.01855100
v 0.27826300 0.57312400 -0.03807800
v -0.21382300 0.56531300 -0.18453200
v -0.18453200 0.59655700 -0.20991800
v -0.20015400 0.61022600 -0.18648500
v -0.14547800 0.57898300 -0.23920900
v -0.12009200 0.58288800 0.20406000
v -0.10251800 0.58288800 0.20210700
v -0.11228200 0.56531300 -0.27826300
v -0.03417300 0.57117200 0.25092500
v -0.02245600 0.57703000 0.29193200
v -0.00878700 0.58874600 -0.29583800
v -0.01659800 0.58874600 -0.29779000
v 0.00097600 0.58874600 -0.28607400
v 0.00878700 0.58874600 -0.29583800
v 0.01659800 0.58874600 -0.29779000
v 0.02245600 0.57703000 0.29193200
v 0.03417300 0.57117200 0.25092500
v 0.11228200 0.56531300 -0.27826300
v 0.12009200 0.58288800 0.20406000
v 0.10251800 0.58288800 0.20210700
v 0.14547800 0.57898300 -0.23920900
v 0.18453200 0.59655700 -0.20991800
v 0.20015400 0.61022600 -0.18648500
v 0.21382300 0.56531300 -0.18453200
v -0.23920900 0.61217900 -0.06541600
v -0.22749200 0.59460400 -0.10447100
v -0.23530300 0.61608400 -0.09666000
v -0.24116100 0.61217900 -0.08494300
v -0.23139800 0.60241500 -0.05955800
v -0.22749200 0.57117200 0.01659800
v -0.22358700 0.57117200 0.02636200
v -0.22358700 0.60436800 -0.16110000
v -0.19624900 0.57507700 0.09080200
v -0.19624900 0.60241500 0.10447100
v -0.08884900 0.58484100 -0.27240500
v -0.06151100 0.58679300 0.22358700
v -0.05760500 0.57703000 0.22554000
v -0.05370000 0.58679300 -0.27631000
v -0.03222000 0.57312400 0.25873600
v -0.04393600 0.57117200 0.27240500
v -0.02050400 0.57117200 0.25483000
v 0.03222000 0.57312400 0.25873600
v 0.02050400 0.57117200 0.25483000
v 0.04393600 0.57117200 0.27240500
v 0.05370000 0.58679300 -0.27631000
v 0.05760500 0.57703000 0.22554000
v 0.06151100 0.58679300 0.22358700
v 0.08884900 0.58484100 -0.27240500
v 0.19624900 0.57507700 0.09080200
v 0.19624900 0.60241500 0.10447100
v 0.22358700 0.60436800 -0.16110000
v 0.22749200 0.57117200 0.01659800
v 0.22358700 0.57117200 0.02636200
v 0.23920900 0.61217900 -0.06541600
v 0.22749200 0.59460400 -0.10447100
v 0.23530300 0.61608400 -0.09666000
v 0.24116100 0.61217900 -0.08494300
v 0.23139800 0.60241500 -0.05955800
v -0.20601200 0.61217900 -0.17672100
v -0.21772900 0.61999000 -0.16891100
v -0.22554000 0.57898300 0.00683500
v -0.21382300 0.58288800 -0.00292900
v -0.15524200 0.56531300 -0.25483000
v -0.15719400 0.56726600 -0.26264100
v -0.14938300 0.56531300 -0.26068900
v -0.16110000 0.57117200 -0.25873600
v -0.16695800 0.58874600 -0.22944500
v -0.15133600 0.56921900 -0.26654700
v -0.13180900 0.58484100 -0.24897200
v -0.12009200 0.59460400 -0.26264100
v -0.10251800 0.59460400 -0.27631000
v -0.11032900 0.59460400 -0.27435800
v 0.10251800 0.59460400 -0.27631000
v 0.12009200 0.59460400 -0.26264100
v 0.11032900 0.59460400 -0.27435800
v 0.14938300 0.56531300 -0.26068900
v 0.15719400 0.56726600 -0.26264100
v 0.15524200 0.56531300 -0.25483000
v 0.15133600 0.56921900 -0.26654700
v 0.13180900 0.58484100 -0.24897200
v 0.16110000 0.57117200 -0.25873600
v 0.16695800 0.58874600 -0.22944500
v 0.20601200 0.61217900 -0.17672100
v 0.21772900 0.61999000 -0.16891100
v 0.22554000 0.57898300 0.00683500
v 0.21382300 0.58288800 -0.00292900
v -0.26849900 0.58288800 -0.02440900
v -0.23725600 0.57898300 -0.02245600
v -0.20601200 0.58288800 0.06541600
v -0.20796500 0.59069900 0.03026700
v -0.15914700 0.57117200 -0.26459400
v 0.15914700 0.57117200 -0.26459400
v 0.20601200 0.58288800 0.06541600
v 0.20796500 0.59069900 0.03026700
v 0.23725600 0.57898300 -0.02245600
v 0.26849900 0.58288800 -0.02440900
v -0.15133600 0.59851000 -0.26459400
v -0.13766700 0.59460400 -0.25873600
v 0.15133600 0.59851000 -0.26459400
v 0.13766700 0.59460400 -0.25873600
v -0.25483000 0.58484100 -0.02050400
v -0.22554000 0.57898300 0.02245600
v -0.22554000 0.58288800 0.01269300
v -0.23139800 0.61413200 -0.10837600
v -0.16500500 0.60046200 -0.24702000
v -0.15914700 0.60046200 -0.25873600
v -0.14157200 0.59851000 0.18648500
v -0.04784200 0.58484100 0.26849900
v 0.04784200 0.58484100 0.26849900
v 0.14157200 0.59851000 0.18648500
v 0.16500500 0.60046200 -0.24702000
v 0.15914700 0.60046200 -0.25873600
v 0.23139800 0.61413200 -0.10837600
v 0.22554000 0.57898300 0.02245600
v 0.22554000 0.58288800 0.01269300
v 0.25483000 0.58484100 -0.02050400
v -0.27631000 0.59460400 -0.05174700
v -0.27826300 0.59460400 -0.03612500
v 0.27631000 0.59460400 -0.05174700
v 0.27826300 0.59460400 -0.03612500
v -0.20210700 0.58679300 0.06736900
v -0.20210700 0.61217900 0.07518000
v -0.19429600 0.57507700 -0.23920900
v -0.19624900 0.57703000 -0.24506700
v -0.19039100 0.57507700 -0.24311400
v -0.17476900 0.58484100 -0.22358700
v -0.19820100 0.57898300 -0.24116100
v -0.19234300 0.59460400 -0.21187000
v -0.19234300 0.58093500 -0.24702000
v -0.17086300 0.60241500 -0.23530300
v -0.18453200 0.60436800 0.13766700
v -0.16891100 0.60436800 0.16500500
v -0.06932200 0.59460400 0.21382300
v -0.05760500 0.58679300 0.24311400
v 0.00097600 0.59265200 0.29779000
v 0.05760500 0.58679300 0.24311400
v 0.06932200 0.59460400 0.21382300
v 0.16891100 0.60436800 0.16500500
v 0.18453200 0.60436800 0.13766700
v 0.19039100 0.57507700 -0.24311400
v 0.19624900 0.57703000 -0.24506700
v 0.19429600 0.57507700 -0.23920900
v 0.17476900 0.58484100 -0.22358700
v 0.19234300 0.58093500 -0.24702000
v 0.17086300 0.60241500 -0.23530300
v 0.19820100 0.57898300 -0.24116100
v 0.19234300 0.59460400 -0.21187000
v 0.20210700 0.58679300 0.06736900
v 0.20210700 0.61217900 0.07518000
v -0.23530300 0.61022600 -0.04979400
v -0.22554000 0.58874600 -0.02050400
v -0.21577600 0.59655700 -0.00488200
v -0.19624900 0.58093500 -0.24506700
v -0.05174700 0.59460400 0.23335000
v -0.02245600 0.59265200 0.29193200
v 0.02245600 0.59265200 0.29193200
v 0.05174700 0.59460400 0.23335000
v 0.19624900 0.58093500 -0.24506700
v 0.22554000 0.58874600 -0.02050400
v 0.21577600 0.59655700 -0.00488200
v 0.23530300 0.61022600 -0.04979400
v -0.24116100 0.59655700 -0.00683500
v -0.21382300 0.59460400 0.01074000
v -0.20210700 0.61608400 -0.21382300
v 0.20210700 0.61608400 -0.21382300
v 0.21382300 0.59460400 0.01074000
v 0.24116100 0.59655700 -0.00683500
v -0.18843800 0.61413200 -0.23725600
v -0.19624900 0.61803700 -0.22944500
v -0.03807800 0.60436800 0.22358700
v 0.03807800 0.60436800 0.22358700
v 0.18843800 0.61413200 -0.23725600
v 0.19624900 0.61803700 -0.22944500
v -0.26654700 0.60436800 -0.02440900
v -0.07322700 0.59851000 0.20991800
v -0.12985600 0.60046200 0.18453200
v -0.10447100 0.59851000 0.20601200
v 0.07322700 0.59851000 0.20991800
v 0.10447100 0.59851000 0.20601200
v 0.12985600 0.60046200 0.18453200
v 0.26654700 0.60436800 -0.02440900
v -0.25287800 0.62584800 -0.01659800
v -0.07518000 0.62584800 -0.27826300
v -0.09470700 0.64537500 -0.27435800
v -0.04588900 0.59655700 0.26068900
v 0.04588900 0.59655700 0.26068900
v 0.07518000 0.62584800 -0.27826300
v 0.09470700 0.64537500 -0.27435800
v 0.25287800 0.62584800 -0.01659800
v -0.20796500 0.61608400 0.03612500
v -0.04588900 0.62780100 -0.28412100
v -0.05760500 0.62584800 -0.28021600
v 0.04588900 0.62780100 -0.28412100
v 0.05760500 0.62584800 -0.28021600
v 0.20796500 0.61608400 0.03612500
v -0.19234300 0.61803700 0.11228200
v -0.15719400 0.61608400 0.16695800
v -0.02636200 0.63170600 -0.29193200
v -0.00683500 0.62389500 -0.29193200
v 0.00683500 0.62389500 -0.29193200
v 0.02636200 0.63170600 -0.29193200
v 0.15719400 0.61608400 0.16695800
v 0.19234300 0.61803700 0.11228200
v -0.23139800 0.63365900 -0.11032900
v -0.22749200 0.62194200 0.01659800
v -0.17867400 0.61803700 0.14352500
v 0.17867400 0.61803700 0.14352500
v 0.22749200 0.62194200 0.01659800
v 0.23139800 0.63365900 -0.11032900
v -0.26264100 0.61999000 -0.05565300
v 0.00097600 0.60632100 0.28997900
v -0.02050400 0.60632100 0.28412100
v 0.02050400 0.60632100 0.28412100
v 0.26264100 0.61999000 -0.05565300
v -0.27631000 0.61803700 -0.05174700
v -0.27826300 0.61413200 -0.03417300
v -0.21968100 0.60827300 0.00292900
v -0.20015400 0.60632100 -0.20210700
v -0.13962000 0.62389500 -0.25873600
v -0.11423400 0.64342200 -0.26849900
v -0.04588900 0.61803700 0.20991800
v -0.04003100 0.60632100 0.25092500
v 0.04003100 0.60632100 0.25092500
v 0.04588900 0.61803700 0.20991800
v 0.11423400 0.64342200 -0.26849900
v 0.13962000 0.62389500 -0.25873600
v 0.20015400 0.60632100 -0.20210700
v 0.21968100 0.60827300 0.00292900
v 0.27631000 0.61803700 -0.05174700
v 0.27826300 0.61413200 -0.03417300
v -0.22749200 0.63170600 0.00097600
v 0.22749200 0.63170600 0.00097600
v -0.15914700 0.63756400 -0.24702000
v -0.14157200 0.61999000 0.16891100
v -0.07518000 0.61022600 0.20991800
v -0.12790300 0.61217900 0.19234300
v -0.10447100 0.61022600 0.21187100
v -0.05174700 0.61803700 0.20406000
v 0.07518000 0.61022600 0.20991800
v 0.05174700 0.61803700 0.20406000
v 0.12790300 0.61217900 0.19234300
v 0.10447100 0.61022600 0.21187100
v 0.14157200 0.61999000 0.16891100
v 0.15914700 0.63756400 -0.24702000
v -0.17086300 0.63951700 -0.23335000
v 0.17086300 0.63951700 -0.23335000
v -0.23725600 0.64342200 -0.03612500
v -0.19820100 0.62780100 0.08299100
v 0.19820100 0.62780100 0.08299100
v 0.23725600 0.64342200 -0.03612500
v -0.27435800 0.62780100 -0.02636200
v -0.26654700 0.62194200 -0.01659800
v -0.26264100 0.60436800 -0.12009200
v -0.26654700 0.60632100 -0.12009200
v -0.26459400 0.60632100 -0.12204500
v -0.25483000 0.61022600 -0.09666000
v -0.26068900 0.60632100 -0.12399800
v -0.22944500 0.63951700 -0.14157200
v -0.18648500 0.63170600 0.11814000
v -0.16891100 0.62975300 0.14743100
v -0.03026700 0.61413200 0.23920900
v -0.03417300 0.63170600 0.21577600
v 0.03026700 0.61413200 0.23920900
v 0.03417300 0.63170600 0.21577600
v 0.16891100 0.62975300 0.14743100
v 0.18648500 0.63170600 0.11814000
v 0.22944500 0.63951700 -0.14157200
v 0.26264100 0.60436800 -0.12009200
v 0.26068900 0.60632100 -0.12399800
v 0.26459400 0.60632100 -0.12204500
v 0.26654700 0.60632100 -0.12009200
v 0.25483000 0.61022600 -0.09666000
v 0.27435800 0.62780100 -0.02636200
v 0.26654700 0.62194200 -0.01659800
v -0.26654700 0.60827300 -0.12204500
v -0.26264100 0.61413200 -0.10056500
v -0.26264100 0.61022600 -0.12399800
v -0.21772900 0.61022600 -0.20406000
v -0.21577600 0.61413200 -0.20991800
v -0.01659800 0.61608400 0.27435800
v 0.00097600 0.61608400 0.27826300
v 0.01659800 0.61608400 0.27435800
v 0.21772900 0.61022600 -0.20406000
v 0.21577600 0.61413200 -0.20991800
v 0.26264100 0.61022600 -0.12399800
v 0.26654700 0.60827300 -0.12204500
v 0.26264100 0.61413200 -0.10056500
v -0.26068900 0.62194200 -0.10642300
v 0.26068900 0.62194200 -0.10642300
v -0.25092500 0.63365900 -0.11032900
v -0.24506700 0.63170600 -0.06346400
v -0.21772900 0.61217900 -0.20015400
v -0.21772900 0.61413200 -0.20601200
v -0.21382300 0.63365900 -0.16695800
v -0.07713300 0.61608400 0.21187100
v -0.12595100 0.61999000 0.19820100
v -0.10251800 0.61608400 0.21772900
v -0.05565300 0.62389500 0.20015400
v 0.07713300 0.61608400 0.21187100
v 0.05565300 0.62389500 0.20015400
v 0.12595100 0.61999000 0.19820100
v 0.10251800 0.61608400 0.21772900
v 0.21772900 0.61217900 -0.20015400
v 0.21382300 0.63365900 -0.16695800
v 0.21772900 0.61413200 -0.20601200
v 0.24506700 0.63170600 -0.06346400
v 0.25092500 0.63365900 -0.11032900
v -0.22749200 0.66099700 -0.16110000
v -0.20406000 0.63951700 0.05565300
v -0.13962000 0.63170600 0.17476900
v 0.13962000 0.63170600 0.17476900
v 0.20406000 0.63951700 0.05565300
v 0.22749200 0.66099700 -0.16110000
v -0.27631000 0.62975300 -0.04784200
v -0.26068900 0.64147000 -0.07518000
v -0.21187000 0.66880800 -0.19820100
v -0.22358700 0.67076100 -0.18062700
v -0.20210700 0.65123300 -0.21187000
v -0.18843800 0.65318600 -0.22554000
v -0.02440900 0.64342200 0.25092500
v 0.02440900 0.64342200 0.25092500
v 0.18843800 0.65318600 -0.22554000
v 0.21187100 0.66880800 -0.19820100
v 0.20210700 0.65123300 -0.21187000
v 0.22358700 0.67076100 -0.18062700
v 0.26068900 0.64147000 -0.07518000
v 0.27631000 0.62975300 -0.04784200
v -0.22163400 0.63365900 0.02831400
v -0.21577600 0.63170600 0.03417300
v -0.22163400 0.64147000 0.05174700
v -0.14547800 0.62975300 0.16110000
v -0.07908500 0.62194200 0.21382300
v -0.12399800 0.62389500 0.20210700
v -0.10251800 0.61999000 0.21382300
v -0.05760500 0.62780100 0.20210700
v -0.01464500 0.64537500 0.26068900
v 0.00097600 0.61608400 -0.32122300
v -0.00488200 0.61803700 -0.32317600
v 0.00097600 0.61803700 -0.32708100
v 0.00488200 0.61803700 -0.32317600
v 0.01464500 0.64537500 0.26068900
v 0.00097600 0.64537500 0.26264100
v 0.07908500 0.62194200 0.21382300
v 0.05760500 0.62780100 0.20210700
v 0.10251800 0.61999000 0.21382300
v 0.12399800 0.62389500 0.20210700
v 0.14547800 0.62975300 0.16110000
v 0.22163400 0.63365900 0.02831400
v 0.21577600 0.63170600 0.03417300
v 0.22163400 0.64147000 0.05174700
v -0.19234300 0.64342200 0.09275400
v -0.07518000 0.61803700 -0.30364900
v -0.07127400 0.61803700 -0.30755400
v -0.07322700 0.61803700 -0.29779000
v -0.08103800 0.61999000 -0.29974300
v -0.07908500 0.62194200 -0.30755400
v -0.05955800 0.65123300 -0.30364900
v -0.04979400 0.64147000 -0.28997900
v -0.04588900 0.64147000 0.19039100
v -0.00292900 0.62194200 -0.32708100
v -0.02245600 0.64537500 -0.29779000
v 0.00292900 0.62194200 -0.32708100
v 0.00097600 0.62194200 -0.32708100
v 0.02245600 0.64537500 -0.29779000
v 0.04588900 0.64147000 0.19039100
v 0.07127400 0.61803700 -0.30755400
v 0.07518000 0.61803700 -0.30364900
v 0.07322700 0.61803700 -0.29779000
v 0.07908500 0.62194200 -0.30755400
v 0.05955800 0.65123300 -0.30364900
v 0.04979400 0.64147000 -0.28997900
v 0.08103800 0.61999000 -0.29974300
v 0.19234300 0.64342200 0.09275400
v -0.25678300 0.63951700 -0.04588900
v -0.07908500 0.62389500 0.20991800
v -0.12009200 0.62389500 0.20015400
v -0.10056500 0.62389500 0.20991800
v -0.08884900 0.66295000 -0.28216900
v -0.08689600 0.64342200 -0.27826300
v 0.08884900 0.66295000 -0.28216900
v 0.08689600 0.64342200 -0.27826300
v 0.07908500 0.62389500 0.20991800
v 0.10056500 0.62389500 0.20991800
v 0.12009200 0.62389500 0.20015400
v 0.25678300 0.63951700 -0.04588900
v -0.26068900 0.63561200 -0.00488200
v -0.25678300 0.64928100 -0.09080200
v -0.24116100 0.63951700 0.01074000
v -0.07518000 0.66295000 -0.29974300
v -0.05955800 0.62975300 0.20406000
v 0.00097600 0.65513900 -0.31145900
v -0.01074000 0.65318600 -0.30755400
v 0.01074000 0.65318600 -0.30755400
v 0.07518000 0.66295000 -0.29974300
v 0.05955800 0.62975300 0.20406000
v 0.24116100 0.63951700 0.01074000
v 0.25678300 0.64928100 -0.09080200
v 0.26068900 0.63561200 -0.00488200
v -0.16110000 0.65709100 -0.24506700
v -0.12985600 0.65709100 -0.26264100
v -0.13571400 0.63365900 0.17867400
v -0.11814000 0.62584800 0.20015400
v -0.13180900 0.63365900 0.17867400
v -0.08299100 0.65123300 0.21577600
v -0.10056500 0.64928100 0.21382300
v -0.06151100 0.63170600 0.20210700
v -0.06346400 0.64928100 0.20796500
v 0.08299100 0.65123300 0.21577600
v 0.06151100 0.63170600 0.20210700
v 0.06346400 0.64928100 0.20796500
v 0.11814000 0.62584800 0.20015400
v 0.10056500 0.64928100 0.21382300
v 0.13571400 0.63365900 0.17867400
v 0.13180900 0.63365900 0.17867400
v 0.16110000 0.65709100 -0.24506700
v 0.12985600 0.65709100 -0.26264100
v -0.12009200 0.64732800 0.20406000
v 0.12009200 0.64732800 0.20406000
v -0.27045200 0.63951700 -0.04003100
v -0.26459400 0.65123300 -0.01074000
v 0.27045200 0.63951700 -0.04003100
v 0.26459400 0.65123300 -0.01074000
v -0.25873600 0.62975300 -0.17086300
v -0.26264100 0.63170600 -0.17086300
v -0.26264100 0.63170600 -0.17476900
v -0.25678300 0.63170600 -0.17476900
v -0.24702000 0.63561200 -0.13766700
v -0.14547800 0.63561200 0.16891100
v -0.16695800 0.64147000 0.15328900
v 0.14547800 0.63561200 0.16891100
v 0.16695800 0.64147000 0.15328900
v 0.25873600 0.62975300 -0.17086300
v 0.25678300 0.63170600 -0.17476900
v 0.26264100 0.63170600 -0.17476900
v 0.26264100 0.63170600 -0.17086300
v 0.24702000 0.63561200 -0.13766700
v -0.26459400 0.63365900 -0.17281600
v -0.26068900 0.63561200 -0.17672100
v -0.25483000 0.64147000 -0.14352500
v -0.22749200 0.64537500 -0.15524200
v -0.23725600 0.66490200 -0.03026700
v -0.21577600 0.64928100 0.02636200
v -0.18062700 0.64928100 0.12790300
v -0.14157200 0.63756400 0.17672100
v -0.03612500 0.64732800 0.20991800
v 0.03612500 0.64732800 0.20991800
v 0.14157200 0.63756400 0.17672100
v 0.18062700 0.64928100 0.12790300
v 0.21577600 0.64928100 0.02636200
v 0.23725600 0.66490200 -0.03026700
v 0.26068900 0.63561200 -0.17672100
v 0.22749200 0.64537500 -0.15524200
v 0.26459400 0.63365900 -0.17281600
v 0.25483000 0.64147000 -0.14352500
v -0.25678300 0.65123300 -0.15719400
v -0.24506700 0.65904400 -0.10056500
v -0.23725600 0.64732800 -0.11423400
v -0.24311400 0.64928100 0.01269300
v -0.13180900 0.64147000 0.17867400
v 0.13180900 0.64147000 0.17867400
v 0.24311400 0.64928100 0.01269300
v 0.24506700 0.65904400 -0.10056500
v 0.23725600 0.64732800 -0.11423400
v 0.25678300 0.65123300 -0.15719400
v -0.23920900 0.67271300 -0.15914700
v -0.18258000 0.63561200 -0.25678300
v -0.17867400 0.63756400 -0.25873600
v -0.18453200 0.64147000 -0.25873600
v -0.18648500 0.63951700 -0.25287800
v -0.14352500 0.64147000 0.17672100
v 0.14352500 0.64147000 0.17672100
v 0.18258000 0.63561200 -0.25678300
v 0.17867400 0.63756400 -0.25873600
v 0.18453200 0.64147000 -0.25873600
v 0.18648500 0.63951700 -0.25287800
v 0.23920900 0.67271300 -0.15914700
v -0.17672100 0.64928100 -0.25678300
v -0.13180900 0.64342200 0.20015400
v 0.13180900 0.64342200 0.20015400
v 0.17672100 0.64928100 -0.25678300
v -0.25287800 0.65904400 -0.04003100
v -0.26459400 0.65513900 -0.03222000
v -0.21187000 0.67076100 0.06541600
v -0.19234300 0.70981500 0.07713300
v -0.18843800 0.66295000 -0.23920900
v -0.12399800 0.63951700 -0.29193200
v -0.12204500 0.63951700 -0.29779000
v -0.12009200 0.63951700 -0.29388500
v -0.12595100 0.64147000 -0.29583800
v -0.11814000 0.64147000 -0.29583800
v -0.12399800 0.64342200 -0.29974300
v -0.12009200 0.64342200 -0.29974300
v 0.12009200 0.63951700 -0.29388500
v 0.12204500 0.63951700 -0.29779000
v 0.12399800 0.63951700 -0.29193200
v 0.11814000 0.64147000 -0.29583800
v 0.12595100 0.64147000 -0.29583800
v 0.12009200 0.64342200 -0.29974300
v 0.12399800 0.64342200 -0.29974300
v 0.18843800 0.66295000 -0.23920900
v 0.21187100 0.67076100 0.06541600
v 0.19234300 0.70981500 0.07713300
v 0.25287800 0.65904400 -0.04003100
v 0.26459400 0.65513900 -0.03222000
v -0.26068900 0.66295000 -0.07908500
v -0.26068900 0.66099700 -0.05955800
v -0.25287800 0.66685500 -0.13571400
v -0.25092500 0.68638200 -0.09861300
v -0.21968100 0.66490200 0.04003100
v -0.21382300 0.68638200 0.05370000
v -0.18453200 0.66880800 -0.24506700
v -0.14547800 0.64732800 0.17672100
v -0.14743100 0.65709100 0.18062700
v -0.16500500 0.67076100 0.15719400
v -0.14938300 0.68052400 0.17867400
v -0.13180900 0.64732800 0.19820100
v -0.13180900 0.67076100 -0.27240500
v -0.09470700 0.66099700 -0.28021600
v -0.03417300 0.65513900 -0.29583800
v -0.04588900 0.65513900 -0.29388500
v -0.04588900 0.65318600 0.18843800
v -0.06346400 0.65123300 0.20991800
v -0.06346400 0.65513900 0.21187100
v 0.04588900 0.65318600 0.18843800
v 0.06346400 0.65123300 0.20991800
v 0.06346400 0.65513900 0.21187100
v 0.03417300 0.65513900 -0.29583800
v 0.04588900 0.65513900 -0.29388500
v 0.09470700 0.66099700 -0.28021600
v 0.13180900 0.67076100 -0.27240500
v 0.14547800 0.64732800 0.17672100
v 0.13180900 0.64732800 0.19820100
v 0.14743100 0.65709100 0.18062700
v 0.16500500 0.67076100 0.15719400
v 0.14938300 0.68052400 0.17867400
v 0.18453200 0.66880800 -0.24506700
v 0.21968100 0.66490200 0.04003100
v 0.21382300 0.68638200 0.05370000
v 0.25287800 0.66685500 -0.13571400
v 0.25092500 0.68638200 -0.09861300
v 0.26068900 0.66295000 -0.07908500
v 0.26068900 0.66099700 -0.05955800
v -0.23530300 0.66099700 -0.01855100
v -0.17672100 0.72739000 0.11032900
v -0.11618700 0.64928100 0.21577600
v -0.11814000 0.67466600 -0.28607400
v -0.10447100 0.67271300 -0.28607400
v -0.02050400 0.67271300 0.23139800
v 0.02050400 0.67271300 0.23139800
v 0.11814000 0.67466600 -0.28607400
v 0.10447100 0.67271300 -0.28607400
v 0.11618700 0.64928100 0.21577600
v 0.17672100 0.72739000 0.11032900
v 0.23530300 0.66099700 -0.01855100
v -0.02440900 0.66880800 -0.29974300
v 0.00097600 0.67466600 0.23920900
v 0.02440900 0.66880800 -0.29974300
v -0.13180900 0.65513900 0.19624900
v -0.11618700 0.65318600 0.21382300
v -0.04393600 0.66295000 0.20991800
v 0.04393600 0.66295000 0.20991800
v 0.13180900 0.65513900 0.19624900
v 0.11618700 0.65318600 0.21382300
v -0.23920900 0.66490200 0.00683500
v -0.21968100 0.66295000 0.00488200
v -0.16305200 0.69419300 0.15328900
v -0.16500500 0.67271300 -0.24897200
v -0.09861300 0.65123300 0.22358700
v -0.08103800 0.65318600 0.22358700
v 0.09861300 0.65123300 0.22358700
v 0.08103800 0.65318600 0.22358700
v 0.16500500 0.67271300 -0.24897200
v 0.16305200 0.69419300 0.15328900
v 0.23920900 0.66490200 0.00683500
v 0.21968100 0.66295000 0.00488200
v -0.26264100 0.66490200 -0.02636200
v -0.25678300 0.66880800 -0.01659800
v -0.24897200 0.67271300 -0.14938300
v -0.19820100 0.70200400 -0.20015400
v -0.09861300 0.65709100 0.22163400
v -0.08103800 0.65709100 0.22163400
v -0.05174700 0.67271300 -0.29583800
v 0.05174700 0.67271300 -0.29583800
v 0.08103800 0.65709100 0.22163400
v 0.09861300 0.65709100 0.22163400
v 0.19820100 0.70200400 -0.20015400
v 0.24897200 0.67271300 -0.14938300
v 0.26264100 0.66490200 -0.02636200
v 0.25678300 0.66880800 -0.01659800
v -0.11423400 0.66099700 0.20991800
v -0.06346400 0.66099700 0.20601200
v -0.05955800 0.66685500 0.20991800
v 0.00097600 0.70981500 -0.29583800
v 0.06346400 0.66099700 0.20601200
v 0.05955800 0.66685500 0.20991800
v 0.11423400 0.66099700 0.20991800
v -0.13376200 0.66490200 0.19820100
v -0.04003100 0.65513900 -0.30560100
v -0.04393600 0.65709100 -0.30364900
v -0.03612500 0.65904400 -0.30755400
v -0.04003100 0.65904400 -0.30755400
v 0.04003100 0.65513900 -0.30560100
v 0.03612500 0.65904400 -0.30755400
v 0.04393600 0.65709100 -0.30364900
v 0.04003100 0.65904400 -0.30755400
v 0.13376200 0.66490200 0.19820100
v -0.13962000 0.65904400 -0.25873600
v -0.15328900 0.66295000 -0.25287800
v -0.15914700 0.65709100 -0.27826300
v -0.15524200 0.65709100 -0.27826300
v -0.15719400 0.66099700 -0.28216900
v -0.16110000 0.66099700 -0.27826300
v -0.13571400 0.68247700 0.19624900
v -0.08103800 0.66490200 0.21382300
v -0.09861300 0.66490200 0.21382300
v 0.08103800 0.66490200 0.21382300
v 0.09861300 0.66490200 0.21382300
v 0.13962000 0.65904400 -0.25873600
v 0.13571400 0.68247700 0.19624900
v 0.15524200 0.65709100 -0.27826300
v 0.15914700 0.65709100 -0.27826300
v 0.15719400 0.66099700 -0.28216900
v 0.15328900 0.66295000 -0.25287800
v 0.16110000 0.66099700 -0.27826300
v -0.24897200 0.66880800 -0.03026700
v -0.03222000 0.69224000 -0.30169600
v -0.04198400 0.69224000 -0.30169600
v 0.03222000 0.69224000 -0.30169600
v 0.04198400 0.69224000 -0.30169600
v 0.24897200 0.66880800 -0.03026700
v -0.26068900 0.67661900 -0.06736900
v -0.25483000 0.67857100 -0.04198400
v -0.23530300 0.66880800 -0.01464500
v -0.23139800 0.69419300 -0.15328900
v -0.15914700 0.66490200 -0.28021600
v -0.13962000 0.68247700 -0.27435800
v -0.11618700 0.67076100 0.21187100
v -0.08884900 0.70981500 -0.27631000
v 0.08884900 0.70981500 -0.27631000
v 0.11618700 0.67076100 0.21187100
v 0.15914700 0.66490200 -0.28021600
v 0.13962000 0.68247700 -0.27435800
v 0.23139800 0.69419300 -0.15328900
v 0.23530300 0.66880800 -0.01464500
v 0.26068900 0.67661900 -0.06736900
v 0.25483000 0.67857100 -0.04198400
v -0.22749200 0.68443000 0.02050400
v -0.25092500 0.67857100 -0.01269300
v -0.18648500 0.71176800 -0.21577600
v -0.07322700 0.70786200 -0.28216900
v -0.05565300 0.72153100 -0.28412100
v -0.05955800 0.68052400 0.21772900
v -0.04003100 0.68833500 0.22749200
v 0.05955800 0.68052400 0.21772900
v 0.04003100 0.68833500 0.22749200
v 0.07322700 0.70786200 -0.28216900
v 0.05565300 0.72153100 -0.28412100
v 0.18648500 0.71176800 -0.21577600
v 0.22749200 0.68443000 0.02050400
v 0.25092500 0.67857100 -0.01269300
v -0.25092500 0.67857100 -0.03222000
v -0.23920900 0.68443000 0.04003100
v -0.23335000 0.69224000 0.04784200
v -0.17867400 0.66490200 0.16305200
v -0.18062700 0.66685500 0.15719400
v -0.17476900 0.66490200 0.15914700
v -0.16891100 0.66880800 0.17281600
v -0.18062700 0.66880800 0.16305200
v -0.17476900 0.68052400 0.17672100
v -0.17672100 0.66685500 0.15524200
v -0.15914700 0.69419300 -0.25873600
v -0.14938300 0.69028800 -0.27045200
v -0.11618700 0.68247700 0.20991800
v -0.08103800 0.67271300 0.21577600
v -0.09861300 0.67271300 0.21577600
v 0.08103800 0.67271300 0.21577600
v 0.09861300 0.67271300 0.21577600
v 0.11618700 0.68247700 0.20991800
v 0.15914700 0.69419300 -0.25873600
v 0.14938300 0.69028800 -0.27045200
v 0.17476900 0.66490200 0.15914700
v 0.18062700 0.66685500 0.15719400
v 0.17867400 0.66490200 0.16305200
v 0.16891100 0.66880800 0.17281600
v 0.17672100 0.66685500 0.15524200
v 0.18062700 0.66880800 0.16305200
v 0.17476900 0.68052400 0.17672100
v 0.23920900 0.68443000 0.04003100
v 0.23335000 0.69224000 0.04784200
v 0.25092500 0.67857100 -0.03222000
v -0.25287800 0.70786200 -0.11423400
v -0.18062700 0.67076100 0.15719400
v 0.18062700 0.67076100 0.15719400
v 0.25287800 0.70786200 -0.11423400
v -0.21772900 0.71957900 -0.17281600
v -0.20796500 0.70786200 -0.18648500
v -0.17476900 0.70591000 -0.23530300
v -0.17086300 0.69224000 0.16695800
v -0.15719400 0.68052400 0.19234300
v -0.01464500 0.71567300 -0.29193200
v 0.01464500 0.71567300 -0.29193200
v 0.15719400 0.68052400 0.19234300
v 0.17086300 0.69224000 0.16695800
v 0.17476900 0.70591000 -0.23530300
v 0.21772900 0.71957900 -0.17281600
v 0.20796500 0.70786200 -0.18648500
v -0.20601200 0.71372000 0.06541600
v -0.20210700 0.71176800 0.08299100
v -0.12399800 0.72739000 -0.26068900
v -0.09861300 0.68052400 0.21577600
v 0.09861300 0.68052400 0.21577600
v 0.12399800 0.72739000 -0.26068900
v 0.20601200 0.71372000 0.06541600
v 0.20210700 0.71176800 0.08299100
v -0.24311400 0.71762600 -0.12399800
v -0.16110000 0.73910600 -0.23725600
v -0.10837600 0.73129500 -0.27240500
v -0.08103800 0.68052400 0.21772900
v -0.01464500 0.70395700 0.23530300
v 0.01464500 0.70395700 0.23530300
v 0.08103800 0.68052400 0.21772900
v 0.10837600 0.73129500 -0.27240500
v 0.16110000 0.73910600 -0.23725600
v 0.24311400 0.71762600 -0.12399800
v 0.00097600 0.70395700 0.23725600
v -0.25287800 0.68638200 -0.04979400
v -0.25678300 0.68443000 -0.07322700
v 0.25287800 0.68638200 -0.04979400
v 0.25678300 0.68443000 -0.07322700
v -0.25092500 0.69028800 -0.03807800
v -0.29388500 0.68443000 -0.04003100
v -0.29388500 0.68443000 -0.04588900
v -0.26264100 0.68638200 -0.00878700
v 0.29388500 0.68443000 -0.04003100
v 0.25092500 0.69028800 -0.03807800
v 0.29388500 0.68443000 -0.04588900
v 0.26264100 0.68638200 -0.00878700
v -0.16110000 0.69419300 0.19429600
v -0.13962000 0.68443000 0.20796500
v -0.08103800 0.68443000 0.23530300
v -0.10447100 0.68443000 0.22749200
v -0.05370000 0.68833500 0.23920900
v 0.08103800 0.68443000 0.23530300
v 0.05370000 0.68833500 0.23920900
v 0.10447100 0.68443000 0.22749200
v 0.16110000 0.69419300 0.19429600
v 0.13962000 0.68443000 0.20796500
v -0.29583800 0.68833500 -0.04198400
v -0.29193200 0.68833500 -0.04784200
v -0.29388500 0.69028800 -0.03807800
v -0.25287800 0.70786200 -0.03222000
v -0.25483000 0.69419300 -0.09080200
v -0.28997900 0.69419300 -0.10251800
v -0.27240500 0.69614600 -0.06151100
v -0.23920900 0.69809900 0.03417300
v -0.23725600 0.70200400 0.04588900
v -0.25678300 0.70005100 0.00488200
v -0.23139800 0.71567300 0.02636200
v -0.10837600 0.70005100 0.23139800
v -0.14157200 0.69809900 0.21187100
v -0.07908500 0.70200400 0.24116100
v 0.07908500 0.70200400 0.24116100
v 0.10837600 0.70005100 0.23139800
v 0.14157200 0.69809900 0.21187100
v 0.23920900 0.69809900 0.03417300
v 0.25678300 0.70005100 0.00488200
v 0.23139800 0.71567300 0.02636200
v 0.23725600 0.70200400 0.04588900
v 0.25483000 0.69419300 -0.09080200
v 0.25287800 0.70786200 -0.03222000
v 0.28997900 0.69419300 -0.10251800
v 0.27240500 0.69614600 -0.06151100
v 0.29583800 0.68833500 -0.04198400
v 0.29193200 0.68833500 -0.04784200
v 0.29388500 0.69028800 -0.03807800
v -0.22358700 0.71957900 0.06151100
v 0.22358700 0.71957900 0.06151100
v -0.29388500 0.69224000 -0.04198400
v -0.03222000 0.70395700 0.24506700
v -0.05565300 0.70786200 0.24702000
v -0.02636200 0.70786200 0.23725600
v 0.03222000 0.70395700 0.24506700
v 0.02636200 0.70786200 0.23725600
v 0.05565300 0.70786200 0.24702000
v 0.29388500 0.69224000 -0.04198400
v -0.26849900 0.70591000 -0.02636200
v -0.14938300 0.72543700 -0.25483000
v 0.14938300 0.72543700 -0.25483000
v 0.26849900 0.70591000 -0.02636200
v -0.23139800 0.72543700 0.05370000
v -0.15719400 0.70981500 0.18258000
v -0.02831400 0.73520000 -0.28997900
v -0.04393600 0.73324800 -0.28607400
v 0.02831400 0.73520000 -0.28997900
v 0.04393600 0.73324800 -0.28607400
v 0.15719400 0.70981500 0.18258000
v 0.23139800 0.72543700 0.05370000
v -0.28997900 0.69614600 -0.10837600
v -0.29388500 0.69809900 -0.10447100
v -0.29388500 0.69809900 -0.10056500
v -0.28997900 0.70200400 -0.10837600
v -0.25678300 0.70786200 -0.09470700
v -0.23335000 0.71567300 -0.14743100
v -0.14938300 0.71372000 0.17086300
v -0.15524200 0.73129500 0.16110000
v -0.13766700 0.71567300 0.20210700
v 0.13766700 0.71567300 0.20210700
v 0.14938300 0.71372000 0.17086300
v 0.15524200 0.73129500 0.16110000
v 0.23335000 0.71567300 -0.14743100
v 0.28997900 0.69614600 -0.10837600
v 0.28997900 0.70200400 -0.10837600
v 0.25678300 0.70786200 -0.09470700
v 0.29388500 0.69809900 -0.10056500
v 0.29388500 0.69809900 -0.10447100
v -0.27826300 0.70591000 -0.06736900
v -0.26264100 0.71176800 -0.03612500
v 0.27826300 0.70591000 -0.06736900
v 0.26264100 0.71176800 -0.03612500
v -0.29388500 0.70200400 -0.10251800
v -0.23139800 0.72934200 0.04003100
v 0.23139800 0.72934200 0.04003100
v 0.29388500 0.70200400 -0.10251800
v -0.25483000 0.71372000 -0.00488200
v -0.25873600 0.72153100 0.01269300
v -0.22944500 0.70005100 -0.22554000
v -0.22554000 0.70200400 -0.23139800
v -0.23139800 0.70395700 -0.22944500
v -0.23335000 0.70395700 -0.22554000
v -0.10642300 0.71176800 0.22554000
v 0.10642300 0.71176800 0.22554000
v 0.22944500 0.70005100 -0.22554000
v 0.22554000 0.70200400 -0.23139800
v 0.23139800 0.70395700 -0.22944500
v 0.23335000 0.70395700 -0.22554000
v 0.25483000 0.71372000 -0.00488200
v 0.25873600 0.72153100 0.01269300
v -0.26849900 0.71957900 -0.08689600
v -0.22554000 0.70786200 -0.23139800
v -0.07908500 0.71176800 0.23530300
v 0.07908500 0.71176800 0.23530300
v 0.22554000 0.70786200 -0.23139800
v 0.26849900 0.71957900 -0.08689600
v -0.23139800 0.70786200 -0.22749200
v -0.21772900 0.72348400 -0.20601200
v -0.21772900 0.71957900 -0.18843800
v -0.04003100 0.71762600 0.24897200
v -0.02245600 0.72153100 0.24506700
v -0.00878700 0.73324800 0.22554000
v -0.02050400 0.73324800 0.22749200
v 0.00878700 0.73324800 0.22554000
v 0.00097600 0.73324800 0.22554000
v 0.02050400 0.73324800 0.22749200
v 0.02245600 0.72153100 0.24506700
v 0.04003100 0.71762600 0.24897200
v 0.23139800 0.70786200 -0.22749200
v 0.21772900 0.71957900 -0.18843800
v 0.21772900 0.72348400 -0.20601200
v -0.25873600 0.73910600 -0.03612500
v -0.24311400 0.73129500 -0.00878700
v -0.17672100 0.75082200 -0.21187000
v 0.17672100 0.75082200 -0.21187000
v 0.24311400 0.73129500 -0.00878700
v 0.25873600 0.73910600 -0.03612500
v -0.25483000 0.73520000 -0.08494300
v -0.24506700 0.75277500 -0.10056500
v -0.20601200 0.72543700 -0.21577600
v -0.09080200 0.71176800 -0.30755400
v -0.08689600 0.71176800 -0.31145900
v -0.05760500 0.71567300 0.23920900
v 0.05760500 0.71567300 0.23920900
v 0.09080200 0.71176800 -0.30755400
v 0.08689600 0.71176800 -0.31145900
v 0.20601200 0.72543700 -0.21577600
v 0.25483000 0.73520000 -0.08494300
v 0.24506700 0.75277500 -0.10056500
v -0.19039100 0.72153100 0.10056500
v -0.09861300 0.72348400 -0.27631000
v -0.00488200 0.71372000 -0.33098700
v 0.00097600 0.71176800 -0.33098700
v 0.00488200 0.71372000 -0.33098700
v 0.09861300 0.72348400 -0.27631000
v 0.19039100 0.72153100 0.10056500
v -0.23725600 0.76644400 0.00488200
v -0.20015400 0.72934200 0.08494300
v -0.19234300 0.72543700 0.10251800
v -0.10251800 0.71567300 0.21577600
v -0.13180900 0.71957900 0.19234300
v -0.09080200 0.71567300 -0.31341200
v -0.09470700 0.71762600 -0.30950700
v -0.08494300 0.71567300 -0.31341200
v -0.07713300 0.71567300 0.22554000
v 0.00097600 0.71567300 -0.33489200
v 0.10251800 0.71567300 0.21577600
v 0.07713300 0.71567300 0.22554000
v 0.09080200 0.71567300 -0.31341200
v 0.08494300 0.71567300 -0.31341200
v 0.09470700 0.71762600 -0.30950700
v 0.13180900 0.71957900 0.19234300
v 0.20015400 0.72934200 0.08494300
v 0.19234300 0.72543700 0.10251800
v 0.23725600 0.76644400 0.00488200
v -0.25483000 0.73520000 0.00878700
v -0.19820100 0.74301100 0.06932200
v -0.13376200 0.74301100 0.18453200
v -0.02050400 0.73129500 -0.30169600
v -0.00292900 0.71762600 -0.33293900
v 0.00292900 0.71762600 -0.33293900
v 0.02050400 0.73129500 -0.30169600
v 0.13376200 0.74301100 0.18453200
v 0.19820100 0.74301100 0.06932200
v 0.25483000 0.73520000 0.00878700
v -0.25678300 0.71762600 -0.17867400
v -0.23139800 0.71957900 -0.16500500
v -0.23920900 0.72153100 -0.13571400
v -0.22749200 0.73910600 0.03612500
v -0.07908500 0.73910600 0.21772900
v -0.10251800 0.73910600 0.20796500
v -0.08884900 0.71957900 -0.31145900
v -0.07713300 0.73715300 -0.29193200
v -0.05955800 0.73129500 -0.28607400
v -0.05760500 0.71957900 0.22944500
v -0.06151100 0.74105900 0.22163400
v -0.04393600 0.72348400 0.23920900
v 0.00097600 0.71957900 -0.33293900
v 0.05760500 0.71957900 0.22944500
v 0.04393600 0.72348400 0.23920900
v 0.07908500 0.73910600 0.21772900
v 0.06151100 0.74105900 0.22163400
v 0.08884900 0.71957900 -0.31145900
v 0.07713300 0.73715300 -0.29193200
v 0.05955800 0.73129500 -0.28607400
v 0.10251800 0.73910600 0.20796500
v 0.22749200 0.73910600 0.03612500
v 0.23920900 0.72153100 -0.13571400
v 0.23139800 0.71957900 -0.16500500
v 0.25678300 0.71762600 -0.17867400
v -0.25483000 0.71957900 -0.18453200
v -0.25873600 0.72153100 -0.18258000
v -0.26068900 0.72153100 -0.17867400
v -0.09666000 0.73324800 -0.28021600
v -0.03026700 0.72934200 0.24702000
v -0.01464500 0.73715300 -0.30560100
v 0.01464500 0.73715300 -0.30560100
v 0.03026700 0.72934200 0.24702000
v 0.09666000 0.73324800 -0.28021600
v 0.25483000 0.71957900 -0.18453200
v 0.25873600 0.72153100 -0.18258000
v 0.26068900 0.72153100 -0.17867400
v -0.25483000 0.75472800 -0.04588900
v -0.22358700 0.73324800 -0.16695800
v -0.25483000 0.72348400 -0.18453200
v -0.21968100 0.74691700 0.05955800
v -0.21772900 0.74691700 -0.16695800
v -0.04393600 0.72543700 0.22944500
v 0.00097600 0.74105900 -0.30950700
v 0.04393600 0.72543700 0.22944500
v 0.21772900 0.74691700 -0.16695800
v 0.22358700 0.73324800 -0.16695800
v 0.21968100 0.74691700 0.05955800
v 0.25483000 0.72348400 -0.18453200
v 0.25483000 0.75472800 -0.04588900
v -0.25873600 0.72543700 -0.18062700
v -0.25092500 0.73129500 -0.14352500
v -0.25092500 0.74105900 0.02245600
v -0.02050400 0.74105900 0.23530300
v 0.02050400 0.74105900 0.23530300
v 0.25092500 0.73129500 -0.14352500
v 0.25873600 0.72543700 -0.18062700
v 0.25092500 0.74105900 0.02245600
v -0.23920900 0.74691700 -0.15914700
v -0.19624900 0.75668000 -0.19820100
v -0.20601200 0.77230200 -0.17086300
v -0.03417300 0.73324800 0.23920900
v 0.03417300 0.73324800 0.23920900
v 0.19624900 0.75668000 -0.19820100
v 0.20601200 0.77230200 -0.17086300
v 0.23920900 0.74691700 -0.15914700
v -0.19039100 0.72739000 0.10251800
v -0.16110000 0.72543700 -0.28021600
v -0.16500500 0.72739000 -0.28021600
v -0.13180900 0.73324800 -0.26264100
v -0.16305200 0.72934200 -0.28412100
v -0.15914700 0.72934200 -0.28412100
v -0.03222000 0.73520000 0.23139800
v 0.03222000 0.73520000 0.23139800
v 0.16110000 0.72543700 -0.28021600
v 0.16500500 0.72739000 -0.28021600
v 0.13180900 0.73324800 -0.26264100
v 0.16305200 0.72934200 -0.28412100
v 0.15914700 0.72934200 -0.28412100
v 0.19039100 0.72739000 0.10251800
v -0.18453200 0.77034900 0.06346400
v -0.19624900 0.76449100 0.06151100
v -0.15914700 0.74105900 0.14743100
v -0.17476900 0.76839700 0.10251800
v -0.16695800 0.73129500 -0.28021600
v -0.11032900 0.75863300 -0.26068900
v 0.11032900 0.75863300 -0.26068900
v 0.16695800 0.73129500 -0.28021600
v 0.18453200 0.77034900 0.06346400
v 0.15914700 0.74105900 0.14743100
v 0.17476900 0.76839700 0.10251800
v 0.19624900 0.76449100 0.06151100
v -0.16305200 0.73324800 -0.28412100
v -0.13766700 0.74301100 -0.27240500
v -0.02636200 0.74301100 0.23725600
v 0.02636200 0.74301100 0.23725600
v 0.16305200 0.73324800 -0.28412100
v 0.13766700 0.74301100 -0.27240500
v -0.24116100 0.77230200 -0.10837600
v -0.23335000 0.75863300 0.01074000
v -0.16500500 0.74496400 -0.25678300
v -0.13571400 0.75668000 0.17281600
v -0.13180900 0.75082200 0.17672100
v -0.04784200 0.76058600 -0.27631000
v 0.04784200 0.76058600 -0.27631000
v 0.13571400 0.75668000 0.17281600
v 0.13180900 0.75082200 0.17672100
v 0.16500500 0.74496400 -0.25678300
v 0.23335000 0.75863300 0.01074000
v 0.24116100 0.77230200 -0.10837600
v -0.15328900 0.74886900 -0.26849900
v -0.09080200 0.77230200 -0.26849900
v -0.02245600 0.78401800 -0.27240500
v -0.02245600 0.75472800 0.21772900
v 0.00097600 0.75472800 0.21772900
v 0.02245600 0.75472800 0.21772900
v 0.02245600 0.78401800 -0.27240500
v 0.09080200 0.77230200 -0.26849900
v 0.15328900 0.74886900 -0.26849900
v -0.25287800 0.75472800 -0.07518000
v -0.24116100 0.76253900 0.03026700
v 0.25287800 0.75472800 -0.07518000
v 0.24116100 0.76253900 0.03026700
v -0.06932200 0.76839700 -0.27631000
v 0.00097600 0.79182900 -0.27826300
v 0.06932200 0.76839700 -0.27631000
v -0.22358700 0.76253900 0.04393600
v -0.21772900 0.75668000 0.04588900
v -0.16110000 0.76058600 -0.22749200
v -0.07713300 0.75277500 0.20796500
v -0.09470700 0.75082200 0.20015400
v -0.06151100 0.75277500 0.21187100
v 0.07713300 0.75277500 0.20796500
v 0.06151100 0.75277500 0.21187100
v 0.09470700 0.75082200 0.20015400
v 0.16110000 0.76058600 -0.22749200
v 0.22358700 0.76253900 0.04393600
v 0.21772900 0.75668000 0.04588900
v -0.13962000 0.77034900 0.16110000
v -0.15328900 0.76839700 0.14352500
v 0.13962000 0.77034900 0.16110000
v 0.15328900 0.76839700 0.14352500
v -0.12399800 0.77034900 -0.25678300
v 0.12399800 0.77034900 -0.25678300
v -0.15328900 0.78011300 -0.22944500
v 0.15328900 0.78011300 -0.22944500
v -0.21772900 0.77034900 -0.15133600
v -0.22749200 0.78987700 -0.12399800
v -0.19820100 0.77816000 0.05174700
v 0.21772900 0.77034900 -0.15133600
v 0.19820100 0.77816000 0.05174700
v 0.22749200 0.78987700 -0.12399800
v -0.13180900 0.80159300 -0.23335000
v 0.13180900 0.80159300 -0.23335000
v -0.20015400 0.75472800 -0.24897200
v -0.19624900 0.75668000 -0.25092500
v -0.18843800 0.76058600 -0.20406000
v -0.10447100 0.76253900 0.19429600
v -0.09080200 0.75668000 0.20601200
v -0.09861300 0.76644400 0.20015400
v 0.10447100 0.76253900 0.19429600
v 0.09080200 0.75668000 0.20601200
v 0.09861300 0.76644400 0.20015400
v 0.19624900 0.75668000 -0.25092500
v 0.20015400 0.75472800 -0.24897200
v 0.18843800 0.76058600 -0.20406000
v -0.24702000 0.76253900 -0.08884900
v -0.06346400 0.76253900 0.20796500
v -0.07908500 0.75863300 0.20991800
v 0.06346400 0.76253900 0.20796500
v 0.07908500 0.75863300 0.20991800
v 0.24702000 0.76253900 -0.08884900
v -0.25092500 0.76058600 -0.05370000
v -0.23920900 0.77230200 -0.02245600
v -0.28216900 0.76058600 -0.10251800
v -0.20015400 0.75863300 -0.25287800
v -0.20406000 0.75863300 -0.24897200
v -0.02245600 0.76058600 0.21577600
v 0.02245600 0.76058600 0.21577600
v -0.02245600 0.76644400 0.21382300
v 0.02245600 0.76644400 0.21382300
v 0.00097600 0.76644400 0.21382300
v 0.20015400 0.75863300 -0.25287800
v 0.20406000 0.75863300 -0.24897200
v 0.25092500 0.76058600 -0.05370000
v 0.28216900 0.76058600 -0.10251800
v 0.23920900 0.77230200 -0.02245600
v -0.19624900 0.76058600 -0.25287800
v -0.19039100 0.77816000 -0.19429600
v -0.10447100 0.77425500 0.19234300
v -0.07908500 0.76839700 0.20601200
v 0.07908500 0.76839700 0.20601200
v 0.10447100 0.77425500 0.19234300
v 0.19624900 0.76058600 -0.25287800
v 0.19039100 0.77816000 -0.19429600
v -0.21772900 0.79378200 0.02245600
v -0.20015400 0.76253900 -0.25092500
v -0.12790300 0.76839700 -0.28607400
v -0.12399800 0.76644400 -0.28802700
v -0.11814000 0.76839700 -0.28997900
v -0.06736900 0.76449100 0.20991800
v 0.06736900 0.76449100 0.20991800
v 0.11814000 0.76839700 -0.28997900
v 0.12399800 0.76644400 -0.28802700
v 0.12790300 0.76839700 -0.28607400
v 0.20015400 0.76253900 -0.25092500
v 0.21772900 0.79378200 0.02245600
v -0.28607400 0.76253900 -0.10056500
v -0.28412100 0.76449100 -0.10447100
v -0.28021600 0.76449100 -0.10642300
v -0.26264100 0.77034900 -0.05174700
v -0.16500500 0.77425500 -0.22944500
v -0.18062700 0.77816000 -0.23335000
v -0.06151100 0.76644400 -0.30560100
v -0.05565300 0.76839700 -0.30560100
v -0.03612500 0.77620800 -0.28021600
v 0.05565300 0.76839700 -0.30560100
v 0.06151100 0.76644400 -0.30560100
v 0.03612500 0.77620800 -0.28021600
v 0.16500500 0.77425500 -0.22944500
v 0.18062700 0.77816000 -0.23335000
v 0.28607400 0.76253900 -0.10056500
v 0.26264100 0.77034900 -0.05174700
v 0.28021600 0.76449100 -0.10642300
v 0.28412100 0.76449100 -0.10447100
v -0.28412100 0.76839700 -0.10056500
v -0.24506700 0.77620800 -0.08689600
v -0.22554000 0.78792400 0.03807800
v -0.19624900 0.79573500 0.04784200
v -0.18648500 0.78401800 -0.21772900
v 0.18648500 0.78401800 -0.21772900
v 0.22554000 0.78792400 0.03807800
v 0.19624900 0.79573500 0.04784200
v 0.24506700 0.77620800 -0.08689600
v 0.28412100 0.76839700 -0.10056500
v -0.28021600 0.76839700 -0.10447100
v 0.28021600 0.76839700 -0.10447100
v -0.12595100 0.77034900 -0.29193200
v -0.07908500 0.78011300 0.20210700
v -0.06346400 0.77034900 -0.30560100
v -0.05955800 0.77034900 -0.30755400
v -0.02245600 0.78011300 0.20991800
v 0.02245600 0.78011300 0.20991800
v 0.00097600 0.78011300 0.20991800
v 0.05955800 0.77034900 -0.30755400
v 0.06346400 0.77034900 -0.30560100
v 0.07908500 0.78011300 0.20210700
v 0.12595100 0.77034900 -0.29193200
v -0.26264100 0.78206600 -0.07322700
v -0.25873600 0.78206600 -0.08494300
v -0.16891100 0.79182900 0.10056500
v -0.18062700 0.79573500 0.06346400
v -0.13571400 0.78401800 0.15914700
v -0.14743100 0.79573500 0.13571400
v -0.12790300 0.77425500 -0.28802700
v -0.12009200 0.77425500 -0.28997900
v -0.07322700 0.78401800 -0.27240500
v -0.05565300 0.77230200 -0.30755400
v 0.05565300 0.77230200 -0.30755400
v 0.07322700 0.78401800 -0.27240500
v 0.12009200 0.77425500 -0.28997900
v 0.12790300 0.77425500 -0.28802700
v 0.16891100 0.79182900 0.10056500
v 0.13571400 0.78401800 0.15914700
v 0.14743100 0.79573500 0.13571400
v 0.18062700 0.79573500 0.06346400
v 0.26264100 0.78206600 -0.07322700
v 0.25873600 0.78206600 -0.08494300
v -0.23530300 0.79378200 -0.01074000
v -0.22944500 0.81330900 -0.02050400
v -0.23335000 0.77620800 -0.19039100
v -0.23530300 0.78011300 -0.18843800
v -0.21968100 0.79573500 -0.13376200
v -0.17867400 0.81330900 0.03807800
v -0.10251800 0.78792400 0.17672100
v -0.10056500 0.80159300 0.17672100
v -0.12009200 0.78792400 -0.26264100
v -0.06151100 0.77425500 -0.30755400
v 0.06151100 0.77425500 -0.30755400
v 0.12009200 0.78792400 -0.26264100
v 0.10251800 0.78792400 0.17672100
v 0.10056500 0.80159300 0.17672100
v 0.17867400 0.81330900 0.03807800
v 0.23335000 0.77620800 -0.19039100
v 0.23530300 0.78011300 -0.18843800
v 0.21968100 0.79573500 -0.13376200
v 0.23530300 0.79378200 -0.01074000
v 0.22944500 0.81330900 -0.02050400
v -0.23139800 0.79964000 -0.06932200
v -0.21772900 0.81916800 -0.07713300
v -0.23139800 0.78987700 -0.00488200
v -0.22944500 0.77816000 -0.19624900
v -0.19820100 0.78401800 -0.17867400
v -0.09080200 0.79378200 -0.26068900
v -0.05760500 0.79573500 -0.28216900
v -0.04393600 0.79378200 -0.28216900
v 0.05760500 0.79573500 -0.28216900
v 0.04393600 0.79378200 -0.28216900
v 0.09080200 0.79378200 -0.26068900
v 0.22944500 0.77816000 -0.19624900
v 0.19820100 0.78401800 -0.17867400
v 0.23139800 0.78987700 -0.00488200
v 0.23139800 0.79964000 -0.06932200
v 0.21772900 0.81916800 -0.07713300
v -0.10837600 0.78987700 -0.27045200
v 0.10837600 0.78987700 -0.27045200
v -0.23335000 0.78011300 -0.19429600
v 0.23335000 0.78011300 -0.19429600
v -0.22944500 0.78401800 -0.19624900
v -0.18258000 0.81330900 -0.16891100
v -0.14743100 0.79964000 -0.21772900
v -0.16500500 0.81135700 -0.20210700
v 0.14743100 0.79964000 -0.21772900
v 0.16500500 0.81135700 -0.20210700
v 0.18258000 0.81330900 -0.16891100
v 0.22944500 0.78401800 -0.19624900
v -0.23335000 0.78401800 -0.19234300
v -0.02440900 0.79573500 0.19820100
v -0.07518000 0.79573500 0.18648500
v 0.02440900 0.79573500 0.19820100
v 0.00097600 0.79573500 0.19820100
v 0.07518000 0.79573500 0.18648500
v 0.23335000 0.78401800 -0.19234300
v -0.24116100 0.81721500 -0.04588900
v 0.24116100 0.81721500 -0.04588900
v -0.21187000 0.80354600 -0.16891100
v -0.21772900 0.80354600 -0.15719400
v -0.20406000 0.79573500 -0.17672100
v -0.17672100 0.80940400 -0.19234300
v -0.12985600 0.80940400 0.14547800
v -0.10056500 0.81135700 0.17086300
v -0.07908500 0.82697800 -0.24116100
v -0.01464500 0.79768800 -0.27045200
v -0.03222000 0.80940400 -0.26459400
v 0.01464500 0.79768800 -0.27045200
v 0.03222000 0.80940400 -0.26459400
v 0.07908500 0.82697800 -0.24116100
v 0.12985600 0.80940400 0.14547800
v 0.10056500 0.81135700 0.17086300
v 0.17672100 0.80940400 -0.19234300
v 0.20406000 0.79573500 -0.17672100
v 0.21187100 0.80354600 -0.16891100
v 0.21772900 0.80354600 -0.15719400
v -0.20210700 0.80745100 0.03612500
v -0.10642300 0.82112000 -0.23920900
v 0.10642300 0.82112000 -0.23920900
v 0.20210700 0.80745100 0.03612500
v -0.24506700 0.79182900 -0.00097600
v -0.21382300 0.80159300 0.01269300
v 0.24506700 0.79182900 -0.00097600
v 0.21382300 0.80159300 0.01269300
v -0.24506700 0.79573500 -0.00683500
v -0.24897200 0.79573500 -0.00097600
v -0.24702000 0.79573500 0.00292900
v -0.17281600 0.81721500 0.06346400
v -0.15914700 0.81526200 0.09666000
v -0.00683500 0.80159300 -0.30755400
v 0.00683500 0.80159300 -0.30755400
v 0.00097600 0.79964000 -0.30755400
v 0.15914700 0.81526200 0.09666000
v 0.17281600 0.81721500 0.06346400
v 0.24506700 0.79573500 -0.00683500
v 0.24897200 0.79573500 -0.00097600
v 0.24702000 0.79573500 0.00292900
v -0.23139800 0.80549800 -0.01074000
v -0.05955800 0.83478900 -0.24897200
v 0.05955800 0.83478900 -0.24897200
v 0.23139800 0.80549800 -0.01074000
v -0.24897200 0.79964000 0.00097600
v -0.24897200 0.79964000 -0.00488200
v -0.20991800 0.81526200 0.03026700
v -0.21187000 0.81916800 -0.11423400
v -0.13962000 0.82697800 0.11814000
v -0.06151100 0.80745100 0.19624900
v -0.02440900 0.80745100 0.20406000
v 0.02440900 0.80745100 0.20406000
v 0.00097600 0.80745100 0.20601200
v 0.06151100 0.80745100 0.19624900
v 0.13962000 0.82697800 0.11814000
v 0.21187100 0.81916800 -0.11423400
v 0.24897200 0.79964000 -0.00488200
v 0.24897200 0.79964000 0.00097600
v 0.20991800 0.81526200 0.03026700
v -0.01855100 0.81330900 -0.27240500
v 0.01855100 0.81330900 -0.27240500
v -0.22944500 0.82112000 0.00488200
v -0.21772900 0.82893100 0.01855100
v -0.20991800 0.83283700 -0.04588900
v -0.15524200 0.80549800 -0.25483000
v -0.15719400 0.80940400 -0.25287800
v -0.15328900 0.81916800 -0.20406000
v 0.00097600 0.80745100 -0.31145900
v 0.15524200 0.80549800 -0.25483000
v 0.15719400 0.80940400 -0.25287800
v 0.15328900 0.81916800 -0.20406000
v 0.20991800 0.83283700 -0.04588900
v 0.22944500 0.82112000 0.00488200
v 0.21772900 0.82893100 0.01855100
v -0.14938300 0.80745100 -0.25873600
v -0.12009200 0.81916800 -0.23335000
v -0.00683500 0.80940400 -0.30755400
v 0.00683500 0.80940400 -0.30755400
v 0.14938300 0.80745100 -0.25873600
v 0.12009200 0.81916800 -0.23335000
v -0.19429600 0.83869500 -0.12985600
v -0.17672100 0.84650600 -0.13766700
v 0.19429600 0.83869500 -0.12985600
v 0.17672100 0.84650600 -0.13766700
v -0.21187000 0.82307300 -0.00292900
v -0.15524200 0.80940400 -0.25873600
v 0.15524200 0.80940400 -0.25873600
v 0.21187100 0.82307300 -0.00292900
v -0.14938300 0.81135700 -0.25873600
v -0.05174700 0.81721500 0.18648500
v -0.07518000 0.81721500 0.17867400
v 0.00097600 0.81721500 0.19429600
v 0.00097600 0.81135700 -0.30755400
v 0.05174700 0.81721500 0.18648500
v 0.07518000 0.81721500 0.17867400
v 0.14938300 0.81135700 -0.25873600
v -0.19234300 0.82112000 -0.21968100
v -0.18062700 0.82502600 -0.17476900
v -0.15524200 0.81330900 -0.25678300
v -0.10056500 0.83478900 0.15133600
v -0.12204500 0.83674200 0.12790300
v -0.02831400 0.84260000 -0.24116100
v -0.00878700 0.82502600 -0.27435800
v 0.00878700 0.82502600 -0.27435800
v 0.02831400 0.84260000 -0.24116100
v 0.10056500 0.83478900 0.15133600
v 0.12204500 0.83674200 0.12790300
v 0.15524200 0.81330900 -0.25678300
v 0.19234300 0.82112000 -0.21968100
v 0.18062700 0.82502600 -0.17476900
v -0.16110000 0.82697800 -0.20406000
v -0.18843800 0.82307300 -0.22358700
v -0.13766700 0.82697800 -0.23139800
v 0.00097600 0.82893100 -0.27631000
v 0.13766700 0.82697800 -0.23139800
v 0.16110000 0.82697800 -0.20406000
v 0.18843800 0.82307300 -0.22358700
v -0.20210700 0.83869500 -0.00683500
v -0.19234300 0.82307300 0.03807800
v -0.16305200 0.84064700 0.03222000
v -0.17281600 0.84260000 0.03807800
v -0.14352500 0.82893100 -0.21968100
v 0.14352500 0.82893100 -0.21968100
v 0.19234300 0.82307300 0.03807800
v 0.16305200 0.84064700 0.03222000
v 0.17281600 0.84260000 0.03807800
v 0.20210700 0.83869500 -0.00683500
v -0.16110000 0.83674200 0.06151100
v -0.14743100 0.83869500 0.08884900
v 0.16110000 0.83674200 0.06151100
v 0.14743100 0.83869500 0.08884900
v -0.20601200 0.84260000 -0.02440900
v -0.04784200 0.84845800 0.16500500
v -0.07322700 0.84845800 0.15719400
v 0.00097600 0.84845800 0.17281600
v 0.04784200 0.84845800 0.16500500
v 0.07322700 0.84845800 0.15719400
v 0.20601200 0.84260000 -0.02440900
v -0.21968100 0.82112000 -0.09080200
v -0.21968100 0.83674200 -0.07908500
v -0.19429600 0.85431700 -0.04784200
v -0.24116100 0.82893100 -0.13180900
v -0.23725600 0.83088400 -0.13571400
v -0.20210700 0.83674200 -0.12009200
v -0.14157200 0.84455300 -0.18843800
v -0.11618700 0.83088400 -0.23139800
v 0.11618700 0.83088400 -0.23139800
v 0.14157200 0.84455300 -0.18843800
v 0.21968100 0.82112000 -0.09080200
v 0.24116100 0.82893100 -0.13180900
v 0.23725600 0.83088400 -0.13571400
v 0.20210700 0.83674200 -0.12009200
v 0.21968100 0.83674200 -0.07908500
v 0.19429600 0.85431700 -0.04784200
v -0.20601200 0.83478900 0.01269300
v -0.24506700 0.83283700 -0.12985600
v -0.19234300 0.82502600 -0.22163400
v -0.19429600 0.82697800 -0.21772900
v -0.11228200 0.82697800 -0.26654700
v 0.11228200 0.82697800 -0.26654700
v 0.19234300 0.82502600 -0.22163400
v 0.19429600 0.82697800 -0.21772900
v 0.24506700 0.83283700 -0.12985600
v 0.20601200 0.83478900 0.01269300
v -0.19429600 0.84455300 0.00878700
v -0.18843800 0.82697800 -0.22358700
v 0.18843800 0.82697800 -0.22358700
v 0.19429600 0.84455300 0.00878700
v -0.19039100 0.82893100 -0.21968100
v -0.17672100 0.83674200 -0.18258000
v 0.00097600 0.85626900 -0.24702000
v 0.17672100 0.83674200 -0.18258000
v 0.19039100 0.82893100 -0.21968100
v -0.16891100 0.84064700 -0.19234300
v -0.12790300 0.85236400 0.10056500
v -0.12595100 0.85236400 -0.20015400
v -0.11032900 0.85236400 -0.20991800
v -0.10837600 0.83088400 -0.26849900
v -0.11618700 0.83088400 -0.26654700
v -0.11228200 0.83283700 -0.27045200
v -0.07322700 0.84260000 -0.23139800
v 0.10837600 0.83088400 -0.26849900
v 0.07322700 0.84260000 -0.23139800
v 0.11228200 0.83283700 -0.27045200
v 0.11618700 0.83088400 -0.26654700
v 0.12595100 0.85236400 -0.20015400
v 0.11032900 0.85236400 -0.20991800
v 0.12790300 0.85236400 0.10056500
v 0.16891100 0.84064700 -0.19234300
v -0.24311400 0.83283700 -0.13571400
v -0.17672100 0.85041100 0.02636200
v 0.17672100 0.85041100 0.02636200
v 0.24311400 0.83283700 -0.13571400
v -0.23920900 0.83674200 -0.13571400
v -0.10251800 0.85431700 -0.22554000
v -0.11423400 0.83674200 -0.26654700
v -0.10642300 0.83674200 -0.26849900
v 0.10642300 0.83674200 -0.26849900
v 0.10251800 0.85431700 -0.22554000
v 0.11423400 0.83674200 -0.26654700
v 0.23920900 0.83674200 -0.13571400
v -0.24311400 0.83674200 -0.13180900
v 0.24311400 0.83674200 -0.13180900
v -0.09861300 0.85431700 0.13571400
v -0.06736900 0.84845800 -0.27045200
v -0.04393600 0.84455300 -0.24702000
v -0.06151100 0.84650600 -0.27240500
v 0.04393600 0.84455300 -0.24702000
v 0.06736900 0.84845800 -0.27045200
v 0.06151100 0.84650600 -0.27240500
v 0.09861300 0.85431700 0.13571400
v -0.21968100 0.84260000 -0.11423400
v -0.22163400 0.84455300 -0.10251800
v -0.18648500 0.85236400 -0.10447100
v -0.15914700 0.86017500 -0.14938300
v -0.14547800 0.85626900 0.05760500
v -0.14938300 0.86017500 0.02636200
v -0.11228200 0.86212700 0.10642300
v -0.09080200 0.85041100 -0.23530300
v 0.09080200 0.85041100 -0.23530300
v 0.11228200 0.86212700 0.10642300
v 0.14547800 0.85626900 0.05760500
v 0.14938300 0.86017500 0.02636200
v 0.15914700 0.86017500 -0.14938300
v 0.21968100 0.84260000 -0.11423400
v 0.18648500 0.85236400 -0.10447100
v 0.22163400 0.84455300 -0.10251800
v -0.23139800 0.85431700 -0.03612500
v -0.23335000 0.85626900 -0.03026700
v -0.13180900 0.86212700 0.07713300
v 0.13180900 0.86212700 0.07713300
v 0.23139800 0.85431700 -0.03612500
v 0.23335000 0.85626900 -0.03026700
v -0.14743100 0.86408000 -0.16110000
v 0.14743100 0.86408000 -0.16110000
v -0.19624900 0.86212700 -0.07127400
v -0.16891100 0.87384400 -0.06932200
v -0.19624900 0.85236400 -0.03026700
v -0.06932200 0.85236400 -0.27240500
v -0.07518000 0.86017500 -0.21382300
v -0.03807800 0.85822200 -0.24116100
v -0.02245600 0.86017500 -0.22358700
v 0.03807800 0.85822200 -0.24116100
v 0.02245600 0.86017500 -0.22358700
v 0.06932200 0.85236400 -0.27240500
v 0.07518000 0.86017500 -0.21382300
v 0.19624900 0.85236400 -0.03026700
v 0.19624900 0.86212700 -0.07127400
v 0.16891100 0.87384400 -0.06932200
v -0.17281600 0.86017500 0.02245600
v -0.20406000 0.85822200 0.00097600
v -0.13180900 0.86798600 -0.16305200
v -0.05955800 0.85041100 -0.27435800
v 0.05955800 0.85041100 -0.27435800
v 0.13180900 0.86798600 -0.16305200
v 0.17281600 0.86017500 0.02245600
v 0.20406000 0.85822200 0.00097600
v -0.18648500 0.85431700 -0.11814000
v -0.19820100 0.85822200 -0.15719400
v -0.19429600 0.85822200 -0.16110000
v -0.06541600 0.85041100 -0.27435800
v 0.06541600 0.85041100 -0.27435800
v 0.18648500 0.85431700 -0.11814000
v 0.19820100 0.85822200 -0.15719400
v 0.19429600 0.85822200 -0.16110000
v -0.04588900 0.86993800 0.14743100
v -0.07127400 0.86993800 0.13766700
v 0.00097600 0.86993800 0.15328900
v 0.04588900 0.86993800 0.14743100
v 0.07127400 0.86993800 0.13766700
v -0.06346400 0.85431700 -0.27435800
v 0.06346400 0.85431700 -0.27435800
v -0.22944500 0.85822200 -0.03807800
v -0.17086300 0.87189100 -0.04198400
v -0.20015400 0.86212700 -0.02831400
v -0.17476900 0.87189100 -0.01855100
v -0.18258000 0.86993800 -0.10056500
v -0.13962000 0.87189100 -0.23530300
v -0.13376200 0.86603300 -0.18843800
v -0.09861300 0.86993800 -0.20406000
v -0.13571400 0.87384400 -0.23725600
v -0.06346400 0.86798600 -0.23335000
v 0.06346400 0.86798600 -0.23335000
v 0.13962000 0.87189100 -0.23530300
v 0.09861300 0.86993800 -0.20406000
v 0.13571400 0.87384400 -0.23725600
v 0.13376200 0.86603300 -0.18843800
v 0.18258000 0.86993800 -0.10056500
v 0.17086300 0.87189100 -0.04198400
v 0.22944500 0.85822200 -0.03807800
v 0.20015400 0.86212700 -0.02831400
v 0.17476900 0.87189100 -0.01855100
v -0.23335000 0.85822200 -0.03417300
v -0.20015400 0.86212700 -0.15524200
v -0.09470700 0.87189100 0.11423400
v -0.05370000 0.86993800 -0.23725600
v 0.05370000 0.86993800 -0.23725600
v 0.09470700 0.87189100 0.11423400
v 0.20015400 0.86212700 -0.15524200
v 0.23335000 0.85822200 -0.03417300
v -0.23139800 0.86017500 -0.03026700
v -0.12399800 0.87970200 0.01855100
v -0.12595100 0.87579700 0.04784200
v 0.00097600 0.87774900 -0.21382300
v 0.12399800 0.87970200 0.01855100
v 0.12595100 0.87579700 0.04784200
v 0.23139800 0.86017500 -0.03026700
v -0.22944500 0.86212700 -0.03417300
v -0.20015400 0.86603300 -0.00878700
v -0.15328900 0.88165500 0.01074000
v -0.19820100 0.86212700 -0.16110000
v -0.19234300 0.86212700 -0.16110000
v -0.03417300 0.87579700 -0.21187000
v 0.03417300 0.87579700 -0.21187000
v 0.19820100 0.86212700 -0.16110000
v 0.19234300 0.86212700 -0.16110000
v 0.15328900 0.88165500 0.01074000
v 0.20015400 0.86603300 -0.00878700
v 0.22944500 0.86212700 -0.03417300
v -0.12595100 0.88946600 0.01855100
v -0.16110000 0.87384400 -0.13571400
v -0.13376200 0.88360700 -0.12399800
v -0.06541600 0.88946600 -0.18258000
v -0.07908500 0.88556000 -0.17672100
v -0.01659800 0.87970200 -0.20406000
v 0.01659800 0.87970200 -0.20406000
v 0.06541600 0.88946600 -0.18258000
v 0.07908500 0.88556000 -0.17672100
v 0.12595100 0.88946600 0.01855100
v 0.16110000 0.87384400 -0.13571400
v 0.13376200 0.88360700 -0.12399800
v -0.19624900 0.86603300 -0.15914700
v -0.11032900 0.88165500 0.06736900
v -0.09080200 0.88360700 0.09470700
v 0.11032900 0.88165500 0.06736900
v 0.09080200 0.88360700 0.09470700
v 0.19624900 0.86603300 -0.15914700
v -0.11814000 0.88360700 -0.13571400
v 0.11814000 0.88360700 -0.13571400
v -0.17672100 0.87774900 -0.12595100
v -0.14157200 0.87579700 -0.23335000
v -0.13180900 0.87579700 -0.20601200
v 0.14157200 0.87579700 -0.23335000
v 0.13180900 0.87579700 -0.20601200
v 0.17672100 0.87774900 -0.12595100
v -0.05174700 0.89141800 -0.19624900
v 0.05174700 0.89141800 -0.19624900
v -0.13376200 0.87970200 -0.23725600
v -0.11618700 0.88165500 -0.20601200
v -0.05370000 0.88946600 0.11814000
v -0.06932200 0.88556000 0.11618700
v -0.02440900 0.88556000 0.13180900
v 0.02440900 0.88556000 0.13180900
v 0.00097600 0.88556000 0.13180900
v 0.05370000 0.88946600 0.11814000
v 0.06932200 0.88556000 0.11618700
v 0.13376200 0.87970200 -0.23725600
v 0.11618700 0.88165500 -0.20601200
v -0.17476900 0.87774900 -0.02245600
v -0.15719400 0.88360700 0.00097600
v -0.14352500 0.88556000 -0.04784200
v -0.16695800 0.87970200 -0.03612500
v -0.13962000 0.87774900 -0.23725600
v -0.08103800 0.89532400 0.07713300
v 0.08103800 0.89532400 0.07713300
v 0.13962000 0.87774900 -0.23725600
v 0.17476900 0.87774900 -0.02245600
v 0.14352500 0.88556000 -0.04784200
v 0.16695800 0.87970200 -0.03612500
v 0.15719400 0.88360700 0.00097600
v -0.14938300 0.88946600 -0.07322700
v 0.14938300 0.88946600 -0.07322700
v -0.13962000 0.88165500 -0.23530300
v -0.11423400 0.88946600 -0.17476900
v -0.09666000 0.89532400 0.00488200
v -0.10837600 0.88946600 0.04003100
v -0.03026700 0.89532400 -0.16891100
v 0.03026700 0.89532400 -0.16891100
v 0.09666000 0.89532400 0.00488200
v 0.10837600 0.88946600 0.04003100
v 0.13962000 0.88165500 -0.23530300
v 0.11423400 0.88946600 -0.17476900
v -0.13962000 0.89532400 -0.09275400
v -0.19624900 0.88751300 -0.04003100
v -0.19820100 0.88946600 -0.03612500
v -0.00683500 0.89532400 -0.23920900
v 0.00683500 0.89532400 -0.23920900
v 0.00097600 0.89532400 -0.24116100
v 0.19624900 0.88751300 -0.04003100
v 0.19820100 0.88946600 -0.03612500
v 0.13962000 0.89532400 -0.09275400
v -0.15719400 0.88751300 -0.03612500
v -0.19429600 0.89141800 -0.04393600
v -0.01659800 0.89532400 -0.20406000
v 0.01659800 0.89532400 -0.20406000
v 0.15719400 0.88751300 -0.03612500
v 0.19429600 0.89141800 -0.04393600
v -0.09666000 0.89532400 -0.17086300
v -0.09470700 0.89727600 0.04979400
v 0.09470700 0.89727600 0.04979400
v 0.09666000 0.89532400 -0.17086300
v -0.19624900 0.89532400 -0.03612500
v -0.14352500 0.90118200 -0.00683500
v -0.10056500 0.90508700 -0.08884900
v -0.09861300 0.90508700 -0.12009200
v 0.10056500 0.90508700 -0.08884900
v 0.09861300 0.90508700 -0.12009200
v 0.14352500 0.90118200 -0.00683500
v 0.19624900 0.89532400 -0.03612500
v -0.13766700 0.89532400 -0.02245600
v -0.12595100 0.89727600 -0.04003100
v -0.05955800 0.90899300 -0.14743100
v -0.06736900 0.90704000 -0.12790300
v -0.06151100 0.90118200 0.08689600
v 0.00097600 0.90118200 0.10447100
v -0.02440900 0.90313500 0.10056500
v 0.02440900 0.90313500 0.10056500
v 0.06151100 0.90118200 0.08689600
v 0.05955800 0.90899300 -0.14743100
v 0.06736900 0.90704000 -0.12790300
v 0.13766700 0.89532400 -0.02245600
v 0.12595100 0.89727600 -0.04003100
v -0.19820100 0.89141800 -0.04003100
v -0.19429600 0.89532400 -0.04198400
v 0.19429600 0.89532400 -0.04198400
v 0.19820100 0.89141800 -0.04003100
v -0.14352500 0.89727600 -0.07518000
v -0.10837600 0.90313500 0.00097600
v -0.09861300 0.90508700 -0.15524200
v -0.08103800 0.90508700 0.02440900
v -0.04198400 0.90899300 -0.14743100
v -0.04784200 0.90704000 0.07908500
v -0.04003100 0.90899300 0.07908500
v 0.04784200 0.90704000 0.07908500
v 0.04003100 0.90899300 0.07908500
v 0.04198400 0.90899300 -0.14743100
v 0.08103800 0.90508700 0.02440900
v 0.09861300 0.90508700 -0.15524200
v 0.10837600 0.90313500 0.00097600
v -0.13571400 0.89922900 -0.08299100
v -0.08494300 0.90508700 -0.00292900
v -0.07908500 0.90313500 -0.00097600
v -0.06932200 0.90899300 0.04588900
v -0.01855100 0.90704000 -0.16110000
v -0.02831400 0.91680400 -0.11228200
v -0.00488200 0.90118200 -0.23920900
v 0.00097600 0.90508700 -0.20210700
v 0.00097600 0.89922900 -0.24311400
v 0.00488200 0.90118200 -0.23920900
v 0.01855100 0.90704000 -0.16110000
v 0.02831400 0.91680400 -0.11228200
v 0.06932200 0.90899300 0.04588900
v 0.07908500 0.90313500 -0.00097600
v 0.08494300 0.90508700 -0.00292900
v 0.12399800 0.90313500 -0.07127400
v 0.11814000 0.90508700 -0.08689600
v -0.15524200 0.90704000 -0.07322700
v -0.15719400 0.90704000 -0.10251800
v -0.16110000 0.90899300 -0.09861300
v -0.10251800 0.90508700 -0.01074000
v 0.10251800 0.90508700 -0.01074000
v -0.11814000 0.91094600 -0.07127400
v -0.15328900 0.90899300 -0.10447100
v 0.00097600 0.90313500 -0.23920900
v -0.04979400 0.91485100 0.04588900
v -0.00488200 0.91485100 0.06541600
v 0.00488200 0.91485100 0.06541600
v 0.00097600 0.91875600 0.06736900
v 0.05370000 0.91094600 0.04588900
v -0.07713300 0.91094600 -0.00097600
v -0.05760500 0.91289800 0.01855100
v -0.05760500 0.90899300 -0.00488200
v 0.05760500 0.91289800 0.01855100
v 0.07713300 0.91094600 -0.00097600
v 0.05760500 0.90899300 -0.00488200
v 0.12595100 0.91680400 -0.05370000
v 0.12399800 0.92266200 -0.10056500
v 0.12985600 0.92461500 -0.09275400
v -0.13180900 0.92070900 -0.05955800
v -0.08299100 0.91680400 -0.09275400
v -0.09275400 0.91289800 -0.05955800
v -0.08884900 0.91485100 -0.07908500
v -0.08299100 0.91485100 -0.12009200
v -0.11032900 0.92266200 -0.04198400
v 0.00097600 0.92070900 -0.13962000
v 0.11032900 0.92266200 -0.04198400
v 0.08299100 0.91485100 -0.12009200
v 0.08299100 0.91680400 -0.09275400
v 0.10447100 0.91289800 -0.08884900
v 0.07908500 0.91875600 -0.05565300
v -0.15914700 0.91289800 -0.10642300
v -0.15914700 0.91680400 -0.09666000
v -0.04588900 0.91875600 -0.10837600
v -0.06151100 0.91680400 -0.09080200
v -0.04003100 0.91875600 -0.07322700
v -0.02831400 0.91875600 0.04393600
v -0.03417300 0.91680400 0.03026700
v -0.01464500 0.91875600 -0.10251800
v 0.01464500 0.91875600 -0.10251800
v 0.02831400 0.91875600 0.04393600
v 0.03417300 0.91680400 0.03026700
v 0.04588900 0.91875600 -0.10837600
v 0.06151100 0.91680400 -0.09080200
v 0.04003100 0.91875600 -0.07322700
v -0.15133600 0.91485100 -0.10642300
v -0.08494300 0.91680400 -0.03026700
v -0.03222000 0.91680400 -0.00097600
v -0.04588900 0.91485100 -0.01269300
v -0.06151100 0.91875600 -0.01855100
v -0.07908500 0.91875600 -0.05565300
v 0.08494300 0.91680400 -0.03026700
v 0.05760500 0.91485100 -0.00683500
v 0.04588900 0.91485100 -0.01269300
v 0.06151100 0.91875600 -0.01855100
v -0.14938300 0.92070900 -0.09470700
v 0.05760500 0.92070900 0.01855100
v 0.05174700 0.91485100 0.02245600
v -0.15719400 0.91875600 -0.10447100
v 0.10056500 0.92656700 -0.07322700
v 0.12009200 0.93633100 -0.11032900
v -0.10251800 0.94218900 -0.11032900
v -0.08884900 0.93047300 -0.06736900
v -0.02050400 0.92070900 -0.01855100
v -0.06151100 0.92852000 -0.02050400
v -0.04198400 0.92656700 -0.02440900
v -0.00488200 0.92266200 0.01855100
v 0.00097600 0.93047300 0.02245600
v 0.00488200 0.92266200 0.01855100
v 0.03222000 0.91680400 -0.00097600
v 0.02050400 0.92070900 -0.01855100
v 0.06151100 0.92852000 -0.02050400
v 0.04198400 0.92656700 -0.02440900
v -0.07322700 0.92656700 -0.09470700
v -0.09861300 0.94218900 -0.11423400
v -0.04979400 0.92656700 -0.05174700
v -0.01464500 0.92266200 0.00097600
v -0.04003100 0.93047300 -0.12399800
v -0.02050400 0.92656700 -0.10251800
v -0.03807800 0.93437800 -0.12399800
v 0.02050400 0.92656700 -0.10251800
v 0.04003100 0.93047300 -0.12399800
v 0.03807800 0.93437800 -0.12399800
v 0.01464500 0.92266200 0.00097600
v 0.06151100 0.92070900 -0.05174700
v 0.03807800 0.92266200 -0.04784200
v 0.12790300 0.93437800 -0.09080200
v -0.04393600 0.93242500 -0.12204500
v -0.03807800 0.92266200 -0.04784200
v -0.03026700 0.92656700 -0.05955800
v -0.04003100 0.93633100 -0.11814000
v 0.00097600 0.92656700 -0.08299100
v -0.02050400 0.93047300 -0.07713300
v 0.02050400 0.93047300 -0.07713300
v 0.04393600 0.93242500 -0.12204500
v 0.03026700 0.92656700 -0.05955800
v 0.04003100 0.93633100 -0.11814000
v 0.00097600 0.92266200 -0.01269300
v 0.00097600 0.92656700 -0.02831400
v -0.03807800 0.92656700 -0.05955800
v -0.02245600 0.93047300 -0.04003100
v 0.02245600 0.93047300 -0.04003100
v 0.03807800 0.92656700 -0.05955800
v 0.12985600 0.93828400 -0.11032900
v -0.08299100 0.93633100 -0.08299100
v -0.09470700 0.94609500 -0.11423400
v 0.00097600 0.92852000 -0.05370000
v 0.12204500 0.94218900 -0.10642300
v -0.10251800 0.94804700 -0.11032900
v 0.12790300 0.94218900 -0.10642300
v -0.09666000 0.95000000 -0.11228200
v 0.12595100 0.94023600 -0.11228200
v -0.10056500 0.94609500 -0.11423400
f 1 2 3
f 1 4 2
f 1 3 5
f 1 5 4
f 5 3 6
f 5 6 7
f 5 7 4
f 2 8 9
f 2 10 8
f 2 9 3
f 2 4 10
f 6 3 11
f 6 11 12
f 6 12 7
f 11 3 13
f 11 13 14
f 11 14 12
f 15 16 17
f 15 17 18
f 15 19 20
f 15 21 19
f 15 20 16
f 15 18 21
f 17 16 22
f 17 22 23
f 17 23 18
f 19 24 25
f 19 21 24
f 19 25 20
f 26 27 28
f 26 29 27
f 26 28 30
f 26 30 31
f 26 31 29
f 27 32 33
f 27 34 32
f 27 33 28
f 27 29 34
f 32 35 33
f 32 36 35
f 32 34 36
f 37 38 39
f 37 39 40
f 37 41 38
f 37 42 41
f 37 40 42
f 39 38 43
f 39 43 44
f 39 44 40
f 45 46 38
f 45 47 46
f 45 48 49
f 45 38 48
f 45 49 50
f 45 50 47
f 43 38 46
f 43 46 47
f 43 47 44
f 8 51 52
f 8 53 51
f 8 52 9
f 8 10 53
f 51 54 55
f 51 53 54
f 51 55 52
f 54 56 55
f 54 57 56
f 54 58 57
f 54 53 58
f 13 3 59
f 13 59 60
f 13 60 14
f 59 61 62
f 59 62 63
f 59 3 61
f 59 63 60
f 64 65 66
f 64 67 65
f 64 66 68
f 64 68 57
f 64 57 67
f 62 69 70
f 62 70 63
f 62 61 69
f 65 71 72
f 65 73 71
f 65 72 66
f 65 67 73
f 71 74 72
f 71 75 74
f 71 76 75
f 71 73 76
f 70 77 78
f 70 78 79
f 70 69 77
f 70 79 63
f 78 77 80
f 78 80 79
f 24 81 82
f 24 83 81
f 24 82 25
f 24 21 83
f 77 69 84
f 77 84 80
f 81 85 86
f 81 87 85
f 81 86 82
f 81 83 87
f 85 88 86
f 85 89 88
f 85 90 89
f 85 87 90
f 69 61 91
f 69 91 84
f 61 3 92
f 61 92 91
f 93 94 95
f 93 96 94
f 93 95 88
f 93 88 89
f 93 89 90
f 93 90 96
f 94 97 98
f 94 99 97
f 94 98 95
f 94 96 99
f 9 52 100
f 9 101 3
f 9 100 101
f 97 102 103
f 97 104 102
f 97 103 98
f 97 99 104
f 52 55 105
f 52 105 100
f 55 56 106
f 55 106 105
f 102 107 108
f 102 109 107
f 102 108 103
f 102 104 109
f 56 57 110
f 56 110 106
f 110 57 68
f 110 68 111
f 110 111 106
f 68 66 111
f 66 72 112
f 66 112 111
f 107 113 108
f 107 114 113
f 107 109 114
f 72 74 115
f 72 115 112
f 113 116 108
f 113 117 116
f 113 114 117
f 22 16 118
f 22 119 23
f 22 120 119
f 22 118 120
f 116 121 108
f 116 122 121
f 116 117 122
f 108 121 103
f 16 20 123
f 16 123 118
f 20 25 123
f 103 121 124
f 103 124 98
f 121 125 124
f 121 122 125
f 98 126 95
f 98 124 126
f 25 82 127
f 25 127 123
f 95 128 88
f 95 126 128
f 82 86 129
f 82 129 127
f 124 130 126
f 124 125 130
f 88 131 86
f 88 128 131
f 86 131 132
f 86 132 129
f 126 133 128
f 126 130 133
f 131 128 134
f 131 134 132
f 128 133 134
f 135 136 137
f 135 137 138
f 135 139 140
f 135 141 139
f 135 140 136
f 135 138 141
f 137 136 142
f 137 142 143
f 137 143 138
f 139 144 145
f 139 146 144
f 139 145 140
f 139 141 146
f 142 136 147
f 142 148 149
f 142 149 150
f 142 147 148
f 142 150 143
f 144 151 145
f 144 152 151
f 144 153 152
f 144 146 153
f 136 140 154
f 136 154 155
f 136 155 147
f 140 145 156
f 140 156 154
f 149 31 30
f 149 30 157
f 149 148 31
f 149 157 150
f 145 151 158
f 145 158 156
f 30 28 159
f 30 159 157
f 152 160 151
f 152 161 160
f 152 162 161
f 152 153 162
f 151 160 163
f 151 163 158
f 28 33 159
f 160 161 164
f 160 164 165
f 160 165 163
f 33 35 166
f 33 166 159
f 161 167 164
f 161 162 167
f 35 36 168
f 35 168 169
f 35 169 166
f 164 170 165
f 164 167 170
f 165 171 163
f 165 170 171
f 172 173 174
f 172 174 175
f 172 176 173
f 172 177 176
f 172 178 177
f 172 175 178
f 174 179 180
f 174 180 181
f 174 173 179
f 174 181 175
f 180 182 183
f 180 183 181
f 180 179 182
f 183 182 184
f 183 184 185
f 183 185 181
f 184 186 187
f 184 187 185
f 184 182 186
f 163 188 158
f 163 171 188
f 187 189 190
f 187 190 191
f 187 186 189
f 187 191 185
f 190 49 48
f 190 48 192
f 190 189 49
f 190 192 191
f 158 193 156
f 158 188 193
f 48 38 194
f 48 194 192
f 156 195 154
f 156 193 195
f 154 196 155
f 154 195 196
f 197 198 199
f 197 199 200
f 197 201 198
f 197 38 201
f 197 202 38
f 197 200 202
f 199 203 204
f 199 204 205
f 199 198 203
f 199 205 200
f 147 206 148
f 147 155 196
f 147 196 206
f 148 207 31
f 148 206 207
f 204 203 208
f 204 208 209
f 204 209 205
f 31 207 29
f 208 203 210
f 208 210 209
f 203 198 211
f 203 211 210
f 176 212 173
f 176 177 213
f 176 213 214
f 176 214 212
f 173 215 179
f 173 212 215
f 198 201 211
f 179 215 182
f 201 38 41
f 201 41 216
f 201 216 211
f 186 217 189
f 186 182 218
f 186 218 217
f 41 42 216
f 189 217 49
f 49 217 50
f 57 58 67
f 182 215 218
f 3 101 92
f 38 202 194
f 75 219 74
f 75 76 219
f 23 119 220
f 23 221 18
f 23 220 222
f 23 222 221
f 74 219 115
f 119 120 220
f 168 36 223
f 168 223 169
f 177 224 213
f 177 178 224
f 36 34 225
f 36 226 223
f 36 225 226
f 213 224 214
f 4 7 227
f 4 227 10
f 7 12 228
f 7 228 227
f 10 229 53
f 10 227 229
f 12 14 230
f 12 230 228
f 53 231 58
f 53 229 231
f 14 60 232
f 14 232 230
f 58 233 67
f 58 231 233
f 60 63 234
f 60 234 232
f 67 235 73
f 67 233 235
f 63 79 236
f 63 236 234
f 79 80 237
f 79 237 236
f 21 238 83
f 21 18 238
f 83 239 87
f 83 238 239
f 80 84 240
f 80 240 237
f 87 241 90
f 87 239 241
f 84 91 242
f 84 242 240
f 90 243 96
f 90 241 243
f 96 244 99
f 96 243 244
f 91 92 245
f 91 245 242
f 92 101 246
f 92 246 245
f 99 247 104
f 99 244 247
f 101 100 248
f 101 248 246
f 104 249 109
f 104 247 249
f 100 105 250
f 100 250 248
f 105 106 251
f 105 251 250
f 109 252 114
f 109 249 252
f 106 111 253
f 106 254 251
f 106 253 254
f 111 112 253
f 114 255 117
f 114 252 255
f 117 256 122
f 117 255 256
f 118 123 257
f 118 258 120
f 118 257 258
f 123 127 259
f 123 259 257
f 122 260 125
f 122 256 260
f 127 129 261
f 127 261 259
f 125 262 130
f 125 260 262
f 129 132 263
f 129 263 261
f 130 264 133
f 130 262 264
f 132 134 265
f 132 265 263
f 133 266 134
f 133 264 266
f 134 266 265
f 141 138 267
f 141 268 146
f 141 267 268
f 138 143 269
f 138 269 267
f 143 150 270
f 143 270 269
f 146 271 153
f 146 268 271
f 150 157 272
f 150 272 270
f 153 273 162
f 153 271 273
f 157 159 274
f 157 274 272
f 162 275 167
f 162 273 275
f 159 166 276
f 159 276 274
f 166 169 277
f 166 277 276
f 167 278 170
f 167 275 278
f 170 279 171
f 170 278 279
f 181 185 280
f 181 280 175
f 185 191 281
f 185 282 280
f 185 281 282
f 171 283 188
f 171 279 283
f 191 192 284
f 191 284 281
f 192 194 285
f 192 285 284
f 188 286 193
f 188 283 286
f 194 202 287
f 194 287 285
f 193 288 195
f 193 286 288
f 202 200 289
f 202 289 287
f 195 290 196
f 195 288 290
f 200 205 291
f 200 291 289
f 196 292 206
f 196 290 292
f 205 209 293
f 205 293 291
f 206 294 207
f 206 292 294
f 209 210 295
f 209 295 293
f 207 296 29
f 207 294 296
f 29 296 34
f 210 211 297
f 210 297 295
f 211 216 298
f 211 298 297
f 215 299 218
f 215 212 300
f 215 300 299
f 216 42 301
f 216 301 298
f 218 302 217
f 218 299 302
f 42 40 303
f 42 303 301
f 217 304 50
f 217 302 304
f 40 44 305
f 40 305 303
f 50 306 47
f 50 304 306
f 44 47 306
f 44 306 305
f 18 221 307
f 18 307 238
f 219 76 222
f 219 222 115
f 224 178 226
f 224 226 214
f 34 308 225
f 34 296 308
f 76 221 222
f 76 73 221
f 222 220 115
f 115 309 112
f 115 220 309
f 112 309 310
f 112 310 253
f 220 120 309
f 120 258 309
f 169 223 311
f 169 311 277
f 223 226 178
f 223 178 311
f 178 175 311
f 175 312 311
f 175 280 312
f 226 225 214
f 214 225 212
f 73 307 221
f 73 235 307
f 212 225 308
f 212 308 300
f 309 258 310
f 311 312 277
f 227 228 313
f 227 314 229
f 227 313 314
f 228 230 315
f 228 315 313
f 229 316 231
f 229 314 316
f 230 232 317
f 230 317 315
f 231 316 233
f 232 234 318
f 232 318 317
f 233 316 319
f 233 319 235
f 234 236 320
f 234 320 318
f 236 237 321
f 236 321 320
f 237 240 322
f 237 322 321
f 240 242 323
f 240 323 322
f 242 245 324
f 242 324 323
f 245 246 325
f 245 325 324
f 246 248 326
f 246 326 325
f 248 250 327
f 248 327 326
f 250 251 328
f 250 328 327
f 251 254 329
f 251 329 328
f 254 253 330
f 254 331 329
f 254 330 331
f 253 310 330
f 280 282 332
f 280 332 312
f 282 281 333
f 282 334 332
f 282 333 334
f 281 284 335
f 281 335 333
f 284 285 336
f 284 336 335
f 285 287 337
f 285 337 336
f 287 289 338
f 287 338 337
f 289 291 339
f 289 339 338
f 291 293 340
f 291 340 339
f 293 295 341
f 293 341 340
f 295 297 342
f 295 342 341
f 297 298 343
f 297 343 342
f 298 301 344
f 298 344 343
f 299 345 302
f 299 346 345
f 299 300 346
f 301 303 347
f 301 347 344
f 302 345 304
f 303 305 348
f 303 348 347
f 304 349 306
f 304 345 349
f 305 306 350
f 305 350 348
f 306 349 350
f 313 315 351
f 313 352 314
f 313 351 352
f 315 317 353
f 315 353 351
f 314 354 316
f 314 352 354
f 317 318 355
f 317 355 353
f 316 356 319
f 316 354 356
f 318 320 357
f 318 357 355
f 319 358 235
f 319 356 359
f 319 359 358
f 320 321 360
f 320 360 357
f 321 322 361
f 321 361 360
f 322 323 362
f 322 362 361
f 323 324 363
f 323 363 362
f 324 325 364
f 324 364 363
f 325 326 365
f 325 365 364
f 326 327 366
f 326 366 365
f 327 328 367
f 327 367 366
f 328 329 368
f 328 368 367
f 329 331 369
f 329 369 368
f 331 330 370
f 331 370 369
f 330 310 371
f 330 371 370
f 332 334 372
f 332 373 312
f 332 372 373
f 334 333 374
f 334 374 372
f 333 335 375
f 333 375 374
f 335 336 376
f 335 376 375
f 336 337 377
f 336 377 376
f 337 338 378
f 337 378 377
f 338 339 379
f 338 379 378
f 339 340 380
f 339 380 379
f 340 341 381
f 340 381 380
f 341 342 382
f 341 382 381
f 342 343 383
f 342 383 382
f 343 344 384
f 343 384 383
f 346 385 345
f 346 300 386
f 346 387 385
f 346 386 387
f 344 347 388
f 344 388 384
f 345 389 349
f 345 385 389
f 347 348 390
f 347 390 388
f 349 391 350
f 349 389 391
f 348 350 392
f 348 392 390
f 350 391 392
f 235 358 307
f 310 258 371
f 312 373 277
f 300 308 386
f 352 351 393
f 352 394 354
f 352 393 394
f 351 395 393
f 351 353 395
f 394 396 354
f 394 393 397
f 394 398 396
f 394 397 398
f 354 396 356
f 393 395 399
f 393 399 397
f 396 400 356
f 396 401 400
f 396 398 401
f 353 402 395
f 353 355 402
f 395 402 403
f 395 403 399
f 356 400 359
f 400 404 359
f 400 405 404
f 400 401 405
f 355 406 402
f 355 357 406
f 402 406 407
f 402 407 403
f 359 404 408
f 359 408 358
f 404 409 408
f 404 410 409
f 404 405 410
f 357 411 406
f 357 360 411
f 406 411 412
f 406 412 407
f 360 413 411
f 360 361 413
f 411 413 414
f 411 414 412
f 361 415 413
f 361 362 415
f 413 415 416
f 413 416 414
f 362 417 415
f 362 363 417
f 415 417 418
f 415 418 416
f 417 363 419
f 417 419 420
f 417 420 418
f 363 364 419
f 419 364 421
f 419 421 422
f 419 422 420
f 364 365 421
f 421 365 423
f 421 423 424
f 421 424 422
f 365 366 423
f 423 366 425
f 423 425 424
f 366 367 425
f 425 367 426
f 425 426 427
f 425 427 424
f 367 368 426
f 426 368 428
f 426 428 429
f 426 429 427
f 368 369 428
f 428 369 430
f 428 430 431
f 428 431 429
f 369 370 430
f 430 370 432
f 430 432 433
f 430 433 431
f 370 371 434
f 370 434 432
f 372 374 435
f 372 435 436
f 372 437 373
f 372 436 437
f 435 374 438
f 435 438 439
f 435 440 436
f 435 439 440
f 374 375 438
f 438 375 441
f 438 441 442
f 438 442 439
f 375 376 441
f 441 376 443
f 441 443 444
f 441 444 442
f 376 377 443
f 443 377 445
f 443 445 446
f 443 446 444
f 377 378 445
f 445 378 447
f 445 447 446
f 378 379 447
f 447 379 448
f 447 448 449
f 447 449 446
f 448 379 380
f 448 380 450
f 448 450 451
f 448 451 449
f 450 380 381
f 450 381 452
f 450 452 453
f 450 453 451
f 452 381 382
f 452 382 454
f 452 454 455
f 452 455 453
f 454 382 383
f 454 383 456
f 454 456 457
f 454 457 455
f 456 383 384
f 456 384 458
f 456 458 459
f 456 459 457
f 458 384 388
f 458 388 460
f 458 460 461
f 458 461 459
f 462 463 387
f 462 387 464
f 462 465 463
f 462 464 466
f 462 466 467
f 462 467 465
f 387 463 385
f 387 386 464
f 460 388 390
f 460 390 468
f 460 468 469
f 460 469 461
f 463 470 385
f 463 471 470
f 463 465 471
f 385 470 389
f 468 390 392
f 468 392 472
f 468 472 473
f 468 473 469
f 470 474 389
f 470 475 474
f 470 471 475
f 389 474 391
f 472 391 474
f 472 474 476
f 472 392 391
f 472 476 473
f 474 475 476
f 358 408 477
f 358 477 307
f 371 258 434
f 373 437 277
f 386 308 478
f 386 478 464
f 408 409 479
f 408 479 477
f 307 477 238
f 238 480 239
f 238 477 480
f 239 481 241
f 239 480 481
f 241 482 243
f 241 481 482
f 243 483 244
f 243 482 483
f 244 484 247
f 244 483 484
f 247 485 249
f 247 484 485
f 249 486 252
f 249 485 486
f 252 487 255
f 252 486 487
f 255 488 256
f 255 487 488
f 434 258 489
f 434 489 432
f 256 490 260
f 256 488 490
f 258 257 491
f 258 491 489
f 257 259 492
f 257 492 491
f 260 493 262
f 260 490 493
f 259 261 494
f 259 494 492
f 262 495 264
f 262 493 495
f 261 263 496
f 261 496 494
f 264 497 266
f 264 495 497
f 263 265 498
f 263 498 496
f 266 499 265
f 266 497 499
f 265 499 498
f 267 269 500
f 267 501 268
f 267 500 501
f 269 270 502
f 269 502 500
f 270 272 503
f 270 503 502
f 268 504 271
f 268 501 504
f 272 274 505
f 272 505 503
f 271 506 273
f 271 504 506
f 274 276 507
f 274 507 505
f 273 508 275
f 273 506 508
f 276 277 509
f 276 509 507
f 277 437 510
f 277 510 509
f 275 511 278
f 275 508 511
f 437 436 510
f 278 512 279
f 278 511 512
f 279 513 283
f 279 512 513
f 283 514 286
f 283 513 514
f 286 515 288
f 286 514 515
f 288 516 290
f 288 515 516
f 290 517 292
f 290 516 517
f 292 518 294
f 292 517 518
f 294 519 296
f 294 518 519
f 296 478 308
f 296 519 478
f 464 520 466
f 464 478 520
f 409 521 479
f 409 410 522
f 409 522 521
f 432 489 523
f 432 523 433
f 436 524 510
f 436 440 524
f 466 520 525
f 466 525 526
f 466 526 467
f 477 479 480
f 480 527 481
f 480 479 527
f 481 528 482
f 481 527 528
f 482 529 483
f 482 528 529
f 483 530 484
f 483 529 530
f 484 531 485
f 484 530 531
f 485 532 486
f 485 531 532
f 486 533 487
f 486 532 533
f 487 534 488
f 487 533 534
f 488 535 490
f 488 534 535
f 490 536 493
f 490 535 536
f 489 491 537
f 489 537 523
f 493 538 495
f 493 536 538
f 491 492 539
f 491 539 537
f 492 494 540
f 492 540 539
f 495 541 497
f 495 538 541
f 494 496 542
f 494 542 540
f 497 543 499
f 497 541 543
f 496 498 544
f 496 544 542
f 499 545 498
f 499 543 545
f 498 545 544
f 500 502 546
f 500 547 501
f 500 546 547
f 502 503 548
f 502 548 546
f 503 505 549
f 503 549 548
f 501 550 504
f 501 547 550
f 505 507 551
f 505 551 549
f 504 552 506
f 504 550 552
f 507 509 553
f 507 553 551
f 506 554 508
f 506 552 554
f 509 510 555
f 509 555 553
f 510 524 555
f 508 556 511
f 508 554 556
f 511 557 512
f 511 556 557
f 512 558 513
f 512 557 558
f 513 559 514
f 513 558 559
f 514 560 515
f 514 559 560
f 515 561 516
f 515 560 561
f 516 562 517
f 516 561 562
f 517 563 518
f 517 562 563
f 518 564 519
f 518 563 564
f 519 520 478
f 519 564 520
f 523 537 565
f 523 565 433
f 524 566 555
f 524 440 566
f 479 521 527
f 527 567 528
f 527 521 567
f 528 568 529
f 528 567 568
f 529 569 530
f 529 568 569
f 530 570 531
f 530 569 570
f 531 571 532
f 531 570 571
f 532 572 533
f 532 571 572
f 533 573 534
f 533 572 573
f 534 574 535
f 534 573 574
f 535 575 536
f 535 574 575
f 536 576 538
f 536 575 576
f 537 539 577
f 537 578 565
f 537 577 578
f 538 579 541
f 538 576 579
f 539 540 580
f 539 580 577
f 541 581 543
f 541 579 581
f 540 542 582
f 540 582 580
f 543 583 545
f 543 581 583
f 542 544 584
f 542 584 582
f 545 585 544
f 545 583 585
f 544 585 584
f 546 548 586
f 546 587 547
f 546 586 587
f 548 549 588
f 548 588 586
f 549 551 589
f 549 589 588
f 547 590 550
f 547 587 590
f 551 553 591
f 551 591 589
f 550 592 552
f 550 590 592
f 553 555 593
f 553 593 591
f 552 594 554
f 552 592 594
f 555 595 593
f 555 566 595
f 554 596 556
f 554 594 596
f 556 597 557
f 556 596 597
f 557 598 558
f 557 597 598
f 558 599 559
f 558 598 599
f 559 600 560
f 559 599 600
f 560 601 561
f 560 600 601
f 561 602 562
f 561 601 602
f 562 603 563
f 562 602 603
f 563 604 564
f 563 603 604
f 564 525 520
f 564 604 525
f 398 397 605
f 398 606 401
f 398 605 606
f 397 399 607
f 397 607 605
f 401 608 405
f 401 606 609
f 401 609 610
f 401 610 608
f 399 403 611
f 399 611 607
f 405 612 410
f 405 613 612
f 405 608 613
f 403 407 614
f 403 614 611
f 410 615 522
f 410 612 615
f 407 412 616
f 407 616 614
f 412 414 617
f 412 617 616
f 522 618 521
f 522 615 618
f 521 619 567
f 521 618 619
f 414 416 620
f 414 620 617
f 567 621 568
f 567 619 621
f 568 622 569
f 568 621 622
f 416 418 623
f 416 623 620
f 569 624 570
f 569 622 624
f 418 420 625
f 418 625 623
f 570 626 571
f 570 624 626
f 571 627 572
f 571 626 627
f 420 422 628
f 420 628 625
f 422 424 629
f 422 629 628
f 572 630 573
f 572 627 630
f 424 427 631
f 424 631 629
f 573 632 574
f 573 630 632
f 427 429 633
f 427 634 631
f 427 635 634
f 427 633 635
f 574 636 575
f 574 632 636
f 429 431 637
f 429 637 638
f 429 638 639
f 429 640 633
f 429 639 640
f 431 433 641
f 431 641 637
f 575 642 576
f 575 636 642
f 433 565 643
f 433 643 641
f 576 644 579
f 576 642 644
f 565 578 645
f 565 645 643
f 578 577 646
f 578 646 645
f 579 647 581
f 579 644 647
f 577 580 648
f 577 648 646
f 581 649 583
f 581 647 649
f 580 582 650
f 580 650 648
f 583 651 585
f 583 649 651
f 582 584 652
f 582 652 650
f 585 653 584
f 585 651 653
f 584 653 652
f 586 588 654
f 586 655 587
f 586 654 655
f 588 589 656
f 588 656 654
f 589 591 657
f 589 657 656
f 587 658 590
f 587 655 658
f 591 593 659
f 591 659 657
f 590 660 592
f 590 658 660
f 593 595 661
f 593 661 659
f 592 662 594
f 592 660 662
f 595 566 663
f 595 663 661
f 566 440 664
f 566 664 663
f 594 665 596
f 594 662 665
f 440 439 666
f 440 666 664
f 596 667 597
f 596 665 667
f 439 442 668
f 439 668 666
f 442 444 669
f 442 670 668
f 442 671 670
f 442 672 671
f 442 669 672
f 597 673 598
f 597 667 673
f 444 446 674
f 444 674 675
f 444 675 676
f 444 676 669
f 598 677 599
f 598 673 677
f 446 449 678
f 446 678 674
f 599 679 600
f 599 677 679
f 449 451 680
f 449 680 678
f 600 681 601
f 600 679 681
f 451 453 682
f 451 682 680
f 601 683 602
f 601 681 683
f 453 455 684
f 453 684 682
f 602 685 603
f 602 683 685
f 455 457 686
f 455 686 684
f 603 687 604
f 603 685 687
f 604 688 525
f 604 687 688
f 457 459 689
f 457 689 686
f 525 690 526
f 525 688 690
f 526 691 467
f 526 690 691
f 459 461 692
f 459 692 689
f 461 469 693
f 461 693 692
f 467 694 465
f 467 691 694
f 469 473 695
f 469 695 693
f 465 696 471
f 465 694 697
f 465 697 696
f 471 698 475
f 471 699 698
f 471 700 699
f 471 696 700
f 473 476 701
f 473 701 695
f 475 702 476
f 475 698 702
f 476 702 701
f 611 614 703
f 611 704 607
f 611 703 704
f 614 616 705
f 614 705 703
f 616 617 706
f 616 706 705
f 617 620 707
f 617 707 706
f 620 623 708
f 620 708 707
f 623 625 709
f 623 709 708
f 625 628 710
f 625 710 709
f 628 629 711
f 628 711 710
f 680 682 712
f 680 713 678
f 680 712 713
f 682 684 714
f 682 714 712
f 684 686 715
f 684 715 714
f 686 689 716
f 686 716 715
f 689 692 717
f 689 717 716
f 692 693 718
f 692 718 717
f 693 695 719
f 693 719 718
f 695 701 720
f 695 720 719
f 607 721 605
f 607 704 721
f 629 631 711
f 631 634 711
f 674 678 713
f 674 713 675
f 701 702 722
f 701 722 720
f 605 721 606
f 702 698 722
f 638 637 723
f 638 724 639
f 638 723 724
f 670 725 668
f 670 671 726
f 670 726 725
f 612 727 615
f 612 613 727
f 615 728 618
f 615 727 728
f 634 635 729
f 634 729 711
f 637 641 730
f 637 730 723
f 641 643 731
f 641 731 730
f 643 645 731
f 664 666 732
f 664 732 663
f 666 668 733
f 666 733 732
f 668 725 733
f 675 734 676
f 675 713 734
f 691 735 694
f 691 690 736
f 691 736 735
f 694 735 697
f 606 737 609
f 606 721 737
f 609 738 610
f 609 737 738
f 739 740 741
f 739 742 740
f 739 741 621
f 739 743 742
f 739 619 743
f 739 621 619
f 618 744 619
f 618 728 744
f 627 745 630
f 627 626 746
f 627 746 745
f 630 747 632
f 630 745 747
f 632 748 636
f 632 747 748
f 635 633 749
f 635 750 729
f 635 749 750
f 633 640 751
f 633 751 749
f 639 752 640
f 639 724 752
f 636 753 642
f 636 748 753
f 642 754 644
f 642 753 754
f 644 755 647
f 644 754 755
f 647 756 649
f 647 755 756
f 649 756 757
f 649 757 651
f 650 758 648
f 650 652 759
f 650 759 758
f 657 659 760
f 657 760 761
f 657 761 656
f 658 762 660
f 658 655 763
f 658 763 762
f 660 764 662
f 660 762 764
f 662 765 665
f 662 764 765
f 665 766 667
f 665 765 766
f 667 767 673
f 667 766 767
f 671 672 768
f 671 768 726
f 669 676 769
f 669 770 672
f 669 769 770
f 676 734 771
f 676 771 769
f 673 772 677
f 673 767 772
f 677 773 679
f 677 772 773
f 679 773 774
f 679 774 681
f 690 688 775
f 690 775 736
f 776 777 778
f 776 687 777
f 776 778 779
f 776 779 780
f 776 780 688
f 776 688 687
f 699 781 698
f 699 700 782
f 699 782 781
f 698 781 722
f 610 783 608
f 610 738 783
f 608 784 613
f 608 783 784
f 613 785 727
f 613 784 785
f 703 786 704
f 703 705 787
f 703 787 786
f 740 788 741
f 740 789 788
f 740 742 790
f 740 790 789
f 741 788 791
f 741 791 622
f 741 622 621
f 791 792 624
f 791 793 792
f 791 624 622
f 791 788 793
f 792 626 624
f 792 746 626
f 792 794 746
f 792 793 794
f 746 795 745
f 746 794 795
f 745 796 747
f 745 795 796
f 710 797 709
f 710 711 797
f 747 798 748
f 747 796 798
f 748 799 753
f 748 798 799
f 640 752 751
f 753 800 754
f 753 799 800
f 754 801 755
f 754 800 801
f 755 802 756
f 755 801 802
f 756 803 757
f 756 802 803
f 648 758 804
f 648 804 646
f 651 757 805
f 651 805 653
f 804 758 806
f 804 807 646
f 804 806 807
f 652 653 808
f 652 808 759
f 758 759 806
f 760 659 809
f 760 809 810
f 760 810 761
f 656 761 811
f 656 811 654
f 655 654 812
f 655 812 763
f 809 659 661
f 809 661 813
f 809 813 810
f 762 814 764
f 762 763 815
f 762 815 814
f 764 816 765
f 764 814 816
f 765 817 766
f 765 816 817
f 766 818 767
f 766 817 818
f 672 770 768
f 767 819 772
f 767 818 819
f 772 820 773
f 772 819 820
f 712 821 713
f 712 714 821
f 773 822 774
f 773 820 822
f 681 774 823
f 681 823 683
f 774 824 823
f 774 822 824
f 683 823 825
f 683 825 685
f 823 826 825
f 823 824 826
f 825 777 685
f 825 827 777
f 825 826 827
f 777 827 778
f 777 687 685
f 778 827 828
f 778 829 779
f 778 828 829
f 719 830 718
f 719 720 831
f 719 831 830
f 697 832 696
f 697 735 833
f 697 833 832
f 696 834 700
f 696 832 834
f 700 834 782
f 704 786 721
f 705 706 835
f 705 835 787
f 743 836 742
f 743 619 837
f 743 744 836
f 743 837 744
f 788 838 793
f 788 789 838
f 706 707 839
f 706 839 835
f 793 840 794
f 793 838 840
f 707 708 841
f 707 841 839
f 708 709 842
f 708 842 841
f 709 797 842
f 711 729 797
f 646 807 645
f 807 843 645
f 807 844 843
f 807 806 844
f 757 845 805
f 757 803 845
f 653 805 808
f 759 808 846
f 759 846 806
f 761 810 847
f 761 847 811
f 654 811 812
f 763 812 848
f 763 848 815
f 813 661 663
f 813 663 849
f 813 849 850
f 813 850 810
f 713 821 734
f 714 715 851
f 714 851 821
f 715 716 852
f 715 852 851
f 716 717 853
f 716 853 852
f 826 854 827
f 826 824 855
f 826 855 854
f 717 718 856
f 717 856 853
f 827 854 828
f 780 779 857
f 780 858 688
f 780 857 775
f 780 775 858
f 718 830 856
f 720 722 831
f 721 786 859
f 721 859 737
f 742 860 790
f 742 836 860
f 794 861 795
f 794 840 861
f 843 862 645
f 843 863 862
f 843 864 863
f 843 844 864
f 805 865 808
f 805 845 865
f 812 811 866
f 812 866 848
f 849 663 867
f 849 867 868
f 849 868 869
f 849 869 850
f 824 822 870
f 824 870 855
f 779 829 871
f 779 871 857
f 722 872 831
f 722 781 872
f 619 744 837
f 795 873 796
f 795 861 873
f 645 862 731
f 808 874 846
f 808 865 875
f 808 875 874
f 806 846 876
f 806 876 844
f 810 877 847
f 810 850 877
f 811 847 878
f 811 879 866
f 811 878 879
f 663 732 867
f 822 820 880
f 822 880 870
f 688 858 775
f 789 881 838
f 789 790 882
f 789 882 881
f 838 883 840
f 838 881 883
f 840 884 861
f 840 883 884
f 796 885 798
f 796 873 885
f 798 886 799
f 798 885 886
f 799 887 800
f 799 886 887
f 800 888 801
f 800 887 888
f 801 889 802
f 801 888 889
f 731 862 730
f 862 863 890
f 862 890 730
f 863 891 890
f 863 892 891
f 863 864 892
f 802 893 803
f 802 889 893
f 803 894 845
f 803 893 894
f 846 874 876
f 847 877 878
f 815 895 814
f 815 848 896
f 815 896 895
f 814 897 816
f 814 895 897
f 868 867 898
f 868 898 899
f 868 899 900
f 868 900 869
f 867 732 733
f 867 733 898
f 816 901 817
f 816 897 901
f 817 902 818
f 817 901 902
f 818 903 819
f 818 902 903
f 819 904 820
f 819 903 904
f 820 904 880
f 855 905 854
f 855 870 906
f 855 906 905
f 854 907 828
f 854 905 907
f 828 908 829
f 828 907 908
f 786 909 859
f 786 787 909
f 861 910 873
f 861 884 910
f 797 729 911
f 797 912 842
f 797 911 912
f 729 750 911
f 845 913 865
f 845 894 913
f 844 914 864
f 844 876 914
f 850 915 877
f 850 869 915
f 848 866 916
f 848 916 896
f 734 821 917
f 734 917 771
f 821 851 918
f 821 918 917
f 870 880 919
f 870 919 906
f 831 920 830
f 831 872 920
f 790 860 921
f 790 921 882
f 842 912 841
f 723 730 922
f 723 923 724
f 723 922 923
f 730 890 922
f 890 891 924
f 890 924 922
f 891 892 925
f 891 926 924
f 891 925 926
f 865 927 875
f 865 913 927
f 866 879 928
f 866 928 916
f 899 898 929
f 899 930 900
f 899 931 930
f 899 929 931
f 898 733 932
f 898 932 929
f 733 725 932
f 725 726 933
f 725 933 932
f 851 852 918
f 829 934 871
f 829 908 934
f 727 935 728
f 727 785 935
f 859 936 737
f 859 909 936
f 728 937 744
f 728 935 937
f 787 835 938
f 787 938 909
f 835 839 939
f 835 939 938
f 839 841 940
f 839 940 939
f 873 910 885
f 841 912 940
f 864 914 941
f 864 941 892
f 876 942 914
f 876 874 942
f 877 943 878
f 877 915 943
f 869 944 915
f 869 900 944
f 852 853 945
f 852 945 918
f 880 904 919
f 853 856 946
f 853 946 945
f 856 830 947
f 856 947 946
f 830 920 947
f 736 948 735
f 736 775 949
f 736 949 948
f 735 948 833
f 872 781 950
f 872 950 920
f 737 936 738
f 738 951 783
f 738 936 951
f 836 744 937
f 836 937 952
f 836 952 860
f 750 749 953
f 750 954 911
f 750 953 954
f 749 751 955
f 749 955 953
f 724 956 752
f 724 923 956
f 914 957 941
f 914 942 957
f 875 958 874
f 875 927 959
f 875 959 958
f 874 958 942
f 878 960 879
f 878 943 960
f 879 960 961
f 879 961 928
f 915 944 962
f 915 962 943
f 726 768 963
f 726 963 933
f 769 771 964
f 769 965 770
f 769 964 965
f 771 917 966
f 771 966 964
f 775 857 949
f 857 967 949
f 857 871 967
f 782 950 781
f 782 834 968
f 782 968 950
f 885 969 886
f 885 910 969
f 912 970 940
f 912 911 970
f 751 752 971
f 751 971 955
f 752 956 971
f 892 941 972
f 892 973 925
f 892 972 973
f 941 974 972
f 941 957 974
f 944 900 975
f 944 975 976
f 944 976 962
f 900 977 975
f 900 930 977
f 768 770 978
f 768 978 963
f 770 965 978
f 918 979 917
f 918 945 979
f 904 903 980
f 904 980 919
f 783 981 784
f 783 951 981
f 784 982 785
f 784 981 982
f 785 983 935
f 785 982 983
f 909 938 984
f 909 984 936
f 940 985 939
f 940 970 985
f 911 954 970
f 926 923 924
f 926 925 986
f 926 986 923
f 924 923 922
f 925 973 987
f 925 987 986
f 972 988 973
f 972 974 988
f 975 977 989
f 975 989 976
f 930 931 990
f 930 991 977
f 930 990 991
f 932 933 929
f 929 933 931
f 931 933 990
f 917 979 966
f 945 946 992
f 945 992 979
f 920 993 947
f 920 950 993
f 833 994 832
f 833 948 995
f 833 995 994
f 832 996 834
f 832 994 996
f 834 996 968
f 935 997 937
f 935 983 997
f 937 997 998
f 937 998 999
f 937 999 952
f 938 939 1000
f 938 1000 984
f 939 985 1000
f 923 1001 956
f 923 986 1002
f 923 1002 1001
f 933 963 1003
f 933 1004 990
f 933 1003 1004
f 946 947 1005
f 946 1005 992
f 947 993 1005
f 949 1006 948
f 949 1007 1006
f 949 1008 1007
f 949 967 1008
f 948 1006 995
f 860 952 1009
f 860 1009 921
f 881 1010 883
f 881 882 1011
f 881 1011 1010
f 951 936 984
f 951 1012 981
f 951 984 1012
f 883 1013 884
f 883 1010 1013
f 886 1014 887
f 886 969 1014
f 954 1015 970
f 954 953 1016
f 954 1016 1015
f 956 1017 971
f 956 1001 1017
f 887 1018 888
f 887 1014 1018
f 888 1019 889
f 888 1018 1019
f 889 1020 893
f 889 1019 1020
f 893 1021 894
f 893 1020 1021
f 973 1022 987
f 973 988 1022
f 894 1023 913
f 894 1021 1023
f 913 1024 927
f 913 1023 1024
f 916 1025 896
f 916 928 1026
f 916 1026 1025
f 896 1027 895
f 896 1025 1027
f 977 991 1028
f 977 1028 989
f 895 1029 897
f 895 1027 1029
f 897 1030 901
f 897 1029 1030
f 901 1031 902
f 901 1030 1031
f 902 1032 903
f 902 1031 1032
f 963 1033 1003
f 963 978 1033
f 966 1034 964
f 966 979 1035
f 966 1035 1034
f 903 1032 980
f 905 1036 907
f 905 906 1037
f 905 1037 1036
f 907 1038 908
f 907 1036 1038
f 968 993 950
f 968 1039 993
f 968 996 1039
f 871 1040 967
f 871 934 1040
f 997 983 998
f 970 1041 985
f 970 1015 1041
f 953 955 1042
f 953 1042 1016
f 986 987 1043
f 986 1043 1002
f 927 1044 959
f 927 1024 1044
f 942 958 1045
f 942 1045 957
f 958 959 1046
f 958 1046 1045
f 960 943 1047
f 960 1048 961
f 960 1047 1048
f 943 962 1047
f 928 961 1049
f 928 1049 1026
f 990 1050 991
f 990 1004 1050
f 964 1051 965
f 964 1034 1051
f 979 1052 1035
f 979 992 1052
f 1006 1007 995
f 998 983 1053
f 998 1053 1054
f 998 1054 1055
f 998 1055 999
f 884 1056 910
f 884 1013 1056
f 1012 1000 1057
f 1012 1057 1058
f 1012 1058 981
f 1012 984 1000
f 1057 985 1041
f 1057 1041 1059
f 1057 1000 985
f 1057 1059 1058
f 1041 1015 1060
f 1041 1060 1059
f 955 971 1061
f 955 1061 1042
f 1017 1062 971
f 1017 1001 1063
f 1017 1063 1062
f 971 1062 1061
f 1001 1064 1063
f 1001 1002 1064
f 987 1065 1043
f 987 1022 1065
f 959 1066 1046
f 959 1044 1066
f 961 1048 1067
f 961 1067 1049
f 991 1050 1068
f 991 1068 1028
f 1003 1033 1069
f 1003 1069 1070
f 1003 1070 1004
f 978 1071 1033
f 978 965 1072
f 978 1072 1071
f 1033 1071 1069
f 965 1051 1072
f 1052 992 1073
f 1052 1073 1074
f 1052 1075 1035
f 1052 1074 1075
f 1073 1005 1039
f 1073 1039 1076
f 1073 992 1005
f 1073 1076 1074
f 1039 1005 993
f 1039 996 1076
f 906 919 1077
f 906 1077 1037
f 1007 1078 995
f 1007 1079 1078
f 1007 1080 1079
f 1007 1008 1080
f 981 1058 982
f 952 999 1081
f 952 1081 1009
f 982 1082 983
f 982 1058 1082
f 983 1082 1053
f 910 1083 969
f 910 1056 1083
f 1015 1016 1084
f 1015 1084 1060
f 957 1085 974
f 957 1045 1085
f 962 976 1086
f 962 1086 1047
f 1035 1087 1034
f 1035 1075 1087
f 919 980 1088
f 919 1088 1077
f 995 1089 994
f 995 1078 1089
f 967 1090 1008
f 967 1040 1090
f 994 1076 996
f 994 1089 1076
f 882 921 1091
f 882 1091 1011
f 1053 1092 1054
f 1053 1082 1093
f 1053 1093 1092
f 1054 1092 1094
f 1054 1094 1055
f 1016 1042 1095
f 1016 1095 1084
f 1062 1063 1096
f 1062 1097 1061
f 1062 1096 1097
f 1063 1098 1096
f 1063 1064 1098
f 1069 1071 1099
f 1069 1099 1100
f 1069 1100 1070
f 1071 1101 1099
f 1071 1072 1101
f 1034 1102 1051
f 1034 1087 1102
f 1079 1103 1078
f 1079 1104 1103
f 1079 1080 1104
f 1078 1103 1105
f 1078 1105 1089
f 908 1106 934
f 908 1038 1106
f 1058 1059 1082
f 1082 1107 1093
f 1082 1059 1107
f 1092 1093 1108
f 1092 1108 1109
f 1092 1109 1094
f 1093 1110 1108
f 1093 1107 1110
f 1059 1060 1107
f 1108 1110 1111
f 1108 1111 1112
f 1108 1112 1109
f 1060 1084 1107
f 1110 1097 1111
f 1110 1113 1097
f 1110 1107 1113
f 1111 1097 1096
f 1111 1096 1114
f 1111 1114 1112
f 1042 1061 1113
f 1042 1113 1095
f 1097 1113 1061
f 1096 1098 1114
f 1043 1115 1002
f 1043 1065 1115
f 974 1116 988
f 974 1085 1116
f 1046 1117 1045
f 1046 1066 1117
f 1048 1047 1118
f 1048 1118 1067
f 976 989 1119
f 976 1119 1086
f 1050 1004 1120
f 1050 1120 1068
f 1099 1101 1121
f 1099 1121 1122
f 1099 1122 1100
f 1072 1123 1101
f 1072 1051 1123
f 1101 1124 1121
f 1101 1123 1124
f 1051 1102 1123
f 1121 1124 1125
f 1121 1125 1126
f 1121 1126 1122
f 1124 1105 1125
f 1124 1127 1105
f 1124 1123 1127
f 1075 1074 1127
f 1075 1127 1087
f 1125 1105 1103
f 1125 1103 1128
f 1125 1128 1126
f 1105 1127 1089
f 1074 1076 1089
f 1074 1089 1127
f 1103 1104 1128
f 1010 1011 1129
f 1010 1130 1013
f 1010 1129 1130
f 999 1055 1131
f 999 1131 1081
f 1107 1084 1095
f 1107 1095 1113
f 1123 1102 1127
f 1102 1087 1127
f 1008 1132 1080
f 1008 1090 1132
f 1036 1037 1133
f 1036 1134 1038
f 1036 1133 1134
f 921 1009 1135
f 921 1135 1091
f 1002 1115 1064
f 988 1136 1022
f 988 1116 1136
f 989 1028 1137
f 989 1137 1119
f 1004 1070 1120
f 934 1138 1040
f 934 1106 1138
f 1011 1139 1129
f 1011 1091 1139
f 1013 1140 1056
f 1013 1130 1140
f 1055 1094 1131
f 969 1141 1014
f 969 1083 1141
f 980 1032 1142
f 980 1142 1088
f 1080 1132 1104
f 1037 1077 1143
f 1037 1143 1133
f 1038 1144 1106
f 1038 1134 1144
f 1094 1109 1145
f 1094 1145 1131
f 1064 1115 1146
f 1064 1146 1098
f 1045 1147 1085
f 1045 1117 1147
f 1047 1148 1118
f 1047 1086 1148
f 1070 1149 1120
f 1070 1100 1149
f 1104 1150 1128
f 1104 1132 1150
f 1109 1112 1151
f 1109 1151 1145
f 1115 1152 1146
f 1115 1065 1152
f 1022 1153 1065
f 1022 1136 1153
f 1028 1154 1137
f 1028 1068 1154
f 1120 1149 1155
f 1120 1155 1068
f 1128 1156 1126
f 1128 1150 1156
f 1009 1081 1157
f 1009 1157 1135
f 1056 1140 1158
f 1056 1158 1083
f 1112 1114 1159
f 1112 1159 1151
f 1114 1098 1160
f 1114 1160 1159
f 1098 1146 1160
f 1100 1122 1161
f 1100 1161 1149
f 1122 1126 1162
f 1122 1162 1161
f 1126 1156 1162
f 1077 1163 1143
f 1077 1088 1163
f 1040 1164 1090
f 1040 1138 1164
f 1146 1152 1160
f 1149 1161 1155
f 1130 1129 1165
f 1130 1166 1140
f 1130 1165 1166
f 1129 1139 1167
f 1129 1167 1165
f 1091 1168 1139
f 1091 1135 1168
f 1014 1169 1018
f 1014 1141 1170
f 1014 1170 1169
f 1018 1171 1019
f 1018 1169 1171
f 1019 1172 1020
f 1019 1171 1172
f 1020 1173 1021
f 1020 1172 1173
f 1021 1174 1023
f 1021 1173 1174
f 1023 1175 1024
f 1023 1174 1175
f 1024 1176 1044
f 1024 1175 1176
f 1044 1177 1066
f 1044 1176 1177
f 1085 1178 1116
f 1085 1147 1178
f 1066 1179 1117
f 1066 1177 1179
f 1117 1179 1147
f 1118 1180 1067
f 1118 1148 1180
f 1067 1181 1049
f 1067 1180 1181
f 1086 1119 1182
f 1086 1182 1148
f 1049 1183 1026
f 1049 1181 1183
f 1026 1184 1025
f 1026 1183 1184
f 1025 1185 1027
f 1025 1184 1185
f 1027 1186 1029
f 1027 1185 1186
f 1029 1187 1030
f 1029 1186 1187
f 1030 1188 1031
f 1030 1187 1188
f 1031 1189 1032
f 1031 1188 1189
f 1032 1190 1142
f 1032 1189 1190
f 1106 1191 1138
f 1106 1144 1191
f 1133 1192 1134
f 1133 1143 1193
f 1133 1193 1192
f 1134 1194 1144
f 1134 1192 1194
f 1116 1195 1136
f 1116 1178 1195
f 1119 1137 1196
f 1119 1196 1182
f 1065 1153 1197
f 1065 1197 1152
f 1136 1198 1153
f 1136 1195 1198
f 1137 1154 1199
f 1137 1199 1196
f 1068 1200 1154
f 1068 1155 1200
f 1140 1166 1201
f 1140 1201 1158
f 1143 1202 1193
f 1143 1163 1202
f 1081 1131 1203
f 1081 1203 1157
f 1083 1204 1141
f 1083 1158 1204
f 1153 1205 1197
f 1153 1198 1205
f 1154 1200 1206
f 1154 1206 1199
f 1088 1142 1207
f 1088 1207 1163
f 1090 1208 1132
f 1090 1164 1208
f 1139 1168 1209
f 1139 1209 1167
f 1135 1210 1168
f 1135 1157 1210
f 1138 1191 1211
f 1138 1211 1164
f 1144 1212 1191
f 1144 1194 1212
f 1141 1213 1170
f 1141 1204 1213
f 1142 1190 1214
f 1142 1214 1207
f 1166 1165 1215
f 1166 1215 1216
f 1166 1216 1201
f 1165 1167 1217
f 1165 1217 1215
f 1160 1218 1159
f 1160 1152 1218
f 1197 1219 1152
f 1197 1205 1220
f 1197 1221 1219
f 1197 1220 1221
f 1147 1179 1222
f 1147 1223 1178
f 1147 1222 1223
f 1148 1224 1180
f 1148 1182 1225
f 1148 1225 1224
f 1200 1155 1226
f 1200 1227 1206
f 1200 1226 1228
f 1200 1228 1227
f 1161 1229 1155
f 1161 1162 1229
f 1192 1193 1230
f 1192 1231 1194
f 1192 1230 1231
f 1193 1232 1230
f 1193 1202 1232
f 1131 1145 1203
f 1170 1233 1169
f 1170 1213 1234
f 1170 1234 1233
f 1190 1189 1235
f 1190 1236 1214
f 1190 1235 1236
f 1132 1208 1150
f 1168 1210 1237
f 1168 1237 1209
f 1159 1238 1151
f 1159 1218 1238
f 1152 1219 1239
f 1152 1239 1218
f 1179 1177 1222
f 1180 1224 1181
f 1155 1240 1226
f 1155 1229 1240
f 1162 1156 1241
f 1162 1241 1229
f 1191 1242 1211
f 1191 1212 1242
f 1157 1243 1210
f 1157 1203 1243
f 1198 1195 1244
f 1198 1245 1205
f 1198 1244 1245
f 1195 1178 1246
f 1195 1246 1247
f 1195 1247 1244
f 1196 1199 1248
f 1196 1249 1182
f 1196 1250 1249
f 1196 1248 1250
f 1199 1206 1251
f 1199 1251 1248
f 1164 1211 1252
f 1164 1252 1208
f 1167 1209 1253
f 1167 1253 1217
f 1158 1254 1204
f 1158 1201 1254
f 1145 1151 1238
f 1145 1238 1203
f 1178 1223 1246
f 1182 1249 1225
f 1156 1150 1241
f 1150 1208 1241
f 1163 1207 1255
f 1163 1255 1202
f 1194 1256 1212
f 1194 1231 1256
f 1205 1257 1220
f 1205 1245 1257
f 1206 1227 1258
f 1206 1258 1251
f 1215 1217 1259
f 1215 1259 1216
f 1177 1260 1222
f 1177 1176 1260
f 1181 1224 1261
f 1181 1261 1183
f 1230 1262 1231
f 1230 1232 1262
f 1219 1263 1239
f 1219 1221 1263
f 1226 1240 1264
f 1226 1264 1228
f 1204 1265 1213
f 1204 1254 1265
f 1210 1243 1266
f 1210 1266 1237
f 1211 1267 1252
f 1211 1242 1267
f 1207 1214 1268
f 1207 1268 1255
f 1209 1237 1269
f 1209 1269 1253
f 1203 1238 1270
f 1203 1270 1243
f 1169 1271 1171
f 1169 1233 1271
f 1189 1188 1272
f 1189 1272 1235
f 1208 1273 1241
f 1208 1252 1273
f 1212 1274 1242
f 1212 1256 1274
f 1201 1216 1275
f 1201 1275 1254
f 1218 1276 1238
f 1218 1239 1276
f 1229 1241 1277
f 1229 1277 1240
f 1202 1255 1278
f 1202 1278 1232
f 1246 1223 1279
f 1246 1279 1247
f 1249 1280 1225
f 1249 1250 1280
f 1217 1253 1281
f 1217 1281 1259
f 1220 1282 1221
f 1220 1257 1283
f 1220 1283 1282
f 1222 1284 1223
f 1222 1260 1284
f 1224 1225 1285
f 1224 1285 1261
f 1227 1228 1286
f 1227 1287 1258
f 1227 1286 1287
f 1231 1288 1256
f 1231 1262 1288
f 1238 1276 1270
f 1241 1273 1277
f 1243 1270 1289
f 1243 1289 1266
f 1213 1265 1290
f 1213 1290 1234
f 1223 1284 1291
f 1223 1291 1279
f 1225 1292 1285
f 1225 1280 1292
f 1214 1293 1268
f 1214 1236 1293
f 1252 1294 1273
f 1252 1267 1294
f 1237 1266 1295
f 1237 1295 1269
f 1171 1296 1172
f 1171 1271 1296
f 1239 1297 1276
f 1239 1298 1297
f 1239 1263 1298
f 1172 1299 1173
f 1172 1296 1299
f 1173 1300 1174
f 1173 1299 1300
f 1174 1301 1175
f 1174 1300 1301
f 1175 1302 1176
f 1175 1301 1302
f 1176 1303 1260
f 1176 1302 1303
f 1183 1304 1184
f 1183 1261 1305
f 1183 1305 1304
f 1184 1306 1185
f 1184 1304 1306
f 1185 1307 1186
f 1185 1306 1307
f 1186 1308 1187
f 1186 1307 1308
f 1187 1309 1188
f 1187 1308 1309
f 1188 1309 1272
f 1240 1277 1310
f 1240 1310 1311
f 1240 1311 1264
f 1242 1312 1267
f 1242 1274 1312
f 1245 1313 1257
f 1245 1244 1314
f 1245 1314 1313
f 1251 1315 1248
f 1251 1258 1316
f 1251 1316 1315
f 1216 1259 1317
f 1216 1317 1275
f 1254 1275 1318
f 1254 1318 1265
f 1276 1319 1270
f 1276 1297 1319
f 1221 1282 1263
f 1228 1264 1286
f 1277 1273 1320
f 1277 1320 1310
f 1255 1321 1278
f 1255 1268 1321
f 1232 1278 1322
f 1232 1322 1262
f 1253 1269 1323
f 1253 1323 1281
f 1257 1324 1283
f 1257 1313 1324
f 1244 1247 1314
f 1248 1315 1250
f 1258 1287 1325
f 1258 1325 1316
f 1256 1326 1274
f 1256 1288 1326
f 1270 1319 1289
f 1273 1294 1320
f 1266 1289 1295
f 1297 1327 1319
f 1297 1298 1327
f 1282 1283 1328
f 1282 1329 1263
f 1282 1328 1330
f 1282 1330 1329
f 1260 1331 1284
f 1260 1303 1331
f 1261 1285 1332
f 1261 1332 1305
f 1286 1333 1287
f 1286 1264 1334
f 1286 1335 1333
f 1286 1334 1335
f 1310 1320 1336
f 1310 1336 1311
f 1267 1312 1294
f 1247 1279 1337
f 1247 1337 1314
f 1250 1338 1280
f 1250 1315 1338
f 1283 1339 1328
f 1283 1324 1339
f 1287 1333 1340
f 1287 1340 1325
f 1259 1341 1317
f 1259 1281 1341
f 1275 1317 1342
f 1275 1342 1318
f 1269 1295 1323
f 1319 1343 1289
f 1319 1344 1343
f 1319 1327 1344
f 1263 1329 1298
f 1264 1311 1334
f 1320 1294 1345
f 1320 1345 1346
f 1320 1346 1336
f 1274 1326 1312
f 1278 1347 1322
f 1278 1321 1347
f 1262 1348 1288
f 1262 1322 1348
f 1289 1343 1295
f 1284 1331 1349
f 1284 1349 1291
f 1285 1292 1350
f 1285 1350 1332
f 1294 1312 1345
f 1265 1318 1351
f 1265 1351 1290
f 1233 1234 1352
f 1233 1353 1271
f 1233 1352 1353
f 1235 1354 1236
f 1235 1272 1355
f 1235 1355 1354
f 1268 1356 1321
f 1268 1293 1356
f 1279 1291 1357
f 1279 1357 1337
f 1280 1358 1292
f 1280 1338 1358
f 1328 1359 1330
f 1328 1339 1360
f 1328 1360 1359
f 1314 1361 1313
f 1314 1337 1361
f 1315 1316 1362
f 1315 1362 1338
f 1333 1335 1363
f 1333 1364 1340
f 1333 1363 1364
f 1317 1341 1342
f 1281 1323 1365
f 1281 1365 1341
f 1343 1366 1295
f 1343 1367 1366
f 1343 1344 1368
f 1343 1368 1367
f 1298 1329 1327
f 1329 1330 1369
f 1329 1370 1327
f 1329 1371 1370
f 1329 1369 1371
f 1313 1372 1324
f 1313 1361 1372
f 1316 1325 1373
f 1316 1373 1362
f 1334 1311 1336
f 1334 1374 1335
f 1334 1336 1375
f 1334 1375 1376
f 1334 1376 1374
f 1345 1312 1377
f 1345 1377 1378
f 1345 1379 1346
f 1345 1378 1379
f 1288 1380 1326
f 1288 1348 1380
f 1322 1347 1348
f 1295 1381 1323
f 1295 1366 1382
f 1295 1382 1381
f 1312 1326 1383
f 1312 1384 1377
f 1312 1383 1384
f 1318 1342 1385
f 1318 1385 1351
f 1234 1290 1386
f 1234 1386 1352
f 1330 1359 1369
f 1335 1374 1363
f 1236 1387 1293
f 1236 1354 1387
f 1321 1388 1347
f 1321 1356 1388
f 1323 1381 1365
f 1327 1370 1344
f 1331 1303 1389
f 1331 1389 1349
f 1291 1349 1390
f 1291 1390 1357
f 1292 1391 1350
f 1292 1358 1391
f 1332 1350 1392
f 1332 1392 1305
f 1336 1346 1375
f 1326 1380 1383
f 1337 1393 1361
f 1337 1357 1393
f 1338 1394 1358
f 1338 1362 1394
f 1341 1395 1342
f 1341 1365 1395
f 1348 1347 1396
f 1348 1396 1380
f 1342 1395 1385
f 1366 1367 1397
f 1366 1397 1382
f 1377 1398 1378
f 1377 1384 1398
f 1347 1388 1396
f 1344 1370 1399
f 1344 1399 1368
f 1271 1400 1296
f 1271 1353 1401
f 1271 1401 1400
f 1339 1324 1402
f 1339 1402 1403
f 1339 1403 1360
f 1324 1372 1402
f 1325 1340 1404
f 1325 1404 1373
f 1340 1405 1404
f 1340 1364 1405
f 1272 1309 1406
f 1272 1407 1355
f 1272 1406 1407
f 1346 1408 1375
f 1346 1379 1408
f 1296 1409 1299
f 1296 1400 1409
f 1299 1410 1300
f 1299 1409 1410
f 1300 1411 1301
f 1300 1410 1411
f 1301 1412 1302
f 1301 1411 1412
f 1302 1413 1303
f 1302 1412 1413
f 1303 1414 1389
f 1303 1413 1414
f 1349 1389 1415
f 1349 1415 1390
f 1350 1416 1392
f 1350 1391 1416
f 1305 1417 1304
f 1305 1392 1418
f 1305 1418 1417
f 1304 1419 1306
f 1304 1417 1419
f 1306 1420 1307
f 1306 1419 1420
f 1307 1421 1308
f 1307 1420 1421
f 1308 1422 1309
f 1308 1421 1422
f 1309 1422 1406
f 1365 1381 1423
f 1365 1423 1395
f 1370 1424 1399
f 1370 1371 1425
f 1370 1425 1424
f 1375 1426 1376
f 1375 1408 1427
f 1375 1427 1426
f 1380 1428 1383
f 1380 1396 1428
f 1361 1429 1372
f 1361 1393 1429
f 1357 1390 1430
f 1357 1431 1393
f 1357 1430 1431
f 1358 1432 1391
f 1358 1394 1433
f 1358 1433 1432
f 1362 1373 1434
f 1362 1434 1394
f 1368 1399 1435
f 1368 1435 1367
f 1353 1352 1401
f 1369 1359 1436
f 1369 1437 1371
f 1369 1436 1437
f 1374 1438 1363
f 1374 1376 1439
f 1374 1439 1438
f 1355 1407 1354
f 1379 1440 1408
f 1379 1378 1440
f 1385 1395 1441
f 1385 1442 1351
f 1385 1441 1442
f 1388 1443 1396
f 1388 1356 1444
f 1388 1444 1443
f 1381 1445 1423
f 1381 1382 1446
f 1381 1446 1445
f 1290 1351 1447
f 1290 1447 1386
f 1389 1414 1448
f 1389 1448 1415
f 1392 1449 1418
f 1392 1416 1449
f 1293 1450 1356
f 1293 1387 1450
f 1383 1428 1451
f 1383 1452 1384
f 1383 1451 1452
f 1359 1453 1436
f 1359 1360 1453
f 1363 1438 1454
f 1363 1454 1364
f 1395 1423 1445
f 1395 1445 1441
f 1399 1424 1455
f 1399 1455 1435
f 1371 1437 1456
f 1371 1456 1425
f 1376 1457 1439
f 1376 1426 1457
f 1408 1458 1427
f 1408 1440 1458
f 1396 1451 1428
f 1396 1443 1451
f 1367 1435 1459
f 1367 1459 1397
f 1352 1386 1460
f 1352 1460 1401
f 1390 1415 1430
f 1391 1432 1416
f 1354 1461 1387
f 1354 1407 1461
f 1378 1462 1440
f 1378 1398 1462
f 1437 1436 1463
f 1437 1463 1456
f 1372 1464 1402
f 1372 1429 1465
f 1372 1465 1464
f 1373 1404 1466
f 1373 1467 1434
f 1373 1466 1467
f 1439 1468 1438
f 1439 1457 1468
f 1382 1397 1469
f 1382 1469 1446
f 1384 1470 1398
f 1384 1452 1470
f 1402 1464 1471
f 1402 1471 1403
f 1393 1431 1472
f 1393 1472 1429
f 1394 1473 1433
f 1394 1434 1473
f 1404 1474 1466
f 1404 1405 1474
f 1436 1453 1475
f 1436 1475 1463
f 1430 1415 1476
f 1430 1477 1431
f 1430 1476 1477
f 1432 1478 1416
f 1432 1433 1479
f 1432 1479 1478
f 1438 1480 1454
f 1438 1468 1480
f 1424 1481 1455
f 1424 1425 1482
f 1424 1482 1481
f 1427 1458 1483
f 1427 1484 1426
f 1427 1483 1484
f 1360 1485 1453
f 1360 1403 1485
f 1414 1486 1448
f 1414 1413 1486
f 1418 1449 1487
f 1418 1487 1417
f 1364 1454 1488
f 1364 1488 1405
f 1351 1442 1489
f 1351 1489 1447
f 1435 1455 1490
f 1435 1490 1459
f 1415 1448 1476
f 1416 1478 1449
f 1440 1491 1458
f 1440 1462 1491
f 1356 1492 1444
f 1356 1450 1492
f 1397 1493 1469
f 1397 1459 1494
f 1397 1495 1493
f 1397 1494 1495
f 1386 1447 1496
f 1386 1496 1460
f 1387 1461 1497
f 1387 1497 1450
f 1398 1470 1498
f 1398 1499 1462
f 1398 1498 1500
f 1398 1500 1499
f 1401 1501 1400
f 1401 1460 1501
f 1407 1406 1502
f 1407 1502 1461
f 1431 1477 1503
f 1431 1503 1472
f 1433 1504 1479
f 1433 1473 1504
f 1429 1472 1465
f 1434 1467 1473
f 1455 1505 1490
f 1455 1506 1505
f 1455 1481 1506
f 1453 1507 1475
f 1453 1485 1507
f 1454 1508 1488
f 1454 1480 1508
f 1458 1491 1509
f 1458 1509 1510
f 1458 1510 1483
f 1448 1511 1476
f 1448 1486 1511
f 1476 1511 1477
f 1478 1512 1449
f 1478 1479 1512
f 1449 1512 1487
f 1464 1465 1513
f 1464 1513 1514
f 1464 1514 1471
f 1466 1515 1467
f 1466 1516 1515
f 1466 1474 1516
f 1442 1441 1517
f 1442 1517 1489
f 1469 1518 1446
f 1469 1493 1518
f 1403 1519 1485
f 1403 1471 1519
f 1405 1488 1520
f 1405 1520 1474
f 1470 1452 1521
f 1470 1521 1498
f 1444 1522 1443
f 1444 1492 1522
f 1445 1446 1523
f 1445 1517 1441
f 1445 1523 1517
f 1446 1518 1523
f 1400 1524 1409
f 1400 1501 1524
f 1409 1525 1410
f 1409 1524 1525
f 1410 1526 1411
f 1410 1525 1526
f 1411 1527 1412
f 1411 1526 1527
f 1412 1528 1413
f 1412 1527 1528
f 1413 1529 1486
f 1413 1528 1529
f 1417 1530 1419
f 1417 1487 1531
f 1417 1531 1530
f 1419 1532 1420
f 1419 1530 1532
f 1420 1533 1421
f 1420 1532 1533
f 1421 1534 1422
f 1421 1533 1534
f 1422 1535 1406
f 1422 1534 1535
f 1406 1535 1502
f 1452 1451 1536
f 1452 1536 1521
f 1451 1443 1522
f 1451 1522 1536
f 1447 1537 1496
f 1447 1489 1538
f 1447 1538 1537
f 1460 1496 1539
f 1460 1540 1501
f 1460 1539 1540
f 1463 1475 1541
f 1463 1541 1456
f 1465 1472 1542
f 1465 1543 1513
f 1465 1542 1543
f 1467 1544 1473
f 1467 1515 1545
f 1467 1545 1544
f 1468 1546 1480
f 1468 1457 1546
f 1461 1547 1497
f 1461 1502 1548
f 1461 1548 1547
f 1450 1497 1549
f 1450 1550 1492
f 1450 1549 1550
f 1459 1490 1551
f 1459 1551 1494
f 1486 1552 1511
f 1486 1529 1552
f 1477 1511 1553
f 1477 1553 1554
f 1477 1554 1503
f 1479 1555 1512
f 1479 1504 1556
f 1479 1556 1555
f 1487 1512 1557
f 1487 1557 1531
f 1462 1558 1491
f 1462 1499 1558
f 1472 1503 1542
f 1473 1544 1504
f 1475 1559 1541
f 1475 1507 1559
f 1485 1560 1507
f 1485 1519 1560
f 1511 1552 1553
f 1512 1555 1557
f 1488 1508 1561
f 1488 1561 1520
f 1480 1562 1508
f 1480 1546 1562
f 1493 1563 1518
f 1493 1495 1563
f 1490 1505 1551
f 1513 1543 1564
f 1513 1564 1514
f 1515 1565 1545
f 1515 1516 1565
f 1491 1558 1509
f 1498 1521 1566
f 1498 1566 1500
f 1456 1567 1425
f 1456 1541 1568
f 1456 1568 1567
f 1457 1426 1569
f 1457 1570 1546
f 1457 1569 1570
f 1425 1571 1482
f 1425 1567 1571
f 1471 1572 1519
f 1471 1514 1573
f 1471 1573 1572
f 1474 1520 1574
f 1474 1575 1516
f 1474 1574 1575
f 1426 1484 1576
f 1426 1576 1569
f 1496 1537 1577
f 1496 1577 1539
f 1497 1578 1549
f 1497 1547 1578
f 1541 1559 1568
f 1507 1560 1579
f 1507 1579 1559
f 1553 1552 1580
f 1553 1580 1554
f 1503 1581 1542
f 1503 1554 1581
f 1542 1582 1543
f 1542 1581 1582
f 1544 1583 1504
f 1544 1545 1584
f 1544 1584 1583
f 1504 1583 1556
f 1555 1585 1557
f 1555 1556 1585
f 1508 1586 1561
f 1508 1562 1586
f 1546 1570 1562
f 1489 1517 1587
f 1489 1587 1538
f 1505 1588 1551
f 1505 1589 1588
f 1505 1506 1589
f 1543 1582 1590
f 1543 1590 1564
f 1545 1591 1584
f 1545 1565 1591
f 1509 1558 1592
f 1509 1592 1593
f 1509 1593 1510
f 1492 1550 1594
f 1492 1594 1522
f 1519 1595 1560
f 1519 1572 1595
f 1520 1561 1596
f 1520 1596 1574
f 1501 1540 1597
f 1501 1597 1524
f 1502 1535 1598
f 1502 1598 1548
f 1482 1599 1481
f 1482 1571 1599
f 1484 1483 1600
f 1484 1600 1576
f 1518 1563 1523
f 1494 1601 1495
f 1494 1551 1602
f 1494 1602 1601
f 1552 1529 1603
f 1552 1603 1580
f 1557 1604 1531
f 1557 1585 1604
f 1499 1500 1605
f 1499 1606 1558
f 1499 1605 1606
f 1521 1536 1566
f 1560 1595 1607
f 1560 1607 1579
f 1514 1564 1608
f 1514 1608 1573
f 1516 1609 1565
f 1516 1575 1609
f 1561 1610 1596
f 1561 1586 1610
f 1517 1523 1611
f 1517 1611 1612
f 1517 1612 1587
f 1495 1601 1563
f 1538 1613 1537
f 1538 1587 1613
f 1568 1559 1614
f 1568 1614 1615
f 1568 1615 1567
f 1581 1554 1616
f 1581 1617 1582
f 1581 1616 1617
f 1583 1584 1618
f 1583 1619 1556
f 1583 1618 1619
f 1570 1620 1562
f 1570 1621 1620
f 1570 1569 1621
f 1550 1549 1622
f 1550 1622 1594
f 1500 1566 1605
f 1522 1623 1536
f 1522 1624 1623
f 1522 1594 1624
f 1537 1613 1625
f 1537 1625 1577
f 1554 1580 1616
f 1582 1617 1626
f 1582 1626 1590
f 1584 1627 1618
f 1584 1591 1627
f 1556 1619 1585
f 1549 1628 1622
f 1549 1578 1628
f 1523 1563 1611
f 1559 1579 1614
f 1572 1629 1595
f 1572 1573 1629
f 1574 1596 1630
f 1574 1630 1575
f 1562 1620 1586
f 1536 1623 1566
f 1551 1588 1602
f 1481 1631 1506
f 1481 1599 1631
f 1483 1510 1632
f 1483 1632 1600
f 1558 1606 1592
f 1540 1539 1633
f 1540 1634 1597
f 1540 1633 1634
f 1524 1635 1525
f 1524 1597 1635
f 1525 1636 1526
f 1525 1635 1636
f 1526 1637 1527
f 1526 1636 1637
f 1527 1638 1528
f 1527 1637 1638
f 1528 1639 1529
f 1528 1638 1639
f 1529 1640 1603
f 1529 1639 1640
f 1531 1641 1530
f 1531 1604 1642
f 1531 1642 1641
f 1530 1643 1532
f 1530 1641 1643
f 1532 1644 1533
f 1532 1643 1644
f 1533 1645 1534
f 1533 1644 1645
f 1534 1646 1535
f 1534 1645 1646
f 1535 1646 1598
f 1548 1647 1547
f 1548 1598 1648
f 1548 1648 1647
f 1564 1590 1649
f 1564 1649 1608
f 1565 1650 1591
f 1565 1609 1650
f 1595 1629 1651
f 1595 1651 1607
f 1596 1652 1630
f 1596 1610 1652
f 1614 1579 1653
f 1614 1654 1615
f 1614 1653 1654
f 1579 1607 1653
f 1580 1655 1616
f 1580 1603 1655
f 1573 1656 1629
f 1573 1608 1656
f 1617 1616 1657
f 1617 1657 1658
f 1617 1658 1626
f 1618 1659 1619
f 1618 1627 1660
f 1618 1660 1659
f 1575 1630 1661
f 1575 1661 1609
f 1585 1619 1662
f 1585 1662 1604
f 1586 1620 1663
f 1586 1663 1610
f 1620 1664 1663
f 1620 1621 1664
f 1588 1665 1602
f 1588 1666 1665
f 1588 1589 1666
f 1539 1577 1667
f 1539 1667 1633
f 1547 1668 1578
f 1547 1647 1668
f 1592 1606 1669
f 1592 1669 1670
f 1592 1670 1593
f 1611 1671 1612
f 1611 1563 1672
f 1611 1672 1671
f 1613 1587 1673
f 1613 1673 1625
f 1616 1655 1657
f 1619 1659 1662
f 1622 1674 1594
f 1622 1628 1674
f 1623 1675 1566
f 1623 1624 1676
f 1623 1676 1675
f 1612 1671 1587
f 1563 1601 1672
f 1603 1677 1655
f 1603 1640 1677
f 1604 1662 1678
f 1604 1678 1642
f 1566 1675 1605
f 1624 1594 1676
f 1577 1625 1679
f 1577 1679 1667
f 1567 1615 1680
f 1567 1680 1681
f 1567 1681 1571
f 1629 1656 1682
f 1629 1682 1651
f 1590 1626 1683
f 1590 1683 1649
f 1591 1684 1627
f 1591 1650 1684
f 1630 1685 1661
f 1630 1652 1685
f 1569 1686 1621
f 1569 1687 1686
f 1569 1576 1687
f 1578 1688 1628
f 1578 1668 1688
f 1587 1671 1673
f 1615 1654 1689
f 1615 1689 1680
f 1653 1607 1690
f 1653 1691 1654
f 1653 1690 1691
f 1607 1651 1690
f 1608 1692 1656
f 1608 1649 1692
f 1609 1661 1693
f 1609 1693 1650
f 1610 1663 1694
f 1610 1694 1652
f 1663 1664 1695
f 1663 1695 1694
f 1621 1696 1664
f 1621 1686 1696
f 1594 1674 1676
f 1506 1697 1589
f 1506 1631 1697
f 1510 1593 1698
f 1510 1698 1632
f 1601 1602 1699
f 1601 1699 1672
f 1625 1673 1700
f 1625 1700 1679
f 1657 1655 1701
f 1657 1701 1658
f 1656 1692 1702
f 1656 1702 1682
f 1626 1703 1683
f 1626 1658 1703
f 1627 1684 1704
f 1627 1704 1660
f 1661 1705 1693
f 1661 1685 1705
f 1659 1706 1662
f 1659 1660 1706
f 1628 1707 1674
f 1628 1688 1707
f 1605 1708 1606
f 1605 1675 1708
f 1597 1634 1709
f 1597 1709 1635
f 1649 1710 1692
f 1649 1683 1710
f 1650 1711 1684
f 1650 1693 1711
f 1598 1712 1648
f 1598 1646 1712
f 1602 1665 1699
f 1654 1691 1713
f 1654 1713 1689
f 1664 1714 1695
f 1664 1696 1714
f 1606 1708 1669
f 1680 1689 1715
f 1680 1715 1681
f 1690 1651 1716
f 1690 1717 1691
f 1690 1716 1718
f 1690 1718 1717
f 1655 1677 1719
f 1655 1719 1701
f 1651 1682 1720
f 1651 1720 1716
f 1652 1694 1721
f 1652 1722 1685
f 1652 1721 1722
f 1662 1723 1678
f 1662 1706 1723
f 1694 1695 1724
f 1694 1725 1721
f 1694 1724 1725
f 1686 1726 1696
f 1686 1687 1726
f 1673 1671 1727
f 1673 1728 1700
f 1673 1727 1728
f 1674 1707 1729
f 1674 1730 1676
f 1674 1729 1730
f 1692 1710 1731
f 1692 1731 1702
f 1683 1703 1710
f 1684 1711 1704
f 1693 1732 1711
f 1693 1705 1732
f 1634 1633 1733
f 1634 1734 1709
f 1634 1733 1734
f 1691 1735 1713
f 1691 1717 1735
f 1695 1714 1736
f 1695 1736 1724
f 1648 1737 1647
f 1648 1712 1738
f 1648 1738 1737
f 1665 1739 1699
f 1665 1666 1739
f 1667 1740 1633
f 1667 1679 1741
f 1667 1741 1740
f 1689 1713 1742
f 1689 1742 1715
f 1696 1743 1714
f 1696 1726 1743
f 1668 1647 1744
f 1668 1745 1688
f 1668 1744 1745
f 1669 1708 1746
f 1669 1746 1670
f 1633 1740 1733
f 1635 1747 1636
f 1635 1709 1747
f 1636 1748 1637
f 1636 1747 1748
f 1637 1749 1638
f 1637 1748 1749
f 1638 1750 1639
f 1638 1749 1750
f 1639 1751 1640
f 1639 1750 1751
f 1640 1752 1677
f 1640 1751 1752
f 1677 1752 1719
f 1682 1702 1753
f 1682 1753 1720
f 1685 1754 1705
f 1685 1722 1754
f 1678 1755 1642
f 1678 1723 1755
f 1642 1756 1641
f 1642 1755 1756
f 1641 1757 1643
f 1641 1756 1757
f 1643 1758 1644
f 1643 1757 1758
f 1644 1759 1645
f 1644 1758 1759
f 1645 1760 1646
f 1645 1759 1760
f 1646 1760 1712
f 1647 1737 1744
f 1658 1761 1703
f 1658 1701 1762
f 1658 1762 1761
f 1660 1704 1763
f 1660 1764 1706
f 1660 1763 1764
f 1679 1700 1765
f 1679 1765 1741
f 1713 1735 1766
f 1713 1766 1742
f 1716 1720 1767
f 1716 1767 1718
f 1703 1768 1710
f 1703 1761 1768
f 1704 1711 1769
f 1704 1769 1763
f 1721 1770 1722
f 1721 1725 1770
f 1714 1771 1736
f 1714 1743 1771
f 1688 1772 1707
f 1688 1745 1772
f 1710 1773 1731
f 1710 1768 1773
f 1711 1732 1774
f 1711 1774 1769
f 1702 1731 1753
f 1705 1754 1732
f 1671 1672 1775
f 1671 1775 1727
f 1700 1728 1776
f 1700 1776 1765
f 1589 1777 1666
f 1589 1697 1777
f 1593 1670 1778
f 1593 1778 1698
f 1707 1779 1729
f 1707 1772 1779
f 1676 1780 1675
f 1676 1730 1780
f 1672 1699 1775
f 1675 1780 1708
f 1699 1781 1775
f 1699 1739 1781
f 1701 1719 1782
f 1701 1782 1762
f 1720 1753 1783
f 1720 1783 1767
f 1722 1784 1754
f 1722 1770 1784
f 1706 1785 1723
f 1706 1764 1785
f 1708 1780 1786
f 1708 1786 1746
f 1727 1775 1787
f 1727 1788 1728
f 1727 1787 1788
f 1730 1729 1789
f 1730 1790 1780
f 1730 1789 1790
f 1735 1717 1791
f 1735 1792 1766
f 1735 1791 1792
f 1717 1718 1793
f 1717 1793 1791
f 1724 1736 1794
f 1724 1795 1725
f 1724 1794 1795
f 1736 1771 1796
f 1736 1796 1794
f 1775 1781 1797
f 1775 1798 1787
f 1775 1797 1798
f 1728 1788 1776
f 1718 1767 1799
f 1718 1799 1793
f 1753 1731 1800
f 1753 1800 1783
f 1731 1773 1801
f 1731 1801 1800
f 1732 1754 1802
f 1732 1803 1774
f 1732 1802 1803
f 1754 1784 1802
f 1725 1804 1770
f 1725 1795 1804
f 1729 1779 1789
f 1780 1805 1786
f 1780 1790 1806
f 1780 1806 1805
f 1681 1715 1807
f 1681 1808 1571
f 1681 1807 1808
f 1715 1742 1807
f 1719 1752 1809
f 1719 1810 1782
f 1719 1809 1810
f 1761 1811 1768
f 1761 1762 1811
f 1763 1769 1812
f 1763 1812 1764
f 1723 1813 1755
f 1723 1785 1814
f 1723 1814 1813
f 1726 1687 1815
f 1726 1815 1743
f 1687 1576 1816
f 1687 1816 1815
f 1666 1817 1739
f 1666 1777 1817
f 1709 1734 1818
f 1709 1818 1747
f 1742 1766 1819
f 1742 1819 1807
f 1752 1751 1809
f 1768 1820 1773
f 1768 1821 1820
f 1768 1811 1821
f 1773 1820 1801
f 1774 1822 1769
f 1774 1803 1822
f 1769 1822 1823
f 1769 1823 1812
f 1755 1813 1756
f 1743 1824 1771
f 1743 1815 1824
f 1712 1825 1738
f 1712 1760 1825
f 1670 1746 1826
f 1670 1826 1778
f 1766 1792 1827
f 1766 1827 1819
f 1767 1783 1799
f 1770 1804 1784
f 1771 1828 1796
f 1771 1824 1828
f 1734 1733 1829
f 1734 1830 1818
f 1734 1829 1830
f 1738 1831 1737
f 1738 1825 1832
f 1738 1832 1831
f 1733 1740 1833
f 1733 1833 1829
f 1747 1834 1748
f 1747 1818 1834
f 1748 1835 1749
f 1748 1834 1835
f 1749 1836 1750
f 1749 1835 1836
f 1750 1837 1751
f 1750 1836 1837
f 1751 1838 1809
f 1751 1837 1838
f 1801 1839 1800
f 1801 1820 1840
f 1801 1840 1839
f 1803 1840 1822
f 1803 1802 1839
f 1803 1839 1840
f 1756 1841 1757
f 1756 1813 1842
f 1756 1842 1841
f 1757 1843 1758
f 1757 1841 1843
f 1758 1844 1759
f 1758 1843 1844
f 1759 1845 1760
f 1759 1844 1845
f 1760 1845 1825
f 1737 1846 1744
f 1737 1831 1846
f 1740 1741 1847
f 1740 1847 1833
f 1800 1848 1783
f 1800 1839 1848
f 1820 1849 1840
f 1820 1821 1849
f 1822 1840 1849
f 1822 1849 1823
f 1802 1848 1839
f 1802 1784 1848
f 1744 1850 1745
f 1744 1846 1850
f 1739 1851 1781
f 1739 1817 1851
f 1762 1782 1852
f 1762 1852 1811
f 1783 1853 1799
f 1783 1848 1853
f 1784 1853 1848
f 1784 1804 1853
f 1764 1812 1854
f 1764 1854 1785
f 1746 1786 1855
f 1746 1855 1826
f 1741 1765 1847
f 1791 1793 1856
f 1791 1857 1792
f 1791 1856 1857
f 1793 1799 1858
f 1793 1858 1856
f 1799 1853 1858
f 1821 1811 1859
f 1821 1860 1849
f 1821 1859 1860
f 1823 1849 1860
f 1823 1861 1812
f 1823 1860 1861
f 1804 1795 1862
f 1804 1862 1853
f 1795 1794 1863
f 1795 1863 1862
f 1794 1796 1864
f 1794 1864 1863
f 1745 1850 1772
f 1792 1865 1827
f 1792 1857 1865
f 1782 1810 1866
f 1782 1867 1852
f 1782 1866 1867
f 1811 1852 1859
f 1812 1861 1854
f 1785 1868 1814
f 1785 1854 1869
f 1785 1869 1868
f 1796 1828 1870
f 1796 1870 1864
f 1571 1871 1599
f 1571 1808 1871
f 1872 1873 1874
f 1872 1875 1873
f 1872 1874 1876
f 1872 1876 1877
f 1872 1877 1875
f 1873 1878 1879
f 1873 1880 1878
f 1873 1879 1874
f 1873 1875 1880
f 1878 1881 1882
f 1878 1880 1881
f 1878 1883 1879
f 1878 1882 1883
f 1881 1884 1885
f 1881 1886 1884
f 1881 1885 1882
f 1881 1880 1886
f 1884 1887 1885
f 1884 1888 1887
f 1884 1886 1888
f 1576 1600 1889
f 1576 1889 1816
f 1876 1874 1890
f 1876 1890 1891
f 1876 1892 1877
f 1876 1891 1892
f 1874 1879 1893
f 1874 1893 1890
f 1879 1883 1894
f 1879 1894 1893
f 1883 1882 1895
f 1883 1896 1894
f 1883 1895 1896
f 1882 1885 1897
f 1882 1897 1895
f 1885 1887 1898
f 1885 1898 1897
f 1887 1888 1899
f 1887 1900 1898
f 1887 1899 1900
f 1890 1901 1891
f 1890 1893 1902
f 1890 1902 1901
f 1877 1903 1875
f 1877 1892 1904
f 1877 1904 1903
f 1810 1809 1905
f 1810 1905 1866
f 1875 1906 1880
f 1875 1903 1906
f 1853 1907 1858
f 1853 1862 1907
f 1880 1906 1886
f 1886 1908 1888
f 1886 1906 1908
f 1814 1909 1813
f 1814 1868 1909
f 1888 1910 1899
f 1888 1908 1910
f 1898 1911 1897
f 1898 1900 1912
f 1898 1912 1911
f 1827 1913 1819
f 1827 1865 1913
f 1828 1824 1914
f 1828 1914 1870
f 1891 1915 1892
f 1891 1901 1916
f 1891 1916 1915
f 1892 1915 1917
f 1892 1917 1904
f 1893 1894 1918
f 1893 1918 1902
f 1809 1838 1905
f 1894 1896 1919
f 1894 1919 1918
f 1858 1907 1856
f 1859 1920 1860
f 1859 1852 1921
f 1859 1921 1920
f 1896 1895 1922
f 1896 1923 1919
f 1896 1922 1923
f 1861 1860 1920
f 1861 1924 1854
f 1861 1920 1924
f 1862 1863 1907
f 1895 1897 1925
f 1895 1925 1922
f 1813 1909 1842
f 1897 1911 1925
f 1899 1926 1900
f 1899 1927 1926
f 1899 1910 1927
f 1900 1928 1912
f 1900 1926 1928
f 1916 1901 1929
f 1916 1929 1930
f 1916 1930 1931
f 1916 1931 1915
f 1901 1902 1932
f 1901 1932 1929
f 1902 1933 1932
f 1902 1918 1933
f 1856 1934 1857
f 1856 1907 1934
f 1863 1864 1935
f 1863 1935 1907
f 1911 1912 1936
f 1911 1936 1937
f 1911 1937 1925
f 1912 1928 1938
f 1912 1938 1936
f 1928 1926 1939
f 1928 1940 1938
f 1928 1939 1940
f 1930 1929 1941
f 1930 1941 1942
f 1930 1943 1931
f 1930 1942 1943
f 1929 1944 1941
f 1929 1932 1944
f 1915 1931 1945
f 1915 1945 1917
f 1819 1946 1807
f 1819 1913 1946
f 1852 1867 1921
f 1854 1924 1869
f 1824 1815 1947
f 1824 1947 1914
f 1926 1948 1939
f 1926 1927 1948
f 1938 1940 1949
f 1938 1949 1950
f 1938 1950 1936
f 1940 1939 1951
f 1940 1952 1949
f 1940 1951 1952
f 1781 1953 1797
f 1781 1851 1954
f 1781 1954 1953
f 1941 1955 1942
f 1941 1956 1955
f 1941 1944 1956
f 1931 1943 1957
f 1931 1957 1945
f 1904 1958 1903
f 1904 1917 1959
f 1904 1959 1958
f 1857 1960 1865
f 1857 1934 1960
f 1903 1961 1906
f 1903 1958 1961
f 1906 1962 1908
f 1906 1961 1963
f 1906 1963 1962
f 1908 1964 1910
f 1908 1962 1964
f 1864 1870 1965
f 1864 1965 1935
f 1910 1966 1927
f 1910 1964 1966
f 1939 1967 1951
f 1939 1948 1967
f 1949 1952 1968
f 1949 1969 1950
f 1949 1968 1969
f 1786 1805 1970
f 1786 1971 1855
f 1786 1970 1971
f 1787 1798 1972
f 1787 1973 1788
f 1787 1972 1973
f 1942 1974 1943
f 1942 1955 1975
f 1942 1975 1974
f 1818 1830 1976
f 1818 1976 1834
f 1943 1974 1977
f 1943 1977 1957
f 1932 1978 1944
f 1932 1933 1978
f 1917 1945 1959
f 1927 1966 1948
f 1936 1950 1979
f 1936 1979 1937
f 1951 1980 1952
f 1951 1981 1980
f 1951 1967 1981
f 1825 1982 1832
f 1825 1845 1982
f 1952 1983 1968
f 1952 1980 1983
f 1790 1984 1806
f 1790 1789 1985
f 1790 1985 1984
f 1798 1797 1986
f 1798 1986 1972
f 1765 1987 1847
f 1765 1776 1987
f 1830 1829 1988
f 1830 1989 1976
f 1830 1988 1989
f 1955 1990 1975
f 1955 1956 1991
f 1955 1991 1990
f 1944 1992 1956
f 1944 1978 1992
f 1918 1919 1993
f 1918 1993 1933
f 1919 1923 1994
f 1919 1994 1993
f 1907 1995 1934
f 1907 1935 1995
f 1923 1922 1996
f 1923 1997 1994
f 1923 1996 1997
f 1922 1925 1998
f 1922 1998 1996
f 1925 1937 1998
f 1950 1969 1999
f 1950 1999 1979
f 1968 2000 1969
f 1968 1983 2001
f 1968 2001 2000
f 1832 2002 1831
f 1832 1982 2003
f 1832 2003 2002
f 1772 1850 2004
f 1772 2004 1779
f 1806 2005 1805
f 1806 1984 2005
f 1797 1953 2006
f 1797 2006 1986
f 1975 2007 1974
f 1975 1990 2008
f 1975 2008 2007
f 1974 2007 2009
f 1974 2009 1977
f 1956 2010 1991
f 1956 1992 2010
f 1834 2011 1835
f 1834 1976 2011
f 1835 2012 1836
f 1835 2011 2012
f 1836 2013 1837
f 1836 2012 2013
f 1807 2014 1808
f 1807 1946 2014
f 1933 2015 1978
f 1933 1993 2015
f 1837 2016 1838
f 1837 2013 2016
f 1838 2017 1905
f 1838 2016 2017
f 1865 1960 2018
f 1865 2018 1913
f 1867 1866 2019
f 1867 2020 1921
f 1867 2019 2020
f 1869 2021 1868
f 1869 1924 2022
f 1869 2022 2021
f 1870 2023 1965
f 1870 1914 2023
f 1842 2024 1841
f 1842 1909 2025
f 1842 2025 2024
f 1841 2026 1843
f 1841 2024 2026
f 1937 2027 1998
f 1937 1979 2027
f 1815 1816 2028
f 1815 2028 1947
f 1843 2029 1844
f 1843 2026 2029
f 1844 2030 1845
f 1844 2029 2030
f 1845 2030 1982
f 1969 2000 2031
f 1969 2031 1999
f 1980 2032 1983
f 1980 2033 2032
f 1980 1981 2033
f 1983 2034 2001
f 1983 2032 2034
f 1805 2035 1970
f 1805 2005 2035
f 1829 1833 2036
f 1829 2036 1988
f 1990 2037 2008
f 1990 1991 2038
f 1990 2038 2037
f 1599 2039 1631
f 1599 1871 2039
f 1945 1957 2040
f 1945 2040 1959
f 1934 1995 1960
f 1935 1965 1995
f 1948 2041 1967
f 1948 1966 2041
f 1600 1632 2042
f 1600 2042 1889
f 2001 2043 2000
f 2001 2034 2044
f 2001 2044 2043
f 1831 2045 1846
f 1831 2002 2045
f 2008 2046 2007
f 2008 2037 2047
f 2008 2047 2046
f 2007 2046 2048
f 2007 2048 2009
f 1991 2049 2038
f 1991 2010 2049
f 1957 1977 2050
f 1957 2050 2040
f 1978 2051 1992
f 1978 2015 2051
f 1993 1994 2052
f 1993 2053 2015
f 1993 2054 2053
f 1993 2052 2054
f 1866 1905 2055
f 1866 2055 2019
f 1994 1997 2056
f 1994 2056 2052
f 1996 1998 2057
f 1996 2058 1997
f 1996 2057 2058
f 1868 2059 1909
f 1868 2021 2059
f 1998 2027 2060
f 1998 2060 2061
f 1998 2061 2057
f 1979 2062 2027
f 1979 1999 2062
f 1967 2063 1981
f 1967 2041 2063
f 2000 2043 2064
f 2000 2064 2031
f 2032 2065 2034
f 2032 2066 2065
f 2032 2033 2066
f 2034 2067 2044
f 2034 2065 2067
f 2037 2038 2068
f 2037 2069 2047
f 2037 2068 2069
f 1977 2009 2070
f 1977 2070 2050
f 1992 2071 2010
f 1992 2051 2071
f 2015 2072 2051
f 2015 2073 2072
f 2015 2053 2073
f 1921 2074 1920
f 1921 2020 2074
f 1920 2074 1924
f 1997 2075 2056
f 1997 2058 2076
f 1997 2077 2075
f 1997 2076 2077
f 1924 2074 2022
f 2027 2062 2078
f 2027 2078 2079
f 2027 2079 2060
f 1999 2080 2062
f 1999 2031 2080
f 1981 2081 2033
f 1981 2063 2081
f 2044 2082 2043
f 2044 2083 2082
f 2044 2067 2083
f 1788 2084 1776
f 1788 1973 2084
f 1833 1847 2085
f 1833 2085 2036
f 2046 2047 2086
f 2046 2087 2048
f 2046 2086 2087
f 2038 2088 2068
f 2038 2049 2088
f 1960 1995 2089
f 1960 2089 2018
f 1965 2090 1995
f 1965 2023 2090
f 2043 2082 2091
f 2043 2091 2064
f 2065 2092 2067
f 2065 2066 2093
f 2065 2093 2092
f 1846 2094 1850
f 1846 2045 2094
f 1789 1779 2095
f 1789 2095 1985
f 1851 1817 2096
f 1851 2096 1954
f 2009 2048 2097
f 2009 2097 2070
f 2010 2071 2098
f 2010 2098 2049
f 2051 2099 2071
f 2051 2100 2099
f 2051 2072 2100
f 1913 2018 2101
f 1913 2101 1946
f 1905 2017 2055
f 1909 2059 2025
f 1914 2102 2023
f 1914 1947 2102
f 2062 2080 2103
f 2062 2104 2078
f 2062 2103 2104
f 2031 2105 2080
f 2031 2064 2105
f 2033 2106 2066
f 2033 2081 2106
f 1855 2107 1826
f 1855 1971 2107
f 1817 1777 2108
f 1817 2108 2096
f 2047 2069 2109
f 2047 2109 2086
f 2068 2110 2069
f 2068 2088 2111
f 2068 2111 2110
f 2071 2112 2098
f 2071 2099 2112
f 1995 2113 2089
f 1995 2090 2113
f 2080 2105 2114
f 2080 2114 2103
f 2082 2083 2115
f 2082 2116 2091
f 2082 2115 2116
f 2067 2117 2083
f 2067 2092 2117
f 1826 2118 1778
f 1826 2107 2118
f 1777 1697 2108
f 2069 2110 2119
f 2069 2119 2109
f 2048 2087 2120
f 2048 2120 2097
f 2049 2121 2088
f 2049 2098 2121
f 2064 2122 2105
f 2064 2091 2122
f 2066 2123 2093
f 2066 2106 2123
f 2083 2124 2115
f 2083 2117 2124
f 1778 2118 1698
f 1847 1987 2085
f 2086 2125 2087
f 2086 2109 2126
f 2086 2126 2125
f 1631 2127 1697
f 1631 2039 2127
f 2088 2121 2128
f 2088 2128 2111
f 2098 2129 2121
f 2098 2112 2129
f 2020 2019 2130
f 2020 2130 2074
f 2022 2131 2021
f 2022 2074 2131
f 2105 2122 2132
f 2105 2132 2114
f 1632 1698 2133
f 1632 2133 2042
f 2091 2134 2122
f 2091 2116 2134
f 2092 2093 2135
f 2092 2136 2117
f 2092 2135 2136
f 1850 2094 2004
f 2110 2111 2137
f 2110 2138 2119
f 2110 2137 2138
f 2087 2125 2139
f 2087 2139 2120
f 2121 2140 2128
f 2121 2129 2140
f 2018 2089 2141
f 2018 2141 2101
f 2023 2142 2090
f 2023 2102 2142
f 2122 2134 2143
f 2122 2143 2132
f 2093 2144 2135
f 2093 2123 2144
f 2115 2145 2116
f 2115 2124 2146
f 2115 2146 2145
f 2111 2128 2147
f 2111 2147 2137
f 1808 2014 2148
f 1808 2148 1871
f 2089 2113 2141
f 2090 2142 2113
f 1816 2149 2028
f 1816 1889 2149
f 2116 2150 2134
f 2116 2145 2150
f 2109 2119 2151
f 2109 2151 2126
f 2128 2152 2147
f 2128 2140 2153
f 2128 2153 2152
f 1946 2101 2154
f 1946 2154 2014
f 1947 2155 2102
f 1947 2028 2155
f 2134 2150 2156
f 2134 2157 2143
f 2134 2156 2157
f 2117 2158 2124
f 2117 2136 2158
f 2119 2138 2159
f 2119 2159 2151
f 2056 2160 2052
f 2056 2075 2160
f 2019 2055 2130
f 2021 2131 2059
f 2058 2057 2161
f 2058 2161 2076
f 2124 2162 2146
f 2124 2158 2162
f 2126 2163 2125
f 2126 2151 2164
f 2126 2164 2163
f 2138 2137 2165
f 2138 2165 2159
f 2137 2147 2166
f 2137 2166 2165
f 2147 2152 2166
f 2150 2145 2167
f 2150 2167 2156
f 2145 2146 2168
f 2145 2168 2167
f 2136 2135 2169
f 2136 2170 2158
f 2136 2169 2170
f 2146 2162 2168
f 2125 2163 2139
f 2074 2130 2171
f 2074 2171 2131
f 2077 2172 2075
f 2077 2076 2173
f 2077 2174 2172
f 2077 2173 2174
f 2135 2144 2169
f 1776 2175 1987
f 1776 2084 2175
f 1976 1989 2176
f 1976 2176 2011
f 2101 2141 2177
f 2101 2177 2154
f 2113 2178 2141
f 2113 2142 2178
f 2102 2179 2142
f 2102 2155 2179
f 1982 2030 2180
f 1982 2180 2003
f 1779 2004 2181
f 1779 2181 2095
f 1697 2127 2182
f 1697 2182 2108
f 1989 1988 2183
f 1989 2183 2176
f 2011 2184 2012
f 2011 2176 2184
f 2012 2185 2013
f 2012 2184 2185
f 2013 2186 2016
f 2013 2185 2186
f 2016 2187 2017
f 2016 2186 2187
f 2017 2188 2055
f 2017 2187 2188
f 2055 2189 2130
f 2055 2188 2189
f 2141 2178 2177
f 2142 2179 2178
f 2059 2190 2025
f 2059 2131 2191
f 2059 2191 2190
f 2025 2192 2024
f 2025 2190 2192
f 2024 2193 2026
f 2024 2192 2193
f 2026 2194 2029
f 2026 2193 2194
f 2029 2195 2030
f 2029 2194 2195
f 2030 2195 2180
f 2003 2196 2002
f 2003 2180 2196
f 1698 2197 2133
f 1698 2118 2197
f 1988 2036 2198
f 1988 2198 2183
f 2099 2199 2112
f 2099 2100 2199
f 2072 2200 2100
f 2072 2073 2200
f 2078 2104 2201
f 2078 2201 2079
f 2103 2114 2202
f 2103 2202 2104
f 2002 2203 2045
f 2002 2196 2203
f 2053 2054 2204
f 2053 2204 2073
f 2014 2154 2205
f 2014 2205 2148
f 2028 2206 2155
f 2028 2149 2206
f 2060 2207 2061
f 2060 2079 2207
f 2052 2208 2054
f 2052 2160 2208
f 2057 2061 2209
f 2057 2209 2161
f 2036 2085 2210
f 2036 2210 2198
f 2075 2172 2211
f 2075 2211 2160
f 2076 2212 2173
f 2076 2161 2212
f 2045 2213 2094
f 2045 2203 2213
f 1871 2214 2039
f 1871 2148 2215
f 1871 2215 2214
f 2174 2216 2172
f 2174 2173 2217
f 2174 2218 2216
f 2174 2217 2218
f 1889 2042 2219
f 1889 2220 2149
f 1889 2219 2220
f 2154 2177 2221
f 2154 2221 2205
f 2177 2178 2222
f 2177 2222 2221
f 1961 2223 1963
f 1961 1958 2224
f 1961 2224 2223
f 2178 2179 2225
f 2178 2226 2222
f 2178 2225 2226
f 1963 2227 1962
f 1963 2223 2228
f 1963 2228 2227
f 1962 2229 1964
f 1962 2227 2229
f 2179 2155 2230
f 2179 2230 2225
f 2155 2206 2230
f 1953 1954 2231
f 1953 2232 2006
f 1953 2231 2232
f 2039 2214 2127
f 2112 2233 2129
f 2112 2199 2233
f 1958 1959 2234
f 1958 2234 2224
f 1964 2235 1966
f 1964 2229 2235
f 2114 2132 2236
f 2114 2236 2202
f 2042 2133 2219
f 1970 2237 1971
f 1970 2035 2238
f 1970 2238 2237
f 1954 2096 2239
f 1954 2239 2231
f 1959 2040 2234
f 1966 2235 2041
f 1971 2240 2107
f 1971 2237 2240
f 2085 1987 2241
f 2085 2241 2210
f 2151 2159 2242
f 2151 2242 2164
f 2159 2165 2243
f 2159 2243 2242
f 2130 2244 2171
f 2130 2189 2244
f 2131 2171 2244
f 2131 2244 2191
f 2158 2245 2162
f 2158 2170 2245
f 2162 2246 2168
f 2162 2245 2246
f 2094 2247 2004
f 2094 2213 2247
f 2129 2248 2140
f 2129 2233 2248
f 2040 2050 2249
f 2040 2249 2234
f 2041 2250 2063
f 2041 2235 2250
f 2132 2143 2251
f 2132 2251 2236
f 2096 2108 2252
f 2096 2252 2239
f 2165 2166 2253
f 2165 2253 2243
f 2127 2254 2182
f 2127 2214 2254
f 2054 2208 2255
f 2054 2255 2204
f 2061 2256 2209
f 2061 2207 2256
f 2133 2197 2257
f 2133 2257 2219
f 2168 2258 2167
f 2168 2246 2258
f 2107 2259 2118
f 2107 2240 2259
f 2164 2242 2260
f 2164 2260 2163
f 2050 2070 2261
f 2050 2261 2249
f 2100 2262 2199
f 2100 2200 2262
f 2172 2263 2211
f 2172 2216 2263
f 2173 2212 2264
f 2173 2264 2217
f 2063 2265 2081
f 2063 2250 2265
f 2104 2202 2266
f 2104 2266 2201
f 2170 2169 2267
f 2170 2267 2245
f 1987 2268 2241
f 1987 2175 2268
f 2108 2182 2269
f 2108 2269 2252
f 2166 2152 2270
f 2166 2270 2253
f 2140 2271 2153
f 2140 2248 2271
f 2143 2157 2272
f 2143 2272 2251
f 2167 2273 2156
f 2167 2258 2273
f 2118 2274 2197
f 2118 2259 2274
f 2004 2247 2275
f 2004 2275 2181
f 2070 2097 2276
f 2070 2276 2261
f 2148 2205 2277
f 2148 2277 2215
f 2149 2278 2206
f 2149 2220 2278
f 2081 2279 2106
f 2081 2265 2279
f 2152 2280 2270
f 2152 2153 2280
f 2183 2281 2176
f 2183 2198 2282
f 2183 2282 2281
f 2176 2283 2184
f 2176 2281 2283
f 2184 2284 2185
f 2184 2283 2284
f 2185 2285 2186
f 2185 2284 2285
f 2186 2286 2187
f 2186 2285 2286
f 2187 2287 2188
f 2187 2286 2287
f 2188 2288 2189
f 2188 2287 2288
f 2190 2289 2192
f 2190 2191 2290
f 2190 2290 2289
f 2192 2291 2193
f 2192 2289 2291
f 2193 2292 2194
f 2193 2291 2292
f 2194 2293 2195
f 2194 2292 2293
f 2195 2294 2180
f 2195 2293 2294
f 2180 2295 2196
f 2180 2294 2295
f 2196 2296 2203
f 2196 2295 2296
f 2156 2297 2157
f 2156 2273 2297
f 2097 2120 2298
f 2097 2298 2276
f 2205 2221 2299
f 2205 2299 2277
f 2221 2222 2300
f 2221 2300 2299
f 2230 2206 2301
f 2230 2302 2225
f 2230 2301 2302
f 2206 2278 2301
f 2106 2303 2123
f 2106 2279 2303
f 1973 1972 2304
f 1973 2305 2084
f 1973 2304 2305
f 2198 2210 2306
f 2198 2306 2282
f 2203 2307 2213
f 2203 2296 2307
f 1985 2308 1984
f 1985 2095 2309
f 1985 2309 2308
f 1972 1986 2304
f 1986 2006 2304
f 2006 2310 2304
f 2006 2232 2310
f 2182 2254 2311
f 2182 2311 2269
f 2160 2211 2312
f 2160 2312 2208
f 2161 2313 2212
f 2161 2209 2313
f 2197 2314 2257
f 2197 2274 2314
f 2035 2005 2308
f 2035 2315 2238
f 2035 2308 2315
f 1984 2308 2005
f 2120 2139 2316
f 2120 2316 2298
f 2073 2317 2200
f 2073 2204 2317
f 2222 2226 2318
f 2222 2318 2300
f 2226 2225 2318
f 2225 2302 2318
f 2079 2201 2319
f 2079 2319 2207
f 2123 2320 2144
f 2123 2303 2320
f 2210 2241 2321
f 2210 2321 2306
f 2189 2288 2244
f 2191 2244 2290
f 2213 2322 2247
f 2213 2307 2322
f 2139 2163 2323
f 2139 2323 2316
f 2199 2324 2233
f 2199 2262 2324
f 2214 2215 2325
f 2214 2326 2254
f 2214 2325 2326
f 2202 2236 2327
f 2202 2327 2266
f 2144 2328 2169
f 2144 2320 2328
f 2242 2243 2329
f 2242 2329 2260
f 2243 2253 2330
f 2243 2330 2329
f 2163 2260 2331
f 2163 2331 2323
f 2169 2332 2267
f 2169 2328 2332
f 2245 2333 2246
f 2245 2267 2333
f 2246 2334 2258
f 2246 2333 2334
f 2241 2268 2321
f 2247 2322 2275
f 2253 2270 2335
f 2253 2335 2330
f 2258 2336 2273
f 2258 2334 2336
f 2260 2329 2337
f 2260 2337 2331
f 2200 2338 2262
f 2200 2317 2338
f 2201 2266 2339
f 2201 2339 2319
f 2267 2340 2333
f 2267 2332 2340
f 2215 2277 2341
f 2215 2341 2325
f 2211 2342 2312
f 2211 2263 2342
f 2299 2343 2277
f 2299 2300 2344
f 2299 2344 2343
f 2301 2278 2345
f 2301 2346 2302
f 2301 2345 2346
f 2212 2347 2264
f 2212 2313 2347
f 2348 2349 2350
f 2348 2351 2349
f 2348 2350 2352
f 2348 2353 2351
f 2348 2354 2353
f 2348 2352 2354
f 2349 2355 2350
f 2349 2356 2355
f 2349 2351 2357
f 2349 2357 2356
f 2233 2358 2248
f 2233 2324 2358
f 2254 2359 2311
f 2254 2326 2359
f 2208 2312 2360
f 2208 2360 2255
f 2277 2343 2341
f 2244 2288 2361
f 2244 2361 2290
f 2278 2220 2362
f 2278 2362 2345
f 2209 2363 2313
f 2209 2256 2363
f 2220 2219 2364
f 2220 2364 2362
f 2257 2365 2219
f 2257 2314 2365
f 2236 2251 2366
f 2236 2366 2327
f 2367 2368 2369
f 2367 2370 2368
f 2367 2369 2371
f 2367 2371 2372
f 2367 2373 2370
f 2367 2372 2373
f 2368 2374 2369
f 2368 2370 2375
f 2368 2375 2376
f 2368 2376 2374
f 2350 2355 2377
f 2350 2377 2378
f 2350 2378 2352
f 2355 2379 2377
f 2355 2356 2379
f 2371 2369 2380
f 2371 2381 2372
f 2371 2380 2381
f 2369 2382 2380
f 2369 2374 2382
f 2353 2383 2351
f 2353 2384 2383
f 2353 2354 2384
f 2351 2383 2357
f 2385 2386 2387
f 2385 2388 2386
f 2385 2387 2389
f 2385 2390 2388
f 2385 2391 2390
f 2385 2389 2391
f 2386 2392 2387
f 2386 2393 2392
f 2386 2388 2394
f 2386 2394 2393
f 2270 2395 2335
f 2270 2280 2395
f 2153 2396 2280
f 2153 2271 2396
f 2219 2365 2364
f 2157 2397 2272
f 2157 2297 2397
f 2273 2336 2398
f 2273 2398 2297
f 2399 2400 2401
f 2399 2402 2400
f 2399 2401 2403
f 2399 2403 2404
f 2399 2405 2402
f 2399 2404 2405
f 2400 2406 2401
f 2400 2402 2407
f 2400 2407 2408
f 2400 2408 2406
f 2370 2409 2375
f 2370 2373 2409
f 2375 2409 2410
f 2375 2410 2376
f 2387 2392 2411
f 2387 2411 2389
f 2392 2412 2411
f 2392 2393 2412
f 2248 2413 2271
f 2248 2358 2413
f 2300 2318 2414
f 2300 2414 2344
f 2318 2302 2414
f 2302 2346 2414
f 2251 2272 2415
f 2251 2415 2366
f 2403 2401 2416
f 2403 2417 2404
f 2403 2416 2417
f 2401 2406 2416
f 2418 2419 2420
f 2418 2420 2421
f 2418 2422 2419
f 2418 2421 2423
f 2418 2423 2422
f 2420 2419 2424
f 2420 2384 2421
f 2420 2424 2425
f 2420 2425 2384
f 2377 2379 2426
f 2377 2427 2378
f 2377 2426 2427
f 2390 2428 2388
f 2390 2391 2429
f 2390 2429 2428
f 2388 2428 2394
f 2356 2357 2430
f 2356 2431 2379
f 2356 2430 2431
f 2282 2432 2281
f 2282 2306 2433
f 2282 2433 2432
f 2281 2434 2283
f 2281 2432 2434
f 2283 2435 2284
f 2283 2434 2435
f 2284 2436 2285
f 2284 2435 2436
f 2285 2437 2286
f 2285 2436 2437
f 2286 2438 2287
f 2286 2437 2438
f 2287 2439 2288
f 2287 2438 2439
f 2289 2440 2291
f 2289 2290 2441
f 2289 2441 2440
f 2291 2442 2292
f 2291 2440 2442
f 2292 2443 2293
f 2292 2442 2443
f 2293 2444 2294
f 2293 2443 2444
f 2294 2445 2295
f 2294 2444 2445
f 2295 2446 2296
f 2295 2445 2446
f 2296 2447 2307
f 2296 2446 2447
f 2372 2381 2448
f 2372 2449 2373
f 2372 2448 2449
f 2402 2450 2407
f 2402 2405 2450
f 2407 2450 2451
f 2407 2451 2408
f 2380 2452 2381
f 2380 2382 2453
f 2380 2453 2452
f 2454 2455 2456
f 2454 2457 2455
f 2454 2458 2459
f 2454 2410 2458
f 2454 2459 2457
f 2454 2456 2410
f 2455 2460 2456
f 2455 2457 2461
f 2455 2461 2460
f 2419 2462 2424
f 2419 2422 2463
f 2419 2463 2462
f 2421 2464 2423
f 2421 2354 2464
f 2421 2384 2354
f 2424 2465 2425
f 2424 2462 2465
f 2466 2467 2378
f 2466 2468 2467
f 2466 2378 2469
f 2466 2470 2468
f 2466 2469 2470
f 2465 2471 2425
f 2465 2472 2471
f 2465 2473 2472
f 2465 2474 2473
f 2465 2462 2474
f 2425 2471 2384
f 2475 2476 2389
f 2475 2477 2476
f 2475 2389 2411
f 2475 2478 2477
f 2475 2411 2478
f 2472 2479 2471
f 2472 2480 2479
f 2472 2473 2481
f 2472 2481 2480
f 2471 2479 2482
f 2471 2482 2384
f 2357 2383 2483
f 2357 2483 2430
f 2379 2484 2426
f 2379 2431 2484
f 2310 2485 2304
f 2310 2232 2486
f 2310 2486 2485
f 2084 2487 2175
f 2084 2305 2487
f 2239 2488 2231
f 2239 2252 2489
f 2239 2489 2488
f 2306 2321 2490
f 2306 2490 2433
f 2288 2439 2361
f 2491 2492 2216
f 2491 2493 2492
f 2491 2216 2218
f 2491 2218 2217
f 2491 2217 2494
f 2491 2494 2493
f 2290 2361 2441
f 2307 2495 2322
f 2307 2447 2495
f 2240 2237 2496
f 2240 2497 2259
f 2240 2496 2497
f 2095 2181 2498
f 2095 2498 2309
f 2315 2499 2238
f 2315 2308 2500
f 2315 2500 2499
f 2381 2452 2501
f 2381 2501 2448
f 2373 2502 2409
f 2373 2449 2502
f 2503 2504 2505
f 2503 2505 2506
f 2503 2507 2504
f 2503 2506 2508
f 2503 2508 2509
f 2503 2509 2507
f 2505 2504 2458
f 2505 2458 2410
f 2505 2510 2506
f 2505 2410 2510
f 2511 2406 2512
f 2511 2416 2406
f 2511 2512 2513
f 2511 2514 2416
f 2511 2513 2514
f 2504 2459 2458
f 2504 2515 2459
f 2504 2507 2516
f 2504 2516 2515
f 2517 2382 2518
f 2517 2519 2382
f 2517 2518 2520
f 2517 2521 2519
f 2517 2520 2521
f 2459 2515 2457
f 2456 2460 2522
f 2456 2522 2376
f 2456 2376 2410
f 2457 2523 2461
f 2457 2515 2523
f 2422 2423 2463
f 2467 2352 2378
f 2467 2468 2524
f 2467 2354 2352
f 2467 2525 2354
f 2467 2524 2525
f 2378 2427 2469
f 2476 2391 2389
f 2476 2477 2526
f 2476 2526 2391
f 2383 2384 2527
f 2383 2527 2483
f 2304 2528 2305
f 2304 2485 2528
f 2232 2231 2529
f 2232 2530 2486
f 2232 2529 2530
f 2231 2488 2529
f 2321 2268 2531
f 2321 2531 2490
f 2262 2532 2324
f 2262 2338 2532
f 2204 2533 2317
f 2204 2255 2533
f 2492 2534 2216
f 2492 2493 2535
f 2492 2535 2534
f 2494 2217 2536
f 2494 2537 2493
f 2494 2536 2537
f 2207 2319 2538
f 2207 2538 2256
f 2266 2327 2539
f 2266 2539 2339
f 2322 2540 2275
f 2322 2495 2540
f 2237 2238 2541
f 2237 2541 2496
f 2238 2499 2542
f 2238 2542 2541
f 2308 2309 2543
f 2308 2543 2500
f 2409 2544 2410
f 2409 2502 2544
f 2406 2408 2512
f 2512 2408 2545
f 2512 2545 2513
f 2382 2374 2518
f 2382 2519 2453
f 2518 2374 2376
f 2518 2546 2520
f 2518 2376 2547
f 2518 2547 2546
f 2461 2523 2460
f 2423 2464 2463
f 2468 2470 2524
f 2470 2469 2548
f 2470 2548 2524
f 2469 2427 2548
f 2477 2549 2526
f 2477 2478 2549
f 2391 2526 2429
f 2428 2550 2394
f 2428 2429 2551
f 2428 2551 2550
f 2411 2412 2552
f 2411 2552 2553
f 2411 2553 2478
f 2393 2394 2554
f 2393 2555 2412
f 2393 2554 2555
f 2268 2175 2556
f 2268 2556 2557
f 2268 2557 2531
f 2252 2269 2489
f 2216 2558 2263
f 2216 2534 2558
f 2217 2264 2559
f 2217 2559 2536
f 2259 2497 2274
f 2275 2560 2181
f 2275 2540 2561
f 2275 2561 2560
f 2404 2417 2562
f 2404 2563 2405
f 2404 2562 2563
f 2416 2564 2417
f 2416 2565 2564
f 2416 2514 2565
f 2450 2405 2566
f 2450 2567 2451
f 2450 2566 2567
f 2408 2451 2545
f 2513 2568 2514
f 2513 2545 2568
f 2519 2521 2569
f 2519 2569 2453
f 2521 2520 2546
f 2521 2546 2569
f 2460 2523 2522
f 2354 2525 2464
f 2427 2426 2570
f 2427 2571 2548
f 2427 2570 2571
f 2479 2480 2572
f 2479 2572 2482
f 2394 2550 2554
f 2412 2573 2552
f 2412 2555 2573
f 2175 2574 2556
f 2175 2487 2574
f 2181 2560 2575
f 2181 2575 2498
f 2417 2564 2576
f 2417 2576 2562
f 2405 2563 2566
f 2506 2577 2508
f 2506 2510 2577
f 2453 2578 2452
f 2453 2569 2579
f 2453 2579 2578
f 2376 2522 2547
f 2463 2464 2580
f 2463 2581 2462
f 2463 2582 2581
f 2463 2580 2582
f 2464 2525 2580
f 2474 2583 2473
f 2474 2462 2583
f 2584 2585 2586
f 2584 2583 2585
f 2584 2586 2587
f 2584 2587 2588
f 2584 2588 2589
f 2584 2589 2583
f 2473 2590 2481
f 2473 2583 2590
f 2426 2484 2591
f 2426 2591 2570
f 2480 2481 2592
f 2480 2592 2572
f 2329 2330 2593
f 2329 2593 2337
f 2330 2335 2594
f 2330 2594 2593
f 2333 2595 2334
f 2333 2340 2595
f 2334 2596 2336
f 2334 2595 2596
f 2508 2597 2509
f 2508 2577 2597
f 2452 2598 2501
f 2452 2578 2598
f 2507 2599 2516
f 2507 2509 2600
f 2507 2600 2599
f 2601 2602 2603
f 2601 2603 2599
f 2601 2604 2602
f 2601 2605 2606
f 2601 2606 2604
f 2601 2599 2605
f 2516 2599 2515
f 2522 2523 2607
f 2522 2607 2547
f 2523 2515 2608
f 2523 2608 2609
f 2523 2609 2607
f 2462 2581 2610
f 2462 2610 2583
f 2524 2548 2611
f 2524 2612 2525
f 2524 2611 2612
f 2548 2571 2611
f 2585 2613 2586
f 2585 2614 2613
f 2585 2583 2614
f 2384 2482 2615
f 2384 2615 2616
f 2384 2617 2527
f 2384 2616 2617
f 2482 2572 2615
f 2510 2410 2618
f 2510 2618 2577
f 2410 2619 2618
f 2410 2544 2620
f 2410 2620 2619
f 2603 2602 2621
f 2603 2621 2622
f 2603 2622 2599
f 2569 2546 2623
f 2569 2623 2579
f 2546 2547 2624
f 2546 2624 2623
f 2515 2599 2625
f 2515 2625 2608
f 2586 2613 2626
f 2586 2627 2587
f 2586 2626 2627
f 2429 2526 2628
f 2429 2629 2551
f 2429 2628 2629
f 2483 2630 2430
f 2483 2527 2630
f 2430 2630 2431
f 2484 2431 2631
f 2484 2631 2591
f 2431 2630 2631
f 2335 2395 2594
f 2311 2632 2269
f 2311 2359 2632
f 2312 2342 2633
f 2312 2633 2634
f 2312 2634 2635
f 2312 2635 2360
f 2263 2636 2342
f 2263 2558 2636
f 2264 2347 2637
f 2264 2637 2559
f 2313 2638 2347
f 2313 2639 2638
f 2313 2640 2639
f 2313 2363 2640
f 2314 2274 2641
f 2314 2642 2365
f 2314 2641 2642
f 2336 2596 2398
f 2448 2643 2449
f 2448 2501 2644
f 2448 2644 2643
f 2449 2643 2502
f 2501 2598 2644
f 2502 2643 2544
f 2451 2645 2545
f 2451 2567 2646
f 2451 2646 2645
f 2602 2647 2621
f 2602 2604 2648
f 2602 2648 2647
f 2614 2649 2613
f 2614 2650 2649
f 2614 2610 2650
f 2614 2583 2610
f 2613 2649 2626
f 2481 2590 2592
f 2552 2573 2651
f 2552 2651 2553
f 2337 2593 2652
f 2337 2652 2331
f 2342 2636 2633
f 2535 2493 2653
f 2535 2654 2534
f 2535 2655 2654
f 2535 2653 2656
f 2535 2656 2655
f 2493 2537 2653
f 2537 2536 2657
f 2537 2657 2658
f 2537 2659 2653
f 2537 2658 2659
f 2347 2638 2637
f 2340 2660 2595
f 2340 2332 2660
f 2564 2661 2576
f 2564 2565 2661
f 2509 2597 2600
f 2621 2662 2622
f 2621 2647 2662
f 2622 2662 2663
f 2622 2663 2625
f 2622 2625 2599
f 2650 2664 2649
f 2650 2665 2664
f 2650 2666 2665
f 2650 2610 2666
f 2612 2667 2525
f 2612 2668 2667
f 2612 2611 2669
f 2612 2669 2668
f 2525 2670 2580
f 2525 2667 2671
f 2525 2671 2670
f 2526 2549 2672
f 2526 2672 2628
f 2478 2673 2549
f 2478 2553 2674
f 2478 2674 2673
f 2588 2587 2675
f 2588 2676 2589
f 2588 2675 2676
f 2572 2677 2615
f 2572 2592 2677
f 2550 2678 2554
f 2550 2551 2678
f 2534 2654 2558
f 2536 2559 2657
f 2566 2563 2679
f 2566 2679 2567
f 2577 2618 2680
f 2577 2680 2597
f 2606 2605 2681
f 2606 2682 2604
f 2606 2681 2682
f 2514 2568 2683
f 2514 2684 2565
f 2514 2683 2684
f 2545 2685 2568
f 2545 2645 2685
f 2547 2686 2624
f 2547 2687 2686
f 2547 2607 2688
f 2547 2688 2687
f 2624 2689 2623
f 2624 2686 2690
f 2624 2690 2689
f 2663 2662 2691
f 2663 2691 2692
f 2663 2692 2693
f 2663 2693 2625
f 2581 2582 2694
f 2581 2695 2610
f 2581 2694 2695
f 2664 2696 2649
f 2664 2665 2696
f 2649 2697 2626
f 2649 2696 2697
f 2583 2589 2698
f 2583 2699 2590
f 2583 2698 2699
f 2587 2627 2675
f 2589 2676 2698
f 2570 2700 2571
f 2570 2591 2701
f 2570 2701 2700
f 2573 2555 2702
f 2573 2703 2651
f 2573 2702 2703
f 2555 2554 2678
f 2555 2678 2702
f 2305 2528 2487
f 2324 2704 2358
f 2324 2532 2704
f 2317 2705 2338
f 2317 2533 2705
f 2654 2706 2558
f 2654 2707 2706
f 2654 2655 2707
f 2657 2559 2708
f 2657 2708 2709
f 2657 2709 2658
f 2319 2339 2710
f 2319 2710 2538
f 2327 2366 2711
f 2327 2711 2539
f 2309 2498 2543
f 2562 2576 2712
f 2562 2679 2563
f 2562 2712 2679
f 2576 2661 2713
f 2576 2713 2712
f 2578 2714 2598
f 2578 2579 2715
f 2578 2715 2714
f 2605 2599 2716
f 2605 2716 2681
f 2604 2682 2648
f 2599 2600 2717
f 2599 2717 2716
f 2662 2718 2691
f 2662 2647 2719
f 2662 2719 2718
f 2691 2718 2692
f 2608 2720 2609
f 2608 2625 2721
f 2608 2721 2720
f 2665 2666 2722
f 2665 2722 2696
f 2580 2723 2582
f 2580 2670 2723
f 2667 2668 2671
f 2611 2571 2724
f 2611 2724 2669
f 2571 2700 2725
f 2571 2725 2724
f 2549 2673 2672
f 2615 2677 2616
f 2591 2631 2701
f 2276 2326 2261
f 2276 2359 2326
f 2276 2298 2359
f 2326 2325 2261
f 2261 2325 2249
f 2249 2325 2341
f 2249 2341 2234
f 2341 2224 2234
f 2341 2343 2224
f 2636 2558 2706
f 2636 2706 2633
f 2706 2726 2633
f 2706 2707 2726
f 2224 2343 2223
f 2343 2344 2223
f 2345 2362 2727
f 2345 2728 2346
f 2345 2729 2728
f 2345 2727 2729
f 2559 2637 2708
f 2637 2638 2708
f 2708 2638 2730
f 2708 2730 2709
f 2362 2364 2731
f 2362 2731 2727
f 2598 2714 2644
f 2618 2619 2680
f 2568 2685 2683
f 2579 2623 2732
f 2579 2733 2715
f 2579 2732 2733
f 2623 2689 2732
f 2686 2687 2690
f 2607 2609 2734
f 2607 2734 2688
f 2692 2735 2693
f 2692 2718 2735
f 2582 2736 2694
f 2582 2723 2736
f 2666 2610 2695
f 2666 2737 2722
f 2666 2695 2737
f 2590 2738 2592
f 2590 2699 2738
f 2553 2651 2739
f 2553 2739 2674
f 2527 2740 2630
f 2527 2617 2740
f 2592 2738 2677
f 2630 2740 2631
f 2269 2632 2741
f 2269 2742 2489
f 2269 2741 2742
f 2633 2726 2634
f 2726 2743 2634
f 2726 2744 2743
f 2726 2707 2744
f 2223 2344 2228
f 2361 2439 2745
f 2361 2745 2441
f 2653 2746 2656
f 2653 2659 2746
f 2227 2228 2346
f 2227 2346 2728
f 2227 2728 2229
f 2638 2639 2730
f 2730 2747 2709
f 2730 2639 2748
f 2730 2748 2747
f 2274 2497 2749
f 2274 2750 2641
f 2274 2749 2750
f 2643 2751 2544
f 2643 2644 2751
f 2597 2752 2600
f 2597 2680 2752
f 2544 2751 2620
f 2565 2753 2661
f 2565 2684 2753
f 2600 2752 2717
f 2693 2721 2625
f 2693 2735 2754
f 2693 2754 2721
f 2609 2755 2734
f 2609 2720 2755
f 2626 2756 2627
f 2626 2697 2756
f 2551 2757 2678
f 2551 2629 2757
f 2631 2758 2701
f 2631 2740 2758
f 2280 2759 2395
f 2280 2396 2759
f 2271 2760 2396
f 2271 2413 2760
f 2656 2761 2655
f 2656 2762 2761
f 2656 2763 2762
f 2656 2746 2763
f 2344 2414 2228
f 2414 2346 2228
f 2659 2658 2764
f 2659 2764 2765
f 2659 2766 2746
f 2659 2765 2766
f 2229 2728 2729
f 2229 2729 2727
f 2229 2727 2235
f 2365 2767 2364
f 2365 2642 2767
f 2272 2397 2768
f 2272 2768 2415
f 2297 2398 2769
f 2297 2769 2397
f 2644 2714 2770
f 2644 2770 2751
f 2567 2679 2771
f 2567 2771 2646
f 2647 2648 2772
f 2647 2772 2719
f 2722 2737 2696
f 2696 2773 2697
f 2696 2737 2773
f 2627 2774 2675
f 2627 2756 2774
f 2677 2775 2616
f 2677 2738 2775
f 2680 2619 2776
f 2680 2776 2752
f 2648 2682 2777
f 2648 2777 2772
f 2718 2754 2735
f 2718 2719 2778
f 2718 2778 2754
f 2617 2616 2775
f 2617 2758 2740
f 2617 2775 2779
f 2617 2780 2758
f 2617 2779 2781
f 2617 2782 2780
f 2617 2781 2783
f 2617 2783 2782
f 2676 2784 2698
f 2676 2675 2784
f 2701 2785 2700
f 2701 2758 2780
f 2701 2780 2785
f 2651 2703 2786
f 2651 2786 2739
f 2678 2757 2702
f 2655 2787 2707
f 2655 2761 2787
f 2658 2709 2788
f 2658 2788 2764
f 2679 2712 2771
f 2661 2789 2713
f 2661 2753 2789
f 2714 2715 2790
f 2714 2791 2770
f 2714 2790 2791
f 2681 2792 2682
f 2681 2716 2792
f 2619 2620 2776
f 2620 2751 2770
f 2620 2770 2791
f 2620 2793 2776
f 2620 2794 2793
f 2620 2791 2795
f 2620 2795 2796
f 2620 2796 2794
f 2698 2784 2699
f 2675 2774 2797
f 2675 2797 2784
f 2556 2798 2557
f 2556 2799 2798
f 2556 2574 2799
f 2557 2800 2531
f 2557 2798 2800
f 2531 2801 2490
f 2531 2800 2801
f 2490 2802 2433
f 2490 2801 2802
f 2358 2803 2413
f 2358 2704 2803
f 2433 2804 2432
f 2433 2802 2804
f 2359 2298 2632
f 2432 2805 2434
f 2432 2804 2805
f 2434 2806 2435
f 2434 2805 2806
f 2435 2807 2436
f 2435 2806 2807
f 2634 2743 2635
f 2743 2744 2808
f 2743 2809 2635
f 2743 2808 2809
f 2436 2810 2437
f 2436 2807 2810
f 2707 2787 2744
f 2437 2811 2438
f 2437 2810 2811
f 2438 2811 2439
f 2440 2812 2442
f 2440 2441 2812
f 2442 2813 2443
f 2442 2812 2813
f 2443 2814 2444
f 2443 2813 2814
f 2709 2747 2788
f 2639 2640 2748
f 2748 2815 2747
f 2748 2640 2816
f 2748 2816 2815
f 2444 2817 2445
f 2444 2814 2817
f 2445 2818 2446
f 2445 2817 2818
f 2446 2819 2447
f 2446 2818 2819
f 2447 2820 2495
f 2447 2819 2820
f 2366 2415 2821
f 2366 2821 2711
f 2495 2822 2540
f 2495 2820 2822
f 2540 2823 2561
f 2540 2822 2823
f 2561 2824 2560
f 2561 2823 2824
f 2560 2824 2825
f 2560 2825 2575
f 2682 2826 2777
f 2682 2792 2826
f 2716 2717 2792
f 2738 2699 2827
f 2738 2827 2775
f 2702 2828 2703
f 2702 2757 2828
f 2338 2829 2532
f 2338 2705 2829
f 2761 2830 2787
f 2761 2762 2831
f 2761 2831 2830
f 2439 2811 2745
f 2441 2745 2812
f 2764 2832 2765
f 2764 2788 2833
f 2764 2833 2832
f 2364 2834 2731
f 2364 2767 2834
f 2339 2539 2835
f 2339 2835 2710
f 2712 2713 2836
f 2712 2836 2771
f 2752 2776 2837
f 2752 2837 2717
f 2697 2838 2756
f 2697 2839 2838
f 2697 2773 2839
f 2669 2840 2668
f 2669 2724 2841
f 2669 2841 2840
f 2673 2842 2672
f 2673 2674 2843
f 2673 2843 2842
f 2700 2844 2725
f 2700 2785 2844
f 2485 2486 2845
f 2485 2845 2528
f 2486 2530 2846
f 2486 2846 2845
f 2593 2594 2847
f 2593 2847 2652
f 2594 2395 2848
f 2594 2848 2847
f 2744 2787 2830
f 2744 2830 2808
f 2762 2763 2849
f 2762 2849 2831
f 2746 2850 2763
f 2746 2766 2850
f 2765 2851 2766
f 2765 2832 2851
f 2788 2747 2833
f 2747 2815 2833
f 2595 2852 2596
f 2595 2660 2852
f 2596 2853 2398
f 2596 2852 2853
f 2499 2500 2854
f 2499 2855 2542
f 2499 2854 2855
f 2500 2543 2854
f 2715 2733 2856
f 2715 2856 2790
f 2683 2857 2684
f 2683 2685 2858
f 2683 2858 2857
f 2689 2859 2732
f 2689 2690 2860
f 2689 2860 2859
f 2719 2772 2861
f 2719 2861 2862
f 2719 2862 2778
f 2737 2695 2863
f 2737 2863 2864
f 2737 2864 2773
f 2694 2736 2865
f 2694 2865 2695
f 2723 2670 2866
f 2723 2866 2736
f 2699 2784 2867
f 2699 2868 2827
f 2699 2869 2868
f 2699 2867 2869
f 2672 2870 2628
f 2672 2842 2871
f 2672 2871 2870
f 2628 2872 2629
f 2628 2870 2872
f 2674 2739 2843
f 2775 2827 2779
f 2703 2828 2873
f 2703 2873 2786
f 2395 2759 2848
f 2255 2874 2533
f 2255 2360 2874
f 2763 2850 2875
f 2763 2875 2849
f 2766 2876 2850
f 2766 2851 2876
f 2256 2538 2877
f 2256 2877 2363
f 2398 2853 2769
f 2713 2878 2836
f 2713 2789 2878
f 2776 2793 2837
f 2684 2857 2753
f 2645 2879 2685
f 2645 2646 2880
f 2645 2880 2879
f 2685 2881 2858
f 2685 2879 2881
f 2717 2882 2792
f 2717 2837 2883
f 2717 2883 2884
f 2717 2884 2882
f 2734 2885 2688
f 2734 2755 2885
f 2754 2886 2721
f 2754 2887 2886
f 2754 2778 2887
f 2720 2721 2888
f 2720 2888 2755
f 2670 2671 2889
f 2670 2889 2866
f 2668 2890 2671
f 2668 2840 2890
f 2724 2725 2891
f 2724 2891 2841
f 2756 2797 2774
f 2756 2838 2797
f 2629 2892 2757
f 2629 2872 2892
f 2757 2892 2828
f 2771 2893 2646
f 2771 2836 2893
f 2646 2893 2880
f 2777 2826 2772
f 2772 2826 2861
f 2732 2894 2733
f 2732 2859 2894
f 2690 2687 2895
f 2690 2895 2860
f 2688 2896 2687
f 2688 2885 2896
f 2736 2897 2865
f 2736 2866 2897
f 2695 2898 2863
f 2695 2865 2898
f 2779 2827 2868
f 2779 2868 2781
f 2784 2797 2867
f 2298 2741 2632
f 2298 2316 2741
f 2792 2882 2826
f 2793 2883 2837
f 2793 2794 2883
f 2721 2886 2899
f 2721 2899 2888
f 2755 2900 2885
f 2755 2888 2900
f 2671 2901 2889
f 2671 2890 2901
f 2725 2844 2902
f 2725 2902 2891
f 2780 2903 2785
f 2780 2782 2903
f 2652 2847 2904
f 2652 2904 2331
f 2635 2809 2905
f 2635 2905 2360
f 2809 2808 2906
f 2809 2906 2905
f 2727 2731 2235
f 2640 2907 2816
f 2640 2363 2907
f 2816 2908 2815
f 2816 2907 2908
f 2660 2909 2852
f 2660 2332 2909
f 2791 2790 2910
f 2791 2910 2795
f 2733 2911 2856
f 2733 2894 2911
f 2687 2912 2895
f 2687 2896 2912
f 2797 2838 2913
f 2797 2913 2867
f 2739 2786 2914
f 2739 2915 2843
f 2739 2914 2915
f 2753 2916 2789
f 2753 2857 2917
f 2753 2917 2916
f 2826 2918 2861
f 2826 2882 2918
f 2783 2781 2919
f 2783 2920 2782
f 2783 2919 2920
f 2785 2921 2844
f 2785 2903 2921
f 2828 2892 2922
f 2828 2922 2873
f 2808 2830 2923
f 2808 2924 2906
f 2808 2923 2924
f 2830 2831 2923
f 2235 2731 2834
f 2235 2834 2250
f 2833 2815 2925
f 2833 2925 2832
f 2815 2908 2926
f 2815 2926 2925
f 2836 2927 2893
f 2836 2878 2927
f 2790 2856 2928
f 2790 2928 2910
f 2796 2795 2929
f 2796 2930 2794
f 2796 2929 2930
f 2838 2931 2913
f 2838 2839 2931
f 2532 2932 2704
f 2532 2829 2932
f 2539 2711 2933
f 2539 2933 2835
f 2861 2918 2934
f 2861 2934 2862
f 2869 2935 2868
f 2869 2867 2936
f 2869 2937 2935
f 2869 2936 2937
f 2868 2935 2781
f 2892 2872 2938
f 2892 2938 2922
f 2893 2927 2939
f 2893 2939 2880
f 2883 2940 2884
f 2883 2794 2940
f 2884 2941 2882
f 2884 2940 2942
f 2884 2942 2941
f 2863 2943 2864
f 2863 2944 2943
f 2863 2898 2944
f 2841 2945 2840
f 2841 2891 2945
f 2781 2935 2946
f 2781 2946 2919
f 2867 2913 2936
f 2782 2947 2903
f 2782 2920 2947
f 2844 2948 2902
f 2844 2921 2948
f 2786 2873 2914
f 2533 2949 2705
f 2533 2874 2949
f 2831 2849 2950
f 2831 2950 2923
f 2850 2951 2875
f 2850 2876 2951
f 2832 2952 2851
f 2832 2925 2952
f 2538 2710 2953
f 2538 2953 2877
f 2642 2641 2954
f 2642 2955 2767
f 2642 2954 2955
f 2496 2956 2497
f 2496 2541 2957
f 2496 2957 2956
f 2789 2916 2878
f 2856 2911 2958
f 2856 2958 2928
f 2795 2910 2959
f 2795 2959 2929
f 2882 2941 2918
f 2794 2960 2940
f 2794 2930 2960
f 2859 2860 2961
f 2859 2961 2894
f 2886 2887 2962
f 2886 2963 2899
f 2886 2962 2963
f 2864 2964 2773
f 2864 2943 2964
f 2840 2965 2890
f 2840 2945 2965
f 2842 2966 2871
f 2842 2843 2967
f 2842 2967 2966
f 2903 2947 2921
f 2529 2488 2968
f 2529 2969 2530
f 2529 2970 2969
f 2529 2968 2970
f 2489 2742 2971
f 2905 2906 2972
f 2905 2972 2360
f 2906 2924 2973
f 2906 2973 2972
f 2849 2875 2974
f 2849 2974 2950
f 2875 2951 2974
f 2876 2851 2975
f 2876 2975 2951
f 2851 2952 2975
f 2907 2976 2908
f 2907 2363 2976
f 2908 2977 2926
f 2908 2976 2977
f 2497 2956 2749
f 2541 2542 2978
f 2541 2978 2979
f 2541 2979 2957
f 2910 2928 2959
f 2858 2881 2980
f 2858 2981 2857
f 2858 2980 2981
f 2860 2895 2982
f 2860 2982 2961
f 2887 2778 2983
f 2887 2983 2962
f 2865 2897 2984
f 2865 2985 2898
f 2865 2984 2985
f 2866 2984 2897
f 2866 2889 2986
f 2866 2986 2984
f 2773 2987 2839
f 2773 2964 2987
f 2937 2988 2935
f 2937 2936 2989
f 2937 2989 2990
f 2937 2990 2988
f 2913 2931 2936
f 2871 2902 2870
f 2871 2966 2902
f 2872 2870 2948
f 2872 2991 2938
f 2872 2948 2991
f 2922 2992 2873
f 2922 2938 2993
f 2922 2993 2992
f 2873 2992 2914
f 2396 2994 2759
f 2396 2760 2994
f 2641 2750 2954
f 2397 2769 2995
f 2397 2995 2768
f 2927 2878 2996
f 2927 2997 2939
f 2927 2996 2997
f 2878 2916 2996
f 2880 2958 2879
f 2880 2939 2998
f 2880 2998 2958
f 2881 2879 2911
f 2881 2911 2980
f 2918 2941 2934
f 2942 2940 2999
f 2942 3000 2941
f 2942 2999 3001
f 2942 3001 3000
f 2778 2862 3002
f 2778 3002 2983
f 2885 3003 2896
f 2885 2900 3004
f 2885 3004 3003
f 2888 2899 3005
f 2888 3004 2900
f 2888 3005 3004
f 2943 2944 3006
f 2943 3006 2964
f 2898 3007 2944
f 2898 2985 3007
f 2889 2901 2986
f 2890 3008 2901
f 2890 2965 3008
f 2935 2988 2946
f 2870 2902 2948
f 2530 2969 2846
f 2799 3009 2798
f 2799 2574 3010
f 2799 3010 3009
f 2798 3011 2800
f 2798 3009 3011
f 2800 3012 2801
f 2800 3011 3012
f 2924 2923 3013
f 2924 3014 2973
f 2924 3013 3014
f 2834 2767 2250
f 2926 3015 2925
f 2926 2977 3016
f 2926 3016 3015
f 2823 3017 2824
f 2823 2822 3018
f 2823 3018 3017
f 2824 3019 2825
f 2824 3017 3019
f 2825 3020 2575
f 2825 3019 3020
f 2542 2855 2978
f 2879 2958 2911
f 2940 2960 2999
f 2895 2912 3021
f 2895 3021 2982
f 2896 3003 2912
f 2899 2963 3022
f 2899 3022 3005
f 2962 3023 2963
f 2962 2983 3023
f 2944 3007 3006
f 2938 2991 3024
f 2938 3024 2993
f 2528 3025 2487
f 2528 2845 3026
f 2528 3026 3025
f 2487 3025 2574
f 2574 3027 3010
f 2574 3025 3027
f 2847 2848 3028
f 2847 3028 2904
f 2848 2759 3029
f 2848 3029 3028
f 2413 3030 2760
f 2413 2803 3030
f 2801 3031 2802
f 2801 3012 3031
f 2802 3032 2804
f 2802 3031 3032
f 2804 3033 2805
f 2804 3032 3033
f 2805 3034 2806
f 2805 3033 3034
f 2806 3035 2807
f 2806 3034 3035
f 2923 2950 3013
f 2807 3036 2810
f 2807 3035 3036
f 2810 3037 2811
f 2810 3036 3037
f 2811 3038 2745
f 2811 3037 3038
f 2745 3038 2812
f 2812 3039 2813
f 2812 3038 3039
f 2813 3040 2814
f 2813 3039 3040
f 2814 3041 2817
f 2814 3040 3041
f 2925 3015 2952
f 2817 3042 2818
f 2817 3041 3042
f 2818 3043 2819
f 2818 3042 3043
f 2819 3044 2820
f 2819 3043 3044
f 2820 3045 2822
f 2820 3044 3045
f 2822 3045 3018
f 2415 3046 2821
f 2415 2768 3046
f 2852 3047 2853
f 2852 2909 3047
f 2853 3048 2769
f 2853 3047 3048
f 2575 3049 2498
f 2575 3020 3050
f 2575 3050 3049
f 2498 3049 2543
f 2543 3051 2854
f 2543 3049 3051
f 2939 3052 2998
f 2939 2997 3052
f 2963 3023 3022
f 2936 2931 2989
f 2843 3053 2967
f 2843 2915 3053
f 3054 3055 3056
f 3054 3057 3055
f 3054 3056 3058
f 3054 3059 3057
f 3054 3058 3059
f 3055 3060 3056
f 3055 3061 3060
f 3055 3057 3061
f 2759 2994 3029
f 2704 3062 2803
f 2704 2932 3062
f 2711 3063 2933
f 2711 2821 3063
f 2769 3048 2995
f 3064 3065 3066
f 3064 3066 3067
f 3064 3068 3065
f 3064 3067 3069
f 3064 3069 3068
f 3066 3065 3070
f 3066 3070 3071
f 3066 3071 3067
f 2857 2981 3072
f 2857 3072 2917
f 2941 3000 2934
f 2839 3073 2931
f 2839 3074 3073
f 2839 2987 3074
f 3056 3060 3075
f 3056 3076 3058
f 3056 3075 3077
f 3056 3077 3076
f 3059 3078 3057
f 3059 3058 3079
f 3059 3079 3078
f 3060 3061 3080
f 3060 3080 3075
f 3057 3081 3061
f 3057 3078 3081
f 2705 3082 2829
f 2705 2949 3082
f 2710 2835 3083
f 2710 3083 2953
f 3065 3084 3070
f 3065 3068 3085
f 3065 3085 3084
f 3069 3067 3086
f 3069 3087 3068
f 3069 3086 3087
f 3070 3088 3071
f 3070 3084 3088
f 3067 3071 3089
f 3067 3090 3086
f 3067 3089 3090
f 2862 2934 3091
f 2862 3091 3092
f 2862 3092 3002
f 2984 3093 2985
f 2984 2986 3093
f 2985 3094 3007
f 2985 3095 3094
f 2985 3093 3095
f 3007 3094 3006
f 2931 3073 2989
f 2934 3000 3091
f 3022 3096 3005
f 3022 3023 3096
f 3005 3097 3004
f 3005 3096 3098
f 3005 3098 3097
f 3004 3097 3003
f 3006 3099 2964
f 3006 3094 3099
f 3058 3076 3100
f 3058 3100 3079
f 2846 3101 2845
f 2846 2969 3101
f 3061 3102 3080
f 3061 3081 3102
f 2904 3028 3103
f 2904 3103 2331
f 2972 2973 3104
f 2972 3105 2360
f 2972 3104 3105
f 2973 3014 3106
f 2973 3106 3104
f 2976 3107 2977
f 2976 2363 3108
f 2976 3108 3107
f 2977 3109 3016
f 2977 3107 3109
f 2909 3110 3047
f 2909 2332 3110
f 3068 3087 3111
f 3068 3111 3085
f 2855 2854 3112
f 2855 3112 2978
f 3071 3113 3089
f 3071 3088 3113
f 3023 2983 3114
f 3023 3114 3096
f 2986 2901 3115
f 2986 3116 3093
f 2986 3115 3116
f 2945 3117 2965
f 2945 2891 3118
f 2945 3118 3117
f 2902 2966 2891
f 2845 3119 3026
f 2845 3101 3119
f 3075 3080 3120
f 3075 3121 3077
f 3075 3120 3121
f 3080 3122 3120
f 3080 3102 3122
f 2360 3105 2874
f 2363 2877 3108
f 3087 3086 3123
f 3087 3123 3124
f 3087 3124 3111
f 3086 3090 3125
f 3086 3125 3123
f 2854 3051 3126
f 2854 3126 3112
f 2911 2894 2980
f 2961 3127 2894
f 2961 2982 3128
f 2961 3128 3127
f 3003 3129 2912
f 3003 3097 3130
f 3003 3130 3129
f 2964 3099 3131
f 2964 3131 2987
f 2901 3008 3115
f 2965 3117 3008
f 2891 2966 3118
f 2919 2946 2920
f 2921 2991 2948
f 2921 2947 3132
f 2921 3132 2991
f 3076 3077 3133
f 3076 3133 3134
f 3076 3134 3100
f 3077 3121 3133
f 2951 3135 2974
f 2951 2975 3136
f 2951 3137 3135
f 2951 3136 3137
f 3090 3089 3138
f 3090 3138 3125
f 3089 3139 3138
f 3089 3113 3139
f 2928 2958 2998
f 2928 2998 3140
f 2928 3140 2959
f 2930 2929 2960
f 2894 3127 2980
f 2912 3129 3021
f 2982 3021 3128
f 2983 3141 3114
f 2983 3002 3141
f 2990 2989 3142
f 2990 3142 2988
f 2966 2967 3143
f 2966 3143 3118
f 2946 2988 3144
f 2946 3144 2920
f 3120 3145 3121
f 3120 3122 3145
f 3014 3013 3146
f 3014 3147 3106
f 3014 3146 3147
f 2950 3146 3013
f 2950 2974 3148
f 2950 3148 3146
f 2952 3015 3149
f 2952 3150 2975
f 2952 3149 3150
f 3016 3149 3015
f 3016 3109 3151
f 3016 3151 3149
f 3123 3125 3152
f 3123 3152 3124
f 2960 2929 3153
f 2960 3153 2999
f 2980 3154 2981
f 2980 3127 3154
f 3001 2999 3155
f 3001 3155 3000
f 3094 3156 3099
f 3094 3095 3156
f 3096 3114 3157
f 3096 3157 3098
f 3099 3156 3131
f 2989 3073 3158
f 2989 3158 3142
f 2988 3142 3144
f 2920 3132 2947
f 2920 3144 3132
f 2991 3132 3024
f 3133 3121 3159
f 3133 3159 3134
f 3078 3160 3081
f 3078 3079 3161
f 3078 3161 3160
f 3121 3145 3159
f 3081 3162 3102
f 3081 3160 3162
f 2829 3163 2932
f 2829 3082 3163
f 2974 3135 3164
f 2974 3165 3148
f 2974 3166 3165
f 2974 3164 3166
f 2975 3167 3136
f 2975 3150 3168
f 2975 3168 3169
f 2975 3169 3167
f 2767 2265 2250
f 2767 2955 2265
f 2835 2933 3170
f 2835 3170 3083
f 3085 3171 3084
f 3085 3111 3172
f 3085 3172 3171
f 3125 3138 3173
f 3125 3173 3152
f 3084 3174 3088
f 3084 3171 3174
f 3138 3139 3173
f 2998 3052 3140
f 2959 3140 2929
f 2929 3140 3153
f 2999 3153 3155
f 3000 3175 3091
f 3000 3155 3175
f 3114 3141 3157
f 2967 3053 3143
f 2981 3154 3072
f 3079 3100 3176
f 3079 3176 3161
f 3102 3177 3122
f 3102 3162 3177
f 3111 3124 3178
f 3111 3178 3172
f 3088 3179 3113
f 3088 3174 3179
f 3073 3074 3180
f 3073 3181 3158
f 3073 3180 3181
f 3024 3132 2993
f 2969 2970 3182
f 2969 3182 3101
f 2970 2968 3183
f 2970 3183 3182
f 2979 2978 3184
f 2979 3185 2957
f 2979 3184 3185
f 2978 3112 3184
f 3052 2997 3140
f 3091 3186 3092
f 3091 3175 3187
f 3091 3187 3186
f 3074 2987 3188
f 3074 3188 3180
f 3122 3189 3145
f 3122 3177 3189
f 3010 3190 3009
f 3010 3027 3191
f 3010 3191 3190
f 3009 3192 3011
f 3009 3190 3192
f 2874 3193 2949
f 2874 3105 3193
f 2877 2953 3194
f 2877 3194 3108
f 3019 3195 3020
f 3019 3017 3196
f 3019 3196 3195
f 3020 3197 3050
f 3020 3195 3197
f 3124 3152 3198
f 3124 3198 3178
f 3092 3199 3002
f 3092 3186 3199
f 2987 3131 3200
f 2987 3200 3188
f 3008 3117 3201
f 3008 3201 3115
f 3100 3134 3202
f 3100 3202 3176
f 3025 3203 3027
f 3025 3026 3203
f 3145 3204 3159
f 3145 3189 3204
f 3027 3203 3205
f 3027 3205 3191
f 3011 3206 3012
f 3011 3192 3206
f 3012 3207 3031
f 3012 3206 3207
f 3018 3208 3017
f 3018 3045 3209
f 3018 3209 3208
f 3017 3208 3196
f 3050 3210 3049
f 3050 3211 3210
f 3050 3197 3211
f 3152 3173 3212
f 3152 3212 3198
f 3049 3210 3051
f 3113 3213 3139
f 3113 3179 3213
f 3021 3214 3128
f 3021 3129 3214
f 3002 3215 3141
f 3002 3199 3215
f 2993 3216 2992
f 2993 3132 3217
f 2993 3217 3216
f 2992 3216 2914
f 3119 3218 3026
f 3119 3101 3218
f 3026 3219 3203
f 3026 3218 3219
f 3101 3182 3220
f 3101 3220 3218
f 3159 3221 3134
f 3159 3204 3221
f 3028 3029 3222
f 3028 3222 3103
f 3029 2994 3223
f 3029 3223 3222
f 2742 2741 3224
f 2742 3225 2971
f 2742 3224 3225
f 3031 3226 3032
f 3031 3207 3226
f 3032 3227 3033
f 3032 3226 3227
f 3033 3228 3034
f 3033 3227 3228
f 3034 3229 3035
f 3034 3228 3229
f 3035 3230 3036
f 3035 3229 3230
f 3036 3231 3037
f 3036 3230 3231
f 3037 3232 3038
f 3037 3231 3232
f 3038 3232 3039
f 3039 3233 3040
f 3039 3232 3233
f 3040 3234 3041
f 3040 3233 3234
f 3041 3235 3042
f 3041 3234 3235
f 3042 3236 3043
f 3042 3235 3236
f 3043 3237 3044
f 3043 3236 3237
f 3044 3238 3045
f 3044 3237 3238
f 3045 3238 3209
f 2749 3239 2750
f 2749 2956 3240
f 2749 3240 3239
f 3047 3241 3048
f 3047 3110 3241
f 3048 3242 2995
f 3048 3241 3242
f 3173 3139 3243
f 3173 3243 3212
f 3051 3244 3126
f 3051 3210 3245
f 3051 3245 3244
f 3112 3126 3244
f 3112 3246 3184
f 3112 3244 3246
f 2996 3247 2997
f 2996 2916 3247
f 2997 3248 3140
f 2997 3247 3248
f 3131 3156 3249
f 3131 3249 3200
f 3093 3250 3095
f 3093 3116 3250
f 3095 3249 3156
f 3095 3250 3249
f 3117 3118 3201
f 3118 3143 3251
f 3118 3251 3201
f 3143 3053 3251
f 3142 3252 3144
f 3142 3158 3253
f 3142 3253 3252
f 3144 3252 3132
f 2915 3254 3053
f 2915 2914 3255
f 2915 3255 3254
f 3134 3221 3202
f 2994 2760 3256
f 2994 3256 3223
f 2760 3030 3256
f 2803 3062 3257
f 2803 3257 3030
f 2932 3258 3062
f 2932 3163 3258
f 2741 2316 3259
f 2741 3259 3224
f 3104 3106 3260
f 3104 3260 3261
f 3104 3261 3105
f 3106 3147 3262
f 3106 3262 3260
f 3107 3263 3109
f 3107 3264 3263
f 3107 3108 3264
f 3109 3265 3151
f 3109 3263 3265
f 2750 3266 2954
f 2750 3239 3266
f 2933 3267 3170
f 2933 3063 3267
f 2821 3268 3063
f 2821 3046 3268
f 2768 2995 3269
f 2768 3269 3046
f 2995 3242 3269
f 3139 3213 3243
f 2917 3270 2916
f 2917 3072 3271
f 2917 3271 3270
f 3153 3272 3155
f 3153 3140 3272
f 3155 3273 3175
f 3155 3272 3273
f 3154 3127 3274
f 3154 3274 3072
f 3127 3128 3214
f 3127 3214 3274
f 3098 3275 3097
f 3098 3157 3276
f 3098 3276 3275
f 3097 3275 3130
f 3141 3276 3157
f 3141 3215 3276
f 3115 3201 3116
f 3158 3181 3253
f 3053 3277 3251
f 3053 3254 3277
f 3132 3278 3217
f 3132 3252 3278
f 2914 3216 3255
f 2316 2323 3259
f 3147 3146 3148
f 3147 3279 3262
f 3147 3148 3279
f 3149 3151 3150
f 3151 3265 3280
f 3151 3280 3150
f 3140 3248 3281
f 3140 3281 3272
f 2916 3270 3247
f 3072 3274 3282
f 3072 3282 3271
f 3175 3273 3187
f 3129 3130 3214
f 3116 3201 3283
f 3116 3283 3250
f 3160 3284 3162
f 3160 3161 3285
f 3160 3285 3284
f 2955 2279 2265
f 2955 2954 2279
f 3171 3172 3286
f 3171 3287 3174
f 3171 3286 3287
f 3130 3288 3214
f 3130 3275 3288
f 3162 3289 3177
f 3162 3284 3289
f 3103 3222 3290
f 3103 3290 2331
f 3259 2323 3291
f 3259 3291 3224
f 3110 3292 3241
f 3110 2332 3292
f 3172 3178 3293
f 3172 3293 3286
f 3161 3176 3294
f 3161 3294 3285
f 3177 3295 3189
f 3177 3289 3295
f 2949 3296 3082
f 2949 3193 3296
f 2953 3083 3297
f 2953 3297 3194
f 3178 3198 3298
f 3178 3298 3293
f 3174 3299 3179
f 3174 3287 3299
f 3189 3300 3204
f 3189 3301 3300
f 3189 3295 3301
f 3198 3212 3302
f 3198 3302 3303
f 3198 3303 3298
f 3204 3300 3221
f 2968 3304 3183
f 2968 3305 3304
f 2957 3185 3306
f 2957 3307 2956
f 2957 3306 3307
f 3212 3243 3302
f 3216 3217 3308
f 3216 3308 3255
f 3176 3202 3309
f 3176 3309 3294
f 3221 3310 3202
f 3221 3300 3310
f 3203 3219 3311
f 3203 3311 3205
f 3182 3312 3220
f 3182 3183 3312
f 3210 3313 3245
f 3210 3211 3313
f 3184 3246 3314
f 3184 3314 3185
f 3243 3213 3315
f 3243 3315 3302
f 3179 3316 3213
f 3179 3299 3316
f 3247 3317 3248
f 3247 3270 3317
f 3217 3278 3318
f 3217 3318 3308
f 3218 3220 3319
f 3218 3319 3219
f 3220 3312 3320
f 3220 3320 3319
f 3219 3319 3321
f 3219 3321 3311
f 3245 3322 3244
f 3245 3313 3323
f 3245 3323 3322
f 3244 3322 3246
f 3246 3324 3314
f 3246 3322 3324
f 3248 3325 3281
f 3248 3317 3325
f 3202 3310 3326
f 3202 3326 3309
f 3284 3285 3318
f 3284 3318 3327
f 3284 3327 3289
f 3183 3304 3312
f 3135 3137 3328
f 3135 3328 3164
f 3136 3329 3137
f 3136 3167 3329
f 3185 3314 3306
f 3286 3325 3287
f 3286 3330 3325
f 3286 3293 3330
f 3213 3331 3315
f 3213 3316 3331
f 3285 3308 3318
f 3285 3294 3308
f 3082 3332 3163
f 3082 3296 3332
f 3260 3262 3333
f 3260 3333 3334
f 3260 3334 3261
f 3262 3279 3335
f 3262 3335 3333
f 3263 3336 3265
f 3263 3337 3336
f 3263 3264 3337
f 3265 3338 3280
f 3265 3336 3338
f 3083 3170 3339
f 3083 3339 3297
f 3287 3325 3317
f 3287 3317 3299
f 3278 3327 3318
f 3278 3252 3340
f 3278 3340 3327
f 2971 3225 3341
f 2971 3341 3305
f 3279 3148 3165
f 3279 3342 3335
f 3279 3165 3342
f 3150 3280 3168
f 3280 3343 3168
f 3280 3338 3343
f 2956 3344 3240
f 2956 3307 3344
f 3281 3325 3330
f 3281 3345 3272
f 3281 3330 3345
f 3300 3326 3310
f 3300 3301 3326
f 3137 3346 3328
f 3137 3329 3346
f 2954 2303 2279
f 2954 3266 2303
f 3302 3315 3331
f 3302 3331 3303
f 3308 3347 3255
f 3308 3294 3347
f 3105 3348 3193
f 3105 3261 3348
f 3108 3194 3349
f 3108 3349 3264
f 3317 3350 3299
f 3317 3270 3350
f 3166 3351 3165
f 3166 3164 3352
f 3166 3352 3351
f 3169 3168 3353
f 3169 3354 3167
f 3169 3353 3354
f 3355 3356 3357
f 3355 3357 3358
f 3355 3359 3356
f 3355 3360 3361
f 3355 3358 3360
f 3355 3361 3359
f 3357 3356 3362
f 3357 3362 3363
f 3357 3363 3358
f 3356 3364 3362
f 3356 3359 3364
f 3362 3365 3363
f 3362 3366 3365
f 3362 3364 3366
f 3201 3251 3367
f 3201 3367 3368
f 3201 3368 3283
f 3181 3180 3369
f 3181 3370 3253
f 3181 3369 3370
f 3252 3253 3371
f 3252 3371 3340
f 3255 3347 3254
f 3294 3309 3347
f 3232 3231 3372
f 3232 3372 3233
f 3266 2320 2303
f 3266 3239 3373
f 3266 3373 2320
f 3299 3350 3316
f 3270 3271 3350
f 3272 3374 3273
f 3272 3345 3374
f 3187 3273 3375
f 3187 3376 3186
f 3187 3375 3376
f 3214 3377 3274
f 3214 3378 3377
f 3214 3288 3378
f 3180 3188 3379
f 3180 3379 3369
f 3253 3380 3371
f 3253 3370 3380
f 3289 3327 3381
f 3289 3381 3295
f 3062 3258 3382
f 3062 3382 3257
f 3206 3383 3207
f 3206 3192 3384
f 3206 3384 3383
f 3163 3332 3385
f 3163 3385 3258
f 3207 3386 3226
f 3207 3383 3386
f 3226 3387 3227
f 3226 3386 3387
f 3227 3388 3228
f 3227 3387 3388
f 3228 3389 3229
f 3228 3388 3389
f 3229 3390 3230
f 3229 3389 3390
f 3230 3391 3231
f 3230 3390 3391
f 3231 3391 3372
f 3233 3392 3234
f 3233 3372 3392
f 3234 3393 3235
f 3234 3392 3393
f 3235 3394 3236
f 3235 3393 3394
f 3236 3395 3237
f 3236 3394 3395
f 3237 3396 3238
f 3237 3395 3396
f 3238 3397 3209
f 3238 3396 3397
f 3209 3398 3208
f 3209 3397 3398
f 3170 3399 3339
f 3170 3267 3399
f 3208 3400 3196
f 3208 3398 3400
f 3063 3401 3267
f 3063 3268 3401
f 3363 3365 3402
f 3363 3403 3358
f 3363 3402 3403
f 3293 3404 3330
f 3293 3298 3404
f 3273 3374 3405
f 3273 3405 3375
f 3186 3406 3199
f 3186 3376 3406
f 3249 3407 3200
f 3249 3250 3408
f 3249 3408 3407
f 3222 3223 3409
f 3222 3409 3290
f 3223 3256 3410
f 3223 3410 3409
f 3030 3411 3256
f 3030 3257 3411
f 3192 3190 3412
f 3192 3412 3384
f 3196 3413 3195
f 3196 3400 3413
f 3046 3269 3414
f 3046 3414 3268
f 3241 3415 3242
f 3241 3292 3415
f 3242 3416 3269
f 3242 3415 3416
f 3365 3366 3417
f 3365 3418 3402
f 3365 3417 3418
f 3276 3215 3419
f 3276 3420 3275
f 3276 3419 3420
f 3188 3200 3421
f 3188 3421 3379
f 3327 3340 3381
f 3312 3422 3320
f 3312 3304 3423
f 3312 3423 3422
f 3190 3191 3424
f 3190 3424 3412
f 3256 3411 3410
f 3360 3425 3361
f 3360 3358 3426
f 3360 3426 3425
f 3269 3416 3414
f 3361 3427 3359
f 3361 3428 3427
f 3361 3429 3428
f 3361 3425 3429
f 3358 3403 3426
f 3195 3430 3197
f 3195 3413 3430
f 3359 3431 3364
f 3359 3427 3431
f 3314 3324 3432
f 3314 3433 3306
f 3314 3432 3433
f 3330 3404 3345
f 3199 3434 3215
f 3199 3406 3434
f 3200 3407 3435
f 3200 3435 3421
f 3251 3436 3367
f 3251 3277 3436
f 3319 3437 3321
f 3319 3320 3437
f 3321 3438 3311
f 3321 3437 3439
f 3321 3439 3438
f 3320 3422 3437
f 3311 3440 3205
f 3311 3438 3440
f 3205 3441 3191
f 3205 3440 3441
f 3191 3441 3424
f 2331 3290 3341
f 2331 3225 2323
f 2331 3341 3225
f 3193 3442 3296
f 3193 3348 3442
f 3194 3297 3443
f 3194 3443 3349
f 2332 3344 3292
f 2332 2328 3240
f 2332 3240 3344
f 3197 3444 3211
f 3197 3430 3444
f 3364 3445 3366
f 3364 3431 3445
f 3211 3446 3313
f 3211 3444 3446
f 3366 3447 3417
f 3366 3445 3447
f 3313 3448 3323
f 3313 3446 3448
f 3323 3449 3322
f 3323 3448 3450
f 3323 3450 3449
f 3324 3322 3449
f 3324 3449 3432
f 3274 3377 3451
f 3274 3451 3282
f 3215 3452 3419
f 3215 3434 3452
f 3250 3283 3453
f 3250 3453 3408
f 3254 3454 3277
f 3254 3347 3454
f 3333 3335 3455
f 3333 3455 3456
f 3333 3456 3334
f 3335 3342 3457
f 3335 3457 3455
f 3342 3165 3351
f 3342 3351 3458
f 3342 3458 3457
f 3168 3343 3353
f 3343 3338 3459
f 3343 3460 3353
f 3343 3459 3460
f 3336 3461 3338
f 3336 3462 3461
f 3336 3337 3462
f 3338 3461 3459
f 3271 3282 3463
f 3271 3463 3350
f 3275 3464 3288
f 3275 3420 3464
f 3407 3408 3435
f 3367 3465 3368
f 3367 3436 3465
f 3304 3466 3423
f 3304 3305 3466
f 3290 3409 3467
f 3290 3467 3341
f 3292 3468 3415
f 3292 3344 3468
f 3306 3433 3469
f 3306 3469 3307
f 3377 3378 3470
f 3377 3470 3451
f 3419 3452 3420
f 3283 3368 3471
f 3283 3471 3453
f 3368 3465 3471
f 3277 3472 3436
f 3277 3454 3472
f 3309 3473 3347
f 3309 3326 3473
f 3225 3474 2323
f 3225 3224 3474
f 2323 3474 3291
f 2328 3475 3240
f 2328 2320 3475
f 3240 3475 3239
f 3402 3418 3476
f 3402 3476 3477
f 3402 3477 3403
f 3316 3350 3478
f 3316 3478 3331
f 3282 3451 3479
f 3282 3479 3463
f 3378 3288 3480
f 3378 3480 3470
f 3288 3464 3480
f 3164 3328 3481
f 3164 3481 3352
f 3167 3482 3329
f 3167 3354 3482
f 3418 3483 3476
f 3418 3484 3483
f 3418 3417 3484
f 3408 3485 3435
f 3408 3453 3485
f 3347 3473 3454
f 3295 3486 3301
f 3295 3381 3486
f 3428 3487 3427
f 3428 3488 3487
f 3428 3489 3488
f 3428 3429 3489
f 3427 3487 3490
f 3427 3490 3431
f 3298 3303 3491
f 3298 3491 3404
f 3350 3463 3478
f 3420 3452 3492
f 3420 3492 3464
f 3224 3291 3474
f 3261 3493 3348
f 3261 3334 3493
f 3264 3349 3494
f 3264 3494 3337
f 3239 3475 3373
f 3465 3495 3471
f 3465 3496 3495
f 3465 3436 3496
f 3296 3497 3332
f 3296 3442 3497
f 3297 3339 3498
f 3297 3498 3443
f 3488 3476 3483
f 3488 3499 3476
f 3488 3483 3487
f 3488 3489 3499
f 3476 3500 3477
f 3476 3499 3500
f 3483 3501 3487
f 3483 3484 3501
f 3470 3480 3502
f 3470 3502 3503
f 3470 3503 3451
f 3326 3301 3504
f 3326 3505 3473
f 3326 3504 3505
f 3301 3486 3506
f 3301 3506 3504
f 3328 3346 3481
f 3329 3482 3346
f 3487 3507 3490
f 3487 3501 3507
f 3303 3331 3508
f 3303 3509 3491
f 3303 3508 3509
f 3331 3478 3510
f 3331 3510 3508
f 3435 3511 3421
f 3435 3485 3511
f 3373 3475 2320
f 3452 3434 3512
f 3452 3512 3492
f 3471 3513 3453
f 3471 3495 3514
f 3471 3514 3513
f 3371 3515 3340
f 3371 3380 3515
f 3340 3516 3381
f 3340 3515 3516
f 3381 3517 3486
f 3381 3516 3517
f 3458 3351 3518
f 3458 3519 3457
f 3458 3518 3520
f 3458 3520 3519
f 3351 3352 3518
f 3353 3460 3521
f 3353 3521 3354
f 3460 3459 3522
f 3460 3523 3521
f 3460 3522 3523
f 3404 3524 3345
f 3404 3491 3525
f 3404 3525 3524
f 3345 3526 3374
f 3345 3524 3526
f 3374 3526 3405
f 3480 3527 3502
f 3480 3464 3528
f 3480 3528 3527
f 3453 3529 3485
f 3453 3513 3529
f 3495 3496 3530
f 3495 3530 3514
f 3423 3531 3422
f 3423 3466 3532
f 3423 3532 3531
f 3433 3432 3533
f 3433 3534 3469
f 3433 3533 3534
f 3502 3535 3503
f 3502 3527 3535
f 3464 3492 3536
f 3464 3536 3528
f 3370 3369 3537
f 3370 3538 3380
f 3370 3537 3538
f 3437 3422 3531
f 3437 3539 3439
f 3437 3531 3539
f 3439 3540 3438
f 3439 3539 3541
f 3439 3541 3540
f 3438 3542 3440
f 3438 3540 3542
f 3455 3457 3543
f 3455 3544 3456
f 3455 3543 3544
f 3457 3519 3543
f 3461 3545 3459
f 3461 3462 3546
f 3461 3546 3545
f 3459 3545 3522
f 3448 3547 3450
f 3448 3446 3548
f 3448 3548 3547
f 3450 3549 3449
f 3450 3550 3549
f 3450 3547 3550
f 3449 3533 3432
f 3449 3549 3533
f 3375 3405 3551
f 3375 3552 3376
f 3375 3551 3552
f 3369 3379 3553
f 3369 3553 3537
f 3436 3554 3496
f 3436 3472 3554
f 3380 3555 3515
f 3380 3538 3555
f 3440 3556 3441
f 3440 3542 3556
f 3305 3557 3466
f 3305 3558 3557
f 3305 3341 3558
f 3348 3559 3442
f 3348 3493 3559
f 3349 3443 3560
f 3349 3560 3494
f 3307 3469 3561
f 3307 3561 3562
f 3307 3562 3344
f 3446 3444 3563
f 3446 3563 3548
f 3405 3526 3564
f 3405 3564 3551
f 3451 3503 3565
f 3451 3565 3479
f 3376 3566 3406
f 3376 3552 3566
f 3473 3505 3454
f 3441 3556 3424
f 3332 3497 3567
f 3332 3567 3385
f 3391 3568 3372
f 3391 3390 3569
f 3391 3569 3568
f 3372 3568 3392
f 3392 3570 3393
f 3392 3568 3570
f 3339 3571 3498
f 3339 3399 3571
f 3444 3430 3563
f 3478 3463 3510
f 3379 3421 3572
f 3379 3572 3553
f 3454 3573 3472
f 3454 3505 3573
f 3466 3557 3532
f 3258 3385 3574
f 3258 3574 3382
f 3384 3575 3383
f 3384 3412 3576
f 3384 3576 3575
f 3383 3577 3386
f 3383 3575 3577
f 3386 3578 3387
f 3386 3577 3578
f 3387 3579 3388
f 3387 3578 3579
f 3388 3580 3389
f 3388 3579 3580
f 3389 3581 3390
f 3389 3580 3581
f 3390 3581 3569
f 3393 3582 3394
f 3393 3570 3582
f 3394 3583 3395
f 3394 3582 3583
f 3395 3584 3396
f 3395 3583 3584
f 3396 3585 3397
f 3396 3584 3585
f 3397 3586 3398
f 3397 3585 3586
f 3398 3587 3400
f 3398 3586 3587
f 3400 3588 3413
f 3400 3587 3588
f 3267 3589 3399
f 3267 3401 3589
f 3469 3534 3561
f 3463 3479 3590
f 3463 3590 3510
f 3406 3591 3434
f 3406 3566 3591
f 3421 3511 3592
f 3421 3592 3572
f 3496 3554 3530
f 3412 3424 3593
f 3412 3593 3576
f 3413 3594 3430
f 3413 3588 3594
f 3503 3535 3565
f 3434 3595 3512
f 3434 3591 3595
f 3485 3529 3596
f 3485 3597 3511
f 3485 3596 3597
f 3514 3598 3513
f 3514 3530 3599
f 3514 3599 3598
f 3424 3556 3600
f 3424 3600 3593
f 3257 3601 3411
f 3257 3382 3601
f 3334 3602 3493
f 3334 3456 3602
f 3337 3494 3603
f 3337 3603 3462
f 3268 3414 3604
f 3268 3604 3401
f 3430 3605 3563
f 3430 3594 3605
f 3527 3528 3606
f 3527 3607 3535
f 3527 3606 3607
f 3492 3512 3608
f 3492 3609 3536
f 3492 3608 3609
f 3529 3513 3610
f 3529 3610 3596
f 3511 3597 3592
f 3513 3598 3610
f 3409 3410 3611
f 3409 3611 3467
f 3410 3411 3612
f 3410 3612 3611
f 3518 3352 3613
f 3518 3613 3520
f 3613 3352 3614
f 3613 3614 3615
f 3613 3616 3520
f 3613 3617 3616
f 3613 3615 3617
f 3614 3352 3618
f 3614 3618 3615
f 3352 3481 3619
f 3352 3619 3620
f 3352 3620 3618
f 3481 3346 3621
f 3481 3621 3619
f 3346 3482 3621
f 3482 3354 3622
f 3482 3622 3621
f 3354 3623 3624
f 3354 3624 3625
f 3354 3521 3623
f 3354 3626 3622
f 3354 3625 3626
f 3624 3623 3627
f 3624 3627 3625
f 3623 3521 3523
f 3623 3628 3627
f 3623 3629 3628
f 3623 3523 3629
f 3415 3630 3416
f 3415 3468 3630
f 3416 3631 3414
f 3416 3630 3631
f 3528 3536 3632
f 3528 3632 3606
f 3512 3595 3608
f 3536 3609 3632
f 3530 3554 3599
f 3472 3633 3554
f 3472 3573 3633
f 3411 3601 3612
f 3620 3619 3634
f 3620 3635 3618
f 3620 3634 3635
f 3619 3621 3636
f 3619 3636 3634
f 3621 3622 3636
f 3622 3626 3637
f 3622 3637 3636
f 3626 3625 3638
f 3626 3638 3637
f 3414 3631 3604
f 3479 3565 3639
f 3479 3639 3590
f 3535 3607 3565
f 3486 3640 3506
f 3486 3517 3640
f 3442 3641 3497
f 3442 3559 3641
f 3443 3498 3642
f 3443 3642 3560
f 3491 3509 3643
f 3491 3643 3525
f 3515 3644 3516
f 3515 3555 3645
f 3515 3645 3644
f 3516 3644 3517
f 3467 3611 3646
f 3467 3646 3341
f 3468 3647 3630
f 3468 3344 3647
f 3431 3648 3445
f 3431 3490 3648
f 3417 3447 3649
f 3417 3649 3484
f 3524 3650 3526
f 3524 3525 3650
f 3526 3651 3564
f 3526 3650 3651
f 3598 3599 3652
f 3598 3653 3610
f 3598 3652 3653
f 3520 3616 3519
f 3616 3617 3654
f 3616 3654 3519
f 3617 3615 3655
f 3617 3656 3654
f 3617 3655 3656
f 3615 3618 3655
f 3618 3635 3655
f 3625 3627 3657
f 3625 3657 3638
f 3627 3628 3657
f 3628 3629 3658
f 3628 3658 3659
f 3628 3659 3657
f 3629 3523 3522
f 3629 3522 3658
f 3403 3477 3660
f 3403 3660 3426
f 3445 3661 3447
f 3445 3648 3661
f 3606 3662 3607
f 3606 3632 3663
f 3606 3663 3662
f 3599 3554 3664
f 3599 3664 3652
f 3532 3665 3531
f 3532 3557 3666
f 3532 3667 3665
f 3532 3666 3667
f 3447 3661 3668
f 3447 3668 3649
f 3534 3533 3669
f 3534 3670 3561
f 3534 3671 3670
f 3534 3669 3671
f 3607 3672 3565
f 3607 3662 3672
f 3610 3653 3596
f 3554 3633 3664
f 3541 3539 3665
f 3541 3665 3540
f 3539 3531 3665
f 3493 3673 3559
f 3493 3602 3673
f 3494 3560 3674
f 3494 3674 3603
f 3490 3507 3675
f 3490 3675 3648
f 3507 3501 3499
f 3507 3499 3489
f 3507 3489 3675
f 3501 3484 3500
f 3501 3500 3499
f 3550 3669 3549
f 3550 3547 3669
f 3549 3669 3533
f 3565 3672 3639
f 3632 3609 3663
f 3505 3504 3676
f 3505 3676 3573
f 3504 3506 3677
f 3504 3677 3676
f 3506 3640 3678
f 3506 3678 3677
f 3540 3679 3542
f 3540 3665 3680
f 3540 3680 3679
f 3542 3679 3556
f 3477 3500 3681
f 3477 3681 3660
f 3548 3682 3547
f 3548 3563 3682
f 3484 3649 3500
f 3547 3682 3683
f 3547 3683 3669
f 3509 3508 3684
f 3509 3685 3643
f 3509 3684 3685
f 3508 3510 3686
f 3508 3686 3684
f 3510 3590 3686
f 3556 3679 3600
f 3654 3656 3519
f 3635 3634 3687
f 3635 3687 3655
f 3634 3636 3688
f 3634 3688 3687
f 3636 3637 3688
f 3637 3638 3689
f 3637 3689 3688
f 3638 3657 3689
f 3658 3522 3659
f 3563 3605 3682
f 3597 3596 3690
f 3597 3691 3592
f 3597 3692 3691
f 3597 3690 3692
f 3596 3653 3690
f 3652 3664 3693
f 3652 3693 3653
f 3537 3694 3538
f 3537 3553 3695
f 3537 3695 3694
f 3538 3696 3555
f 3538 3694 3696
f 3555 3697 3645
f 3555 3696 3697
f 3573 3698 3633
f 3573 3676 3698
f 3557 3558 3666
f 3497 3641 3699
f 3497 3699 3567
f 3456 3700 3602
f 3456 3544 3700
f 3519 3656 3543
f 3522 3545 3659
f 3462 3603 3701
f 3462 3701 3546
f 3498 3702 3642
f 3498 3571 3702
f 3561 3670 3562
f 3590 3639 3703
f 3590 3703 3686
f 3564 3704 3551
f 3564 3651 3705
f 3564 3705 3704
f 3551 3706 3552
f 3551 3704 3706
f 3552 3707 3566
f 3552 3706 3707
f 3662 3708 3672
f 3662 3663 3708
f 3608 3709 3609
f 3608 3595 3710
f 3608 3710 3711
f 3608 3711 3709
f 3609 3709 3663
f 3592 3691 3572
f 3572 3712 3553
f 3572 3691 3712
f 3553 3712 3695
f 3633 3698 3664
f 3543 3656 3713
f 3543 3714 3544
f 3543 3713 3714
f 3656 3655 3713
f 3655 3687 3715
f 3655 3715 3713
f 3687 3688 3716
f 3687 3716 3715
f 3568 3569 3717
f 3568 3717 3570
f 3688 3689 3716
f 3689 3657 3718
f 3689 3718 3716
f 3657 3659 3719
f 3657 3719 3718
f 3659 3545 3719
f 3545 3546 3720
f 3545 3720 3719
f 3639 3672 3703
f 3566 3721 3591
f 3566 3707 3721
f 3591 3710 3595
f 3591 3721 3710
f 3664 3722 3693
f 3664 3698 3722
f 3385 3567 3723
f 3385 3723 3574
f 3569 3581 3717
f 3570 3717 3582
f 3399 3724 3571
f 3399 3589 3724
f 3672 3708 3725
f 3672 3725 3703
f 3693 3726 3653
f 3693 3722 3727
f 3693 3727 3726
f 3559 3728 3641
f 3559 3673 3728
f 3560 3642 3729
f 3560 3729 3674
f 3708 3663 3730
f 3708 3731 3725
f 3708 3730 3731
f 3653 3726 3690
f 3517 3644 3732
f 3517 3732 3640
f 3525 3643 3733
f 3525 3733 3650
f 3663 3709 3730
f 3691 3692 3712
f 3722 3734 3727
f 3722 3698 3734
f 3735 3736 3737
f 3735 3738 3736
f 3735 3737 3739
f 3735 3739 3740
f 3735 3740 3741
f 3735 3741 3738
f 3736 3742 3737
f 3736 3743 3742
f 3736 3738 3744
f 3736 3744 3743
f 3725 3745 3703
f 3725 3731 3745
f 3710 3721 3711
f 3611 3612 3746
f 3611 3746 3646
f 3382 3747 3601
f 3382 3574 3747
f 3602 3748 3673
f 3602 3700 3748
f 3603 3674 3749
f 3603 3749 3701
f 3737 3742 3750
f 3737 3751 3739
f 3737 3750 3751
f 3742 3752 3750
f 3742 3743 3753
f 3742 3753 3752
f 3401 3604 3754
f 3401 3754 3589
f 3630 3647 3755
f 3630 3755 3631
f 3727 3756 3726
f 3727 3734 3756
f 3698 3676 3757
f 3698 3758 3734
f 3698 3759 3758
f 3698 3757 3759
f 3703 3760 3686
f 3703 3745 3761
f 3703 3761 3762
f 3703 3762 3760
f 3731 3730 3763
f 3731 3763 3745
f 3676 3677 3764
f 3676 3764 3757
f 3644 3645 3765
f 3644 3765 3732
f 3640 3766 3678
f 3640 3732 3766
f 3612 3601 3767
f 3612 3767 3746
f 3646 3746 3341
f 3601 3747 3767
f 3739 3768 3740
f 3739 3751 3768
f 3647 3344 3755
f 3604 3631 3769
f 3604 3769 3754
f 3631 3755 3769
f 3643 3685 3770
f 3643 3770 3733
f 3650 3771 3651
f 3650 3733 3771
f 3686 3772 3684
f 3686 3760 3772
f 3678 3773 3677
f 3678 3766 3773
f 3544 3714 3774
f 3544 3775 3700
f 3544 3774 3775
f 3546 3776 3720
f 3546 3701 3777
f 3546 3777 3776
f 3685 3684 3778
f 3685 3778 3770
f 3692 3690 3779
f 3692 3780 3712
f 3692 3779 3780
f 3726 3781 3690
f 3726 3756 3782
f 3726 3782 3783
f 3726 3783 3781
f 3645 3697 3784
f 3645 3784 3765
f 3677 3773 3764
f 3641 3728 3785
f 3641 3785 3699
f 3715 3716 3786
f 3715 3787 3713
f 3715 3786 3787
f 3716 3718 3786
f 3718 3719 3788
f 3718 3788 3786
f 3740 3789 3741
f 3740 3768 3789
f 3642 3790 3729
f 3642 3702 3790
f 3684 3772 3778
f 3651 3791 3705
f 3651 3771 3791
f 3730 3709 3792
f 3730 3793 3763
f 3730 3794 3793
f 3730 3792 3794
f 3711 3795 3709
f 3711 3721 3796
f 3711 3796 3795
f 3690 3781 3797
f 3690 3797 3779
f 3734 3782 3756
f 3734 3758 3782
f 3713 3798 3714
f 3713 3787 3798
f 3719 3720 3799
f 3719 3799 3788
f 3738 3741 3800
f 3738 3800 3801
f 3738 3801 3744
f 3751 3750 3802
f 3751 3802 3803
f 3751 3804 3768
f 3751 3803 3804
f 3750 3752 3802
f 3745 3763 3793
f 3745 3793 3761
f 3709 3795 3805
f 3709 3805 3792
f 3696 3806 3697
f 3696 3694 3807
f 3696 3807 3806
f 3697 3806 3808
f 3697 3808 3784
f 3714 3798 3809
f 3714 3809 3774
f 3720 3810 3799
f 3720 3776 3810
f 3741 3789 3811
f 3741 3812 3800
f 3741 3811 3812
f 3802 3752 3813
f 3802 3813 3803
f 3705 3814 3704
f 3705 3815 3814
f 3705 3791 3815
f 3704 3816 3706
f 3704 3814 3816
f 3712 3817 3695
f 3712 3780 3818
f 3712 3818 3817
f 3695 3819 3694
f 3695 3817 3819
f 3694 3819 3807
f 3673 3820 3728
f 3673 3748 3820
f 3786 3821 3787
f 3786 3788 3821
f 3674 3729 3822
f 3674 3822 3749
f 3768 3823 3789
f 3768 3804 3823
f 3648 3824 3661
f 3648 3675 3824
f 3706 3825 3707
f 3706 3816 3825
f 3707 3826 3721
f 3707 3825 3826
f 3721 3827 3796
f 3721 3826 3827
f 3732 3828 3766
f 3732 3765 3828
f 3567 3699 3723
f 3700 3775 3748
f 3798 3787 3829
f 3798 3830 3809
f 3798 3829 3830
f 3787 3821 3829
f 3788 3799 3831
f 3788 3831 3821
f 3799 3810 3832
f 3799 3832 3831
f 3701 3749 3777
f 3571 3724 3702
f 3489 3429 3675
f 3661 3824 3668
f 3649 3668 3833
f 3649 3833 3500
f 3733 3770 3834
f 3733 3834 3771
f 3809 3775 3774
f 3809 3830 3835
f 3809 3836 3775
f 3809 3835 3836
f 3810 3776 3777
f 3810 3837 3832
f 3810 3838 3837
f 3810 3777 3838
f 3743 3839 3753
f 3743 3744 3839
f 3752 3753 3840
f 3752 3840 3813
f 3668 3824 3833
f 3841 3842 3843
f 3841 3844 3842
f 3841 3843 3845
f 3841 3845 3846
f 3841 3846 3844
f 3758 3847 3782
f 3758 3759 3847
f 3803 3848 3804
f 3803 3849 3848
f 3803 3813 3850
f 3803 3850 3849
f 3675 3429 3824
f 3842 3851 3843
f 3842 3844 3852
f 3842 3852 3851
f 3761 3793 3853
f 3761 3853 3762
f 3780 3779 3818
f 3789 3854 3811
f 3789 3823 3854
f 3804 3848 3855
f 3804 3856 3823
f 3804 3855 3856
f 3800 3812 3857
f 3800 3857 3858
f 3800 3858 3859
f 3800 3859 3801
f 3500 3833 3681
f 3843 3860 3845
f 3843 3851 3860
f 3796 3827 3795
f 3782 3847 3861
f 3782 3861 3783
f 3766 3862 3773
f 3766 3828 3862
f 3600 3863 3593
f 3600 3679 3864
f 3600 3864 3863
f 3574 3723 3747
f 3593 3865 3576
f 3593 3863 3865
f 3576 3866 3575
f 3576 3865 3866
f 3575 3867 3577
f 3575 3866 3867
f 3577 3868 3578
f 3577 3867 3868
f 3578 3869 3579
f 3578 3868 3869
f 3579 3870 3580
f 3579 3869 3870
f 3830 3829 3871
f 3830 3872 3835
f 3830 3871 3872
f 3580 3873 3581
f 3580 3870 3873
f 3581 3874 3717
f 3581 3873 3875
f 3581 3875 3874
f 3829 3821 3876
f 3829 3876 3871
f 3717 3874 3582
f 3821 3831 3876
f 3831 3832 3877
f 3831 3877 3876
f 3582 3878 3583
f 3582 3874 3879
f 3582 3879 3878
f 3583 3880 3584
f 3583 3878 3880
f 3832 3837 3881
f 3832 3881 3877
f 3584 3882 3585
f 3584 3880 3882
f 3585 3883 3586
f 3585 3882 3883
f 3586 3884 3587
f 3586 3883 3884
f 3587 3885 3588
f 3587 3884 3885
f 3848 3849 3857
f 3848 3857 3855
f 3588 3886 3594
f 3588 3885 3886
f 3753 3839 3887
f 3753 3887 3840
f 3594 3888 3605
f 3594 3886 3888
f 3589 3754 3724
f 3425 3889 3429
f 3425 3426 3889
f 3605 3890 3682
f 3605 3888 3890
f 3845 3891 3846
f 3845 3860 3892
f 3845 3892 3891
f 3770 3778 3893
f 3770 3893 3834
f 3793 3894 3853
f 3793 3794 3894
f 3759 3757 3895
f 3759 3896 3847
f 3759 3897 3896
f 3759 3895 3897
f 3765 3898 3828
f 3765 3784 3898
f 3665 3899 3680
f 3665 3667 3900
f 3665 3900 3899
f 3680 3901 3679
f 3680 3899 3901
f 3667 3666 3902
f 3667 3902 3900
f 3666 3558 3903
f 3666 3903 3902
f 3679 3901 3864
f 3728 3820 3785
f 3775 3836 3748
f 3835 3904 3836
f 3835 3872 3905
f 3835 3905 3904
f 3837 3838 3906
f 3837 3907 3881
f 3837 3906 3907
f 3777 3749 3838
f 3812 3908 3857
f 3812 3811 3909
f 3812 3909 3908
f 3729 3790 3822
f 3857 3849 3858
f 3857 3908 3855
f 3858 3849 3910
f 3858 3910 3859
f 3744 3911 3839
f 3744 3801 3911
f 3429 3889 3790
f 3429 3790 3912
f 3429 3912 3824
f 3426 3660 3913
f 3426 3913 3889
f 3682 3914 3683
f 3682 3890 3914
f 3670 3671 3915
f 3670 3916 3562
f 3670 3915 3916
f 3671 3669 3917
f 3671 3917 3915
f 3846 3918 3844
f 3846 3891 3918
f 3683 3919 3669
f 3683 3914 3919
f 3669 3919 3917
f 3771 3834 3920
f 3771 3920 3791
f 3762 3921 3760
f 3762 3853 3922
f 3762 3922 3923
f 3762 3923 3921
f 3757 3764 3924
f 3757 3924 3895
f 3773 3925 3764
f 3773 3862 3925
f 3341 3746 3558
f 3748 3836 3820
f 3749 3822 3838
f 3813 3926 3850
f 3813 3840 3926
f 3344 3562 3755
f 3778 3772 3927
f 3778 3927 3893
f 3760 3928 3772
f 3760 3921 3928
f 3781 3929 3797
f 3781 3783 3929
f 3779 3797 3930
f 3779 3930 3818
f 3764 3925 3924
f 3660 3681 3913
f 3844 3931 3852
f 3844 3918 3931
f 3772 3928 3927
f 3795 3932 3805
f 3795 3827 3932
f 3792 3805 3933
f 3792 3933 3794
f 3899 3934 3901
f 3899 3900 3935
f 3899 3935 3934
f 3901 3936 3864
f 3901 3934 3936
f 3900 3902 3937
f 3900 3937 3935
f 3864 3938 3863
f 3864 3936 3938
f 3863 3939 3865
f 3863 3938 3939
f 3558 3746 3903
f 3865 3940 3866
f 3865 3939 3940
f 3699 3785 3723
f 3866 3941 3867
f 3866 3940 3941
f 3867 3942 3868
f 3867 3941 3942
f 3836 3943 3820
f 3836 3904 3943
f 3868 3944 3869
f 3868 3942 3944
f 3869 3945 3870
f 3869 3944 3945
f 3870 3946 3873
f 3870 3945 3946
f 3873 3947 3875
f 3873 3946 3947
f 3875 3948 3874
f 3875 3947 3949
f 3875 3949 3948
f 3874 3948 3879
f 3876 3950 3871
f 3876 3877 3951
f 3876 3952 3950
f 3876 3951 3952
f 3879 3953 3878
f 3879 3948 3954
f 3879 3954 3953
f 3878 3955 3880
f 3878 3953 3955
f 3880 3956 3882
f 3880 3955 3956
f 3882 3957 3883
f 3882 3956 3957
f 3883 3958 3884
f 3883 3957 3958
f 3838 3822 3959
f 3838 3959 3906
f 3884 3960 3885
f 3884 3958 3960
f 3885 3961 3886
f 3885 3960 3961
f 3702 3724 3790
f 3889 3887 3839
f 3889 3839 3911
f 3889 3913 3887
f 3889 3911 3790
f 3886 3962 3888
f 3886 3961 3962
f 3562 3916 3755
f 3888 3963 3890
f 3888 3962 3963
f 3890 3964 3914
f 3890 3963 3964
f 3914 3965 3919
f 3914 3964 3965
f 3917 3919 3966
f 3917 3967 3915
f 3917 3966 3967
f 3919 3965 3966
f 3797 3929 3930
f 3847 3896 3861
f 3902 3903 3968
f 3902 3968 3937
f 3871 3969 3872
f 3871 3950 3969
f 3877 3881 3970
f 3877 3970 3951
f 3811 3854 3971
f 3811 3972 3909
f 3811 3971 3972
f 3823 3856 3973
f 3823 3973 3854
f 3908 3974 3855
f 3908 3909 3974
f 3850 3975 3849
f 3850 3926 3975
f 3887 3976 3840
f 3887 3913 3976
f 3860 3851 3977
f 3860 3977 3892
f 3915 3978 3916
f 3915 3967 3978
f 3853 3894 3922
f 3805 3932 3933
f 3747 3723 3979
f 3747 3979 3767
f 3820 3943 3785
f 3872 3980 3905
f 3872 3969 3980
f 3881 3907 3981
f 3881 3981 3970
f 3822 3790 3959
f 3801 3859 3982
f 3801 3982 3911
f 3849 3975 3910
f 3754 3983 3724
f 3754 3769 3983
f 3851 3852 3984
f 3851 3984 3977
f 3852 3931 3984
f 3783 3985 3929
f 3783 3861 3985
f 3828 3986 3862
f 3828 3898 3986
f 3903 3746 3767
f 3903 3767 3987
f 3903 3987 3968
f 3723 3785 3979
f 3905 3988 3904
f 3905 3989 3988
f 3905 3980 3989
f 3907 3906 3990
f 3907 3990 3991
f 3907 3991 3981
f 3855 3992 3856
f 3855 3974 3992
f 3840 3976 3926
f 3724 3983 3790
f 3833 3993 3681
f 3833 3824 3993
f 3681 3994 3913
f 3681 3993 3994
f 3916 3769 3755
f 3916 3995 3769
f 3916 3978 3995
f 3834 3893 3996
f 3834 3996 3920
f 3794 3933 3997
f 3794 3997 3894
f 3785 3943 3998
f 3785 3998 3979
f 3904 3999 3943
f 3904 3988 3999
f 3906 3959 4000
f 3906 4000 3990
f 3856 3992 3973
f 3790 3911 3959
f 3790 3983 3912
f 3913 4001 3976
f 3913 3994 4001
f 3824 3912 4002
f 3824 4002 3993
f 3943 3999 3998
f 3959 3911 4000
f 3859 3910 4003
f 3859 4003 3982
f 3911 3982 4000
f 3934 4004 3936
f 3934 3935 4004
f 3936 4005 3938
f 3936 4004 4005
f 3935 3937 4006
f 3935 4007 4004
f 3935 4006 4007
f 3937 3968 4008
f 3937 4008 4006
f 3938 4009 3939
f 3938 4005 4009
f 3939 4010 3940
f 3939 4009 4010
f 3767 3979 3987
f 3940 4011 3941
f 3940 4010 4011
f 3941 4012 3942
f 3941 4011 4012
f 3942 4013 3944
f 3942 4012 4013
f 3944 4014 3945
f 3944 4013 4014
f 3945 4015 3946
f 3945 4014 4015
f 3946 4016 3947
f 3946 4015 4016
f 3947 4017 3949
f 3947 4016 4017
f 3949 4018 3948
f 3949 4017 4019
f 3949 4019 4018
f 3948 4018 3954
f 3954 4020 3953
f 3954 4018 4021
f 3954 4021 4020
f 3953 4022 3955
f 3953 4020 4022
f 3955 4023 3956
f 3955 4022 4023
f 3956 4024 3957
f 3956 4023 4024
f 3957 4025 3958
f 3957 4024 4025
f 3854 3973 3971
f 3958 4026 3960
f 3958 4025 4026
f 3909 4027 3974
f 3909 3972 4028
f 3909 4028 4027
f 3960 4029 3961
f 3960 4026 4029
f 3961 4030 3962
f 3961 4029 4030
f 3769 3995 3983
f 3962 4031 3963
f 3962 4030 4031
f 4001 4032 3976
f 4001 3994 4033
f 4001 4033 4032
f 3963 4034 3964
f 3963 4031 4034
f 3967 3966 4035
f 3967 4036 3978
f 3967 4035 4036
f 3964 4037 3965
f 3964 4034 4037
f 3966 3965 4037
f 3966 4038 4035
f 3966 4037 4038
f 3896 4039 3861
f 3896 3897 4040
f 3896 4040 4039
f 3862 4041 3925
f 3862 3986 4041
f 3968 3987 4042
f 3968 4042 4008
f 3979 3998 3987
f 3998 4043 3987
f 3998 3999 4043
f 3912 3983 3995
f 3912 3995 4002
f 3978 4044 3995
f 3978 4036 4044
f 3893 3927 4045
f 3893 4045 3996
f 3922 3894 4046
f 3922 4047 3923
f 3922 4046 4047
f 3929 3985 4048
f 3929 4048 3930
f 4049 4050 4051
f 4049 4051 4052
f 4049 4053 4050
f 4049 4052 4054
f 4049 4054 4055
f 4049 4055 4053
f 3976 4056 3926
f 3976 4032 4056
f 4057 4058 4059
f 4057 4059 4060
f 4057 4061 4058
f 4057 4062 4061
f 4057 4063 4062
f 4057 4060 4063
f 3933 4064 3997
f 3933 3932 4064
f 3861 4065 3985
f 3861 4039 4065
f 4051 4050 4066
f 4051 3784 4052
f 4051 4066 3784
f 3925 4067 3924
f 3925 4041 4067
f 4050 4068 4066
f 4050 4069 4068
f 4050 4053 4069
f 4068 4070 4066
f 4068 4069 4071
f 4068 4072 4070
f 4068 4071 4072
f 3987 4043 4042
f 3999 3988 4073
f 3999 4073 4043
f 3988 3989 4074
f 3988 4075 4073
f 3988 4074 4075
f 3950 3952 4076
f 3950 4077 3969
f 3950 4076 4077
f 3952 3951 4078
f 3952 4079 4076
f 3952 4078 4079
f 3951 3970 4080
f 3951 4080 4078
f 3990 4000 4081
f 3990 4082 3991
f 3990 4081 4083
f 3990 4083 4082
f 3974 4084 3992
f 3974 4027 4084
f 4000 3982 4081
f 3910 3975 4003
f 3995 4044 4002
f 3994 3993 4085
f 3994 4085 4033
f 3993 4002 4086
f 3993 4086 4085
f 4087 4059 4088
f 4087 4089 4059
f 4087 4088 4090
f 4087 4091 4092
f 4087 4090 4091
f 4087 4092 4089
f 4059 4058 4088
f 4059 4089 4060
f 3927 3928 4093
f 3927 4093 4045
f 4058 3791 4088
f 4058 4061 3791
f 3894 3997 4094
f 3894 4094 4046
f 3897 3895 4095
f 3897 4096 4040
f 3897 4095 4096
f 3895 3924 4097
f 3895 4097 4095
f 4054 4052 4098
f 4054 4098 4099
f 4054 4099 4100
f 4054 4100 4055
f 4052 3808 4098
f 4052 3784 3808
f 3924 4067 4097
f 4066 4070 3898
f 4066 3898 3784
f 3969 4101 3980
f 3969 4077 4101
f 3970 3981 4102
f 3970 4102 4080
f 3972 4103 4028
f 3972 3971 4103
f 3892 4104 3891
f 3892 3977 4104
f 3891 4105 3918
f 3891 4104 4105
f 4088 3920 4090
f 4088 3791 3920
f 3928 3921 4106
f 3928 4106 4093
f 4061 4062 4107
f 4061 4107 3815
f 4061 3815 3791
f 4062 4108 4107
f 4062 4063 4109
f 4062 4109 4108
f 3921 3923 4110
f 3921 4110 4106
f 3923 4047 4111
f 3923 4111 4110
f 4098 4112 4099
f 4098 3808 3806
f 4098 3806 4112
f 4053 4113 4069
f 4053 4055 4114
f 4053 4114 4113
f 4069 4115 4071
f 4069 4113 4115
f 4072 3986 4070
f 4072 4071 4005
f 4072 4005 4004
f 4072 4004 3986
f 4043 4073 4116
f 4043 4116 4042
f 3989 3980 4117
f 3989 4118 4074
f 3989 4117 4118
f 3980 4101 4117
f 3981 3991 4119
f 3981 4119 4102
f 3991 4082 4120
f 3991 4120 4119
f 3977 3984 4121
f 3977 4122 4104
f 3977 4121 4122
f 4091 4034 4092
f 4091 4090 3996
f 4091 4037 4034
f 4091 3996 4037
f 4089 4123 4060
f 4089 4092 4124
f 4089 4124 4123
f 4060 4125 4063
f 4060 4123 4125
f 4107 3814 3815
f 4107 4126 3814
f 4107 4108 4126
f 3985 4127 4048
f 3985 4065 4127
f 4099 4112 4128
f 4099 4129 4100
f 4099 4128 4129
f 3806 3807 4112
f 4055 4100 4130
f 4055 4130 4114
f 4070 3986 3898
f 4071 4131 4005
f 4071 4115 4131
f 3918 4105 3931
f 4092 4034 4132
f 4092 4132 4124
f 4090 3920 3996
f 4063 4133 4109
f 4063 4125 4133
f 3814 4126 3816
f 4108 4134 4126
f 4108 4109 4135
f 4108 4135 4134
f 3997 4064 4136
f 3997 4136 4094
f 4040 4137 4039
f 4040 4096 4137
f 4112 3807 4138
f 4112 4138 4128
f 3807 3819 4138
f 4073 4139 4116
f 4073 4075 4139
f 3973 3992 4140
f 3973 4141 3971
f 3973 4140 4141
f 4081 3982 4142
f 4081 4142 4143
f 4081 4143 4083
f 3992 4084 4140
f 4028 4003 4027
f 4028 4103 3982
f 4028 3982 4003
f 4002 4044 4144
f 4002 4145 4086
f 4002 4144 4146
f 4002 4146 4145
f 3816 4126 4147
f 3816 4147 3825
f 4126 4134 4147
f 4047 4046 4148
f 4047 4148 4111
f 4039 4137 4065
f 4100 4129 4149
f 4100 4149 4130
f 4004 4007 4150
f 4004 4150 3986
f 4005 4151 4009
f 4005 4131 4151
f 4007 4006 4152
f 4007 4152 4150
f 4006 4008 4153
f 4006 4153 4152
f 4009 4154 4010
f 4009 4151 4154
f 4008 4042 4153
f 4010 4155 4011
f 4010 4154 4155
f 4042 4116 4156
f 4042 4156 4153
f 4011 4157 4012
f 4011 4155 4157
f 4012 4158 4013
f 4012 4157 4158
f 4013 4159 4014
f 4013 4158 4159
f 4014 4160 4015
f 4014 4159 4160
f 4015 4161 4016
f 4015 4160 4161
f 4016 4162 4017
f 4016 4161 4162
f 4017 4163 4019
f 4017 4162 4163
f 4019 4164 4018
f 4019 4163 4165
f 4019 4165 4164
f 4018 4164 4021
f 4021 4166 4020
f 4021 4164 4167
f 4021 4167 4166
f 4020 4168 4022
f 4020 4166 4168
f 4022 4169 4023
f 4022 4168 4169
f 4023 4170 4024
f 4023 4169 4170
f 4024 4171 4025
f 4024 4170 4171
f 3971 4172 4103
f 3971 4141 4172
f 4025 4173 4026
f 4025 4171 4173
f 4027 4003 4084
f 4026 4174 4029
f 4026 4173 4174
f 4029 4175 4030
f 4029 4174 4175
f 3926 4056 3975
f 4044 4036 4176
f 4044 4176 4144
f 4032 4033 4177
f 4032 4177 4056
f 4030 4178 4031
f 4030 4175 4178
f 4036 4035 4176
f 4031 4179 4034
f 4031 4178 4179
f 3984 3931 4180
f 3984 4180 4121
f 4035 4038 4181
f 4035 4181 4176
f 3931 4105 4180
f 4034 4179 4132
f 4038 4037 4182
f 4038 4182 4181
f 4037 3996 4182
f 4109 4183 4135
f 4109 4133 4183
f 4046 4094 4148
f 4048 4184 3930
f 4048 4127 4184
f 4128 4138 4185
f 4128 4186 4129
f 4128 4185 4186
f 3819 3817 4187
f 3819 4187 4138
f 4113 4188 4115
f 4113 4114 4189
f 4113 4189 4188
f 4115 4190 4131
f 4115 4188 4190
f 4116 4191 4156
f 4116 4192 4191
f 4116 4139 4192
f 4074 4118 4075
f 4082 4083 4120
f 3982 4103 4193
f 3982 4193 4142
f 4104 4122 4145
f 4104 4145 4105
f 4033 4085 4194
f 4033 4194 4177
f 4086 4195 4085
f 4086 4145 4195
f 4124 4196 4123
f 4124 4132 4197
f 4124 4197 4196
f 4123 4198 4125
f 4123 4196 4198
f 3825 4147 4199
f 3825 4199 3826
f 4134 4200 4147
f 4134 4135 4201
f 4134 4201 4200
f 4064 3932 4202
f 4064 4202 4136
f 3930 4203 3818
f 3930 4184 4203
f 3817 3818 4204
f 3817 4204 4187
f 4138 4187 4185
f 4114 4130 4205
f 4114 4205 4189
f 3986 4150 4041
f 4131 4206 4151
f 4131 4190 4206
f 4103 4172 4193
f 4142 4193 4207
f 4142 4207 4208
f 4142 4208 4143
f 4003 3975 4209
f 4003 4209 4084
f 4122 4121 4145
f 4132 4179 4210
f 4132 4210 4197
f 3996 4045 4182
f 4125 4211 4133
f 4125 4198 4211
f 4147 4200 4199
f 3826 4212 3827
f 3826 4199 4212
f 3932 3827 4213
f 3932 4213 4202
f 4129 4186 4214
f 4129 4214 4149
f 3975 4056 4209
f 4085 4195 4194
f 4135 4183 4215
f 4135 4215 4201
f 3818 4203 4216
f 3818 4216 4204
f 4130 4149 4217
f 4130 4217 4205
f 4056 4218 4209
f 4056 4177 4218
f 4133 4219 4183
f 4133 4211 4219
f 3827 4220 4213
f 3827 4212 4220
f 4065 4137 4221
f 4065 4221 4127
f 4185 4222 4186
f 4185 4187 4223
f 4185 4223 4222
f 4041 4150 4224
f 4041 4224 4067
f 4156 4225 4153
f 4156 4191 4225
f 4075 4226 4139
f 4075 4118 4226
f 4083 4227 4120
f 4083 4143 4227
f 4084 4209 4140
f 4144 4176 4228
f 4144 4229 4146
f 4144 4228 4229
f 4045 4230 4182
f 4045 4093 4230
f 4200 4231 4199
f 4200 4201 4232
f 4200 4232 4231
f 4094 4233 4148
f 4094 4136 4233
f 4150 4152 4234
f 4150 4235 4224
f 4150 4234 4235
f 4153 4225 4152
f 4191 4236 4225
f 4191 4237 4236
f 4191 4192 4237
f 4077 4076 4238
f 4077 4239 4101
f 4077 4238 4239
f 4076 4079 4240
f 4076 4240 4238
f 4079 4078 4241
f 4079 4242 4240
f 4079 4241 4242
f 4078 4080 4243
f 4078 4243 4241
f 4080 4102 4244
f 4080 4244 4243
f 4176 4181 4228
f 4121 4180 4145
f 4182 4245 4181
f 4182 4230 4246
f 4182 4246 4245
f 4186 4247 4214
f 4186 4222 4247
f 4187 4204 4223
f 4149 4214 4248
f 4149 4248 4217
f 4151 4249 4154
f 4151 4206 4249
f 4154 4250 4155
f 4154 4249 4250
f 4155 4251 4157
f 4155 4250 4251
f 4157 4252 4158
f 4157 4251 4252
f 4158 4253 4159
f 4158 4252 4253
f 4159 4254 4160
f 4159 4253 4254
f 4160 4255 4161
f 4160 4254 4255
f 4161 4256 4162
f 4161 4255 4256
f 4117 4101 4257
f 4117 4258 4118
f 4117 4257 4258
f 4162 4259 4163
f 4162 4256 4259
f 4101 4239 4257
f 4163 4260 4165
f 4163 4259 4260
f 4165 4261 4164
f 4165 4260 4262
f 4165 4262 4261
f 4164 4261 4167
f 4167 4263 4166
f 4167 4261 4264
f 4167 4264 4263
f 4166 4265 4168
f 4166 4263 4265
f 4102 4119 4266
f 4102 4266 4244
f 4168 4267 4169
f 4168 4265 4267
f 4119 4120 4268
f 4119 4268 4266
f 4169 4269 4170
f 4169 4267 4269
f 4170 4270 4171
f 4170 4269 4270
f 4171 4271 4173
f 4171 4270 4271
f 4172 4272 4193
f 4172 4141 4272
f 4173 4273 4174
f 4173 4271 4273
f 4193 4272 4207
f 4209 4272 4140
f 4209 4218 4272
f 4174 4274 4175
f 4174 4273 4274
f 4229 4208 4146
f 4229 4275 4208
f 4229 4228 4276
f 4229 4276 4277
f 4229 4277 4275
f 4145 4146 4195
f 4145 4180 4105
f 4175 4278 4178
f 4175 4274 4278
f 4178 4279 4179
f 4178 4278 4279
f 4179 4279 4210
f 4183 4280 4215
f 4183 4219 4280
f 4199 4231 4212
f 4201 4215 4281
f 4201 4281 4232
f 4137 4096 4282
f 4137 4282 4221
f 4208 4283 4146
f 4208 4207 4284
f 4208 4275 4143
f 4208 4284 4283
f 4146 4283 4195
f 4148 4285 4111
f 4148 4233 4285
f 4184 4286 4203
f 4184 4127 4287
f 4184 4287 4286
f 4203 4286 4288
f 4203 4288 4216
f 4127 4289 4287
f 4127 4221 4289
f 4223 4290 4222
f 4223 4204 4291
f 4223 4291 4290
f 4067 4224 4292
f 4067 4293 4097
f 4067 4292 4293
f 4152 4225 4294
f 4152 4295 4234
f 4152 4294 4295
f 4207 4272 4218
f 4207 4218 4284
f 4177 4194 4296
f 4177 4296 4218
f 4195 4283 4194
f 4181 4297 4228
f 4181 4245 4298
f 4181 4298 4297
f 4093 4299 4230
f 4093 4106 4300
f 4093 4300 4299
f 4231 4301 4212
f 4231 4232 4302
f 4231 4302 4301
f 4213 4303 4202
f 4213 4304 4303
f 4213 4220 4304
f 4136 4202 4305
f 4136 4305 4306
f 4136 4306 4233
f 4202 4303 4305
f 4224 4307 4292
f 4224 4235 4307
f 4225 4236 4308
f 4225 4309 4294
f 4225 4308 4309
f 4141 4140 4272
f 4194 4283 4296
f 4228 4310 4276
f 4228 4297 4311
f 4228 4311 4310
f 4230 4299 4312
f 4230 4312 4246
f 4214 4247 4313
f 4214 4313 4248
f 4096 4095 4314
f 4096 4314 4315
f 4096 4315 4282
f 4097 4293 4095
f 4139 4226 4316
f 4139 4316 4192
f 4118 4258 4226
f 4120 4227 4268
f 4143 4317 4227
f 4143 4275 4317
f 4218 4296 4284
f 4106 4110 4300
f 4111 4318 4110
f 4111 4319 4318
f 4111 4285 4319
f 4215 4320 4281
f 4215 4280 4320
f 4287 4321 4286
f 4287 4289 4321
f 4222 4290 4322
f 4222 4322 4247
f 4204 4216 4291
f 4095 4293 4314
f 4188 4323 4190
f 4188 4189 4324
f 4188 4324 4323
f 4190 4325 4206
f 4190 4323 4325
f 4250 4326 4251
f 4250 4249 4327
f 4250 4327 4328
f 4250 4328 4326
f 4251 4329 4252
f 4251 4326 4329
f 4252 4330 4253
f 4252 4329 4330
f 4253 4331 4254
f 4253 4330 4331
f 4254 4332 4255
f 4254 4331 4332
f 4255 4333 4256
f 4255 4332 4333
f 4256 4334 4259
f 4256 4333 4334
f 4259 4335 4260
f 4259 4334 4335
f 4260 4336 4262
f 4260 4335 4336
f 4262 4337 4261
f 4262 4336 4337
f 4261 4338 4264
f 4261 4337 4339
f 4261 4339 4340
f 4261 4340 4341
f 4261 4341 4338
f 4264 4342 4263
f 4264 4338 4342
f 4263 4343 4265
f 4263 4342 4343
f 4265 4344 4267
f 4265 4343 4344
f 4267 4345 4269
f 4267 4344 4345
f 4269 4346 4270
f 4269 4345 4346
f 4270 4347 4271
f 4270 4346 4347
f 4271 4348 4273
f 4271 4347 4348
f 4273 4349 4274
f 4273 4348 4349
f 4274 4350 4278
f 4274 4349 4350
f 4278 4351 4279
f 4278 4352 4351
f 4278 4350 4352
f 4197 4353 4196
f 4197 4210 4354
f 4197 4354 4353
f 4196 4355 4198
f 4196 4353 4355
f 4110 4318 4300
f 4212 4301 4220
f 4232 4281 4356
f 4232 4356 4302
f 4305 4303 4357
f 4305 4357 4306
f 4286 4321 4358
f 4286 4358 4288
f 4221 4359 4289
f 4221 4360 4359
f 4221 4282 4360
f 4189 4205 4361
f 4189 4361 4324
f 4292 4362 4293
f 4292 4363 4362
f 4292 4307 4363
f 4206 4327 4249
f 4206 4364 4327
f 4206 4325 4364
f 4279 4351 4210
f 4210 4351 4365
f 4210 4365 4354
f 4299 4300 4366
f 4299 4367 4312
f 4299 4366 4367
f 4198 4368 4211
f 4198 4355 4368
f 4233 4306 4369
f 4233 4369 4370
f 4233 4370 4285
f 4303 4371 4357
f 4303 4304 4371
f 4291 4372 4290
f 4291 4216 4373
f 4291 4373 4372
f 4289 4359 4321
f 4235 4234 4374
f 4235 4375 4307
f 4235 4374 4376
f 4235 4376 4375
f 4234 4377 4374
f 4234 4295 4377
f 4296 4283 4284
f 4245 4246 4378
f 4245 4378 4379
f 4245 4379 4298
f 4246 4312 4380
f 4246 4381 4378
f 4246 4380 4381
f 4301 4382 4220
f 4301 4302 4383
f 4301 4383 4382
f 4306 4357 4369
f 4205 4217 4384
f 4205 4384 4361
f 4236 4385 4308
f 4236 4237 4385
f 4276 4310 4386
f 4276 4386 4277
f 4211 4387 4219
f 4211 4368 4387
f 4321 4359 4388
f 4321 4388 4358
f 4290 4372 4389
f 4290 4389 4322
f 4216 4288 4373
f 4247 4322 4390
f 4247 4390 4313
f 4293 4362 4391
f 4293 4391 4314
f 4327 4364 4328
f 4226 4392 4316
f 4226 4258 4392
f 4238 4240 4393
f 4238 4394 4239
f 4238 4393 4394
f 4240 4242 4395
f 4240 4395 4393
f 4242 4241 4396
f 4242 4397 4395
f 4242 4396 4397
f 4241 4243 4398
f 4241 4398 4396
f 4243 4244 4399
f 4243 4399 4398
f 4227 4400 4268
f 4227 4317 4400
f 4351 4352 4365
f 4300 4401 4366
f 4300 4318 4401
f 4281 4402 4356
f 4281 4320 4402
f 4220 4382 4304
f 4302 4403 4383
f 4302 4356 4403
f 4357 4404 4369
f 4357 4371 4404
f 4373 4288 4405
f 4373 4405 4406
f 4373 4406 4372
f 4362 4407 4391
f 4362 4363 4407
f 4307 4375 4408
f 4307 4408 4363
f 4257 4239 4409
f 4257 4410 4258
f 4257 4409 4410
f 4239 4394 4409
f 4244 4266 4411
f 4244 4411 4399
f 4266 4268 4412
f 4266 4412 4411
f 4312 4413 4380
f 4312 4367 4413
f 4366 4414 4367
f 4366 4401 4414
f 4382 4415 4304
f 4382 4383 4416
f 4382 4416 4415
f 4359 4360 4388
f 4217 4248 4417
f 4217 4417 4384
f 4314 4418 4315
f 4314 4391 4418
f 4323 4419 4325
f 4323 4324 4420
f 4323 4420 4419
f 4325 4421 4364
f 4325 4419 4421
f 4364 4421 4328
f 4374 4422 4376
f 4374 4377 4422
f 4294 4423 4295
f 4294 4309 4423
f 4192 4316 4424
f 4192 4424 4237
f 4275 4425 4317
f 4275 4277 4425
f 4297 4298 4426
f 4297 4426 4311
f 4378 4381 4427
f 4378 4427 4379
f 4365 4428 4354
f 4365 4352 4428
f 4354 4429 4353
f 4354 4428 4429
f 4353 4430 4355
f 4353 4429 4430
f 4318 4431 4401
f 4318 4319 4431
f 4219 4432 4280
f 4219 4387 4432
f 4369 4404 4370
f 4288 4358 4405
f 4324 4361 4433
f 4324 4433 4420
f 4375 4376 4434
f 4375 4434 4408
f 4376 4422 4434
f 4308 4435 4309
f 4308 4385 4435
f 4310 4311 4436
f 4310 4436 4386
f 4381 4380 4437
f 4381 4437 4427
f 4380 4413 4437
f 4355 4438 4368
f 4355 4430 4438
f 4304 4415 4371
f 4405 4358 4439
f 4405 4439 4440
f 4405 4440 4406
f 4372 4406 4441
f 4372 4441 4389
f 4315 4418 4442
f 4315 4442 4282
f 4418 4391 4443
f 4418 4443 4442
f 4391 4407 4444
f 4391 4444 4443
f 4363 4445 4407
f 4363 4408 4445
f 4329 4446 4330
f 4329 4326 4447
f 4329 4447 4446
f 4349 4348 4448
f 4349 4449 4350
f 4349 4448 4449
f 4367 4414 4450
f 4367 4450 4413
f 4401 4431 4451
f 4401 4452 4414
f 4401 4451 4452
f 4431 4319 4453
f 4431 4453 4451
f 4319 4285 4453
f 4383 4454 4416
f 4383 4403 4454
f 4415 4455 4371
f 4415 4456 4455
f 4415 4416 4456
f 4358 4388 4439
f 4322 4389 4457
f 4322 4457 4390
f 4442 4458 4282
f 4442 4459 4458
f 4442 4443 4459
f 4361 4384 4460
f 4361 4460 4433
f 4295 4461 4377
f 4295 4423 4461
f 4330 4462 4331
f 4330 4446 4462
f 4316 4392 4424
f 4258 4410 4392
f 4268 4400 4412
f 4317 4425 4400
f 4348 4347 4463
f 4348 4463 4448
f 4298 4379 4464
f 4298 4464 4426
f 4368 4465 4387
f 4368 4438 4465
f 4453 4285 4466
f 4453 4466 4467
f 4453 4467 4451
f 4356 4468 4403
f 4356 4402 4468
f 4371 4455 4404
f 4439 4388 4469
f 4439 4469 4470
f 4439 4470 4440
f 4388 4360 4471
f 4388 4471 4469
f 4360 4282 4472
f 4360 4473 4471
f 4360 4472 4473
f 4248 4313 4474
f 4248 4474 4417
f 4282 4458 4472
f 4326 4328 4475
f 4326 4475 4447
f 4331 4476 4332
f 4331 4462 4476
f 4347 4346 4477
f 4347 4477 4463
f 4350 4478 4352
f 4350 4449 4478
f 4285 4370 4479
f 4285 4479 4466
f 4280 4480 4320
f 4280 4432 4480
f 4370 4404 4481
f 4370 4482 4479
f 4370 4481 4482
f 4404 4455 4483
f 4404 4483 4481
f 4455 4484 4483
f 4455 4456 4484
f 4469 4471 4485
f 4469 4485 4470
f 4471 4473 4486
f 4471 4486 4485
f 4473 4472 4487
f 4473 4487 4486
f 4472 4458 4488
f 4472 4488 4487
f 4458 4459 4488
f 4407 4489 4444
f 4407 4445 4489
f 4419 4490 4421
f 4419 4420 4491
f 4419 4491 4490
f 4421 4492 4328
f 4421 4490 4492
f 4332 4493 4333
f 4332 4476 4493
f 4346 4345 4494
f 4346 4494 4477
f 4428 4495 4429
f 4428 4352 4496
f 4428 4496 4495
f 4429 4497 4430
f 4429 4495 4497
f 4414 4452 4498
f 4414 4498 4450
f 4466 4479 4499
f 4466 4499 4467
f 4479 4482 4500
f 4479 4500 4499
f 4482 4481 4501
f 4482 4501 4500
f 4481 4483 4502
f 4481 4502 4501
f 4483 4484 4502
f 4406 4440 4503
f 4406 4503 4441
f 4384 4417 4504
f 4384 4504 4460
f 4443 4505 4459
f 4443 4444 4505
f 4420 4433 4506
f 4420 4506 4491
f 4328 4507 4475
f 4328 4492 4508
f 4328 4508 4507
f 4377 4509 4422
f 4377 4461 4509
f 4422 4509 4510
f 4422 4511 4434
f 4422 4510 4511
f 4333 4512 4334
f 4333 4493 4512
f 4345 4344 4513
f 4345 4513 4494
f 4427 4514 4379
f 4427 4515 4514
f 4427 4437 4516
f 4427 4516 4515
f 4379 4514 4464
f 4352 4478 4517
f 4352 4518 4496
f 4352 4517 4518
f 4430 4519 4438
f 4430 4497 4519
f 4451 4467 4520
f 4451 4520 4452
f 4387 4521 4432
f 4387 4465 4521
f 4416 4522 4456
f 4416 4454 4522
f 4389 4441 4523
f 4389 4523 4457
f 4309 4524 4423
f 4309 4435 4524
f 4334 4525 4335
f 4334 4512 4525
f 4335 4526 4336
f 4335 4525 4526
f 4336 4527 4337
f 4336 4526 4527
f 4337 4528 4339
f 4337 4527 4528
f 4339 4529 4340
f 4339 4528 4529
f 4340 4529 4341
f 4341 4530 4338
f 4341 4529 4530
f 4338 4531 4342
f 4338 4530 4531
f 4342 4532 4343
f 4342 4531 4532
f 4343 4533 4344
f 4343 4532 4533
f 4344 4533 4513
f 4311 4426 4534
f 4311 4534 4436
f 4403 4535 4454
f 4403 4468 4535
f 4440 4470 4536
f 4440 4536 4503
f 4313 4390 4537
f 4313 4537 4474
f 4459 4538 4488
f 4459 4505 4538
f 4433 4460 4539
f 4433 4539 4506
f 4393 4395 4540
f 4393 4541 4394
f 4393 4540 4541
f 4395 4397 4542
f 4395 4542 4540
f 4397 4396 4543
f 4397 4544 4542
f 4397 4543 4544
f 4396 4398 4545
f 4396 4545 4543
f 4398 4399 4546
f 4398 4546 4545
f 4438 4547 4465
f 4438 4519 4547
f 4467 4499 4548
f 4467 4548 4520
f 4320 4549 4402
f 4320 4480 4549
f 4456 4550 4484
f 4456 4522 4550
f 4444 4551 4505
f 4444 4489 4551
f 4423 4552 4461
f 4423 4524 4552
f 4237 4424 4553
f 4237 4553 4385
f 4392 4554 4424
f 4392 4410 4554
f 4394 4555 4409
f 4394 4541 4555
f 4399 4411 4556
f 4399 4556 4546
f 4400 4425 4557
f 4400 4557 4412
f 4277 4558 4425
f 4277 4386 4558
f 4426 4464 4559
f 4426 4559 4534
f 4452 4520 4560
f 4452 4560 4498
f 4441 4503 4561
f 4441 4561 4523
f 4470 4485 4562
f 4470 4562 4536
f 4485 4486 4563
f 4485 4563 4562
f 4486 4487 4564
f 4486 4564 4563
f 4487 4488 4565
f 4487 4565 4564
f 4488 4538 4565
f 4417 4474 4566
f 4417 4566 4504
f 4409 4567 4410
f 4409 4555 4567
f 4411 4412 4568
f 4411 4568 4556
f 4432 4569 4480
f 4432 4521 4569
f 4499 4500 4570
f 4499 4570 4548
f 4500 4501 4571
f 4500 4571 4570
f 4501 4502 4572
f 4501 4572 4571
f 4502 4484 4573
f 4502 4573 4572
f 4454 4574 4522
f 4454 4535 4574
f 4484 4550 4573
f 4460 4504 4575
f 4460 4575 4539
f 4505 4576 4538
f 4505 4551 4576
f 4461 4577 4509
f 4461 4552 4577
f 4509 4577 4578
f 4509 4578 4510
f 4424 4554 4579
f 4424 4579 4553
f 4425 4580 4557
f 4425 4558 4580
f 4514 4581 4464
f 4514 4582 4581
f 4514 4515 4582
f 4464 4581 4559
f 4520 4548 4583
f 4520 4583 4560
f 4465 4584 4521
f 4465 4547 4584
f 4503 4536 4585
f 4503 4585 4561
f 4390 4457 4586
f 4390 4586 4537
f 4408 4434 4587
f 4408 4587 4445
f 4447 4475 4588
f 4447 4589 4446
f 4447 4588 4589
f 4410 4590 4554
f 4410 4567 4590
f 4412 4557 4591
f 4412 4591 4568
f 4449 4448 4592
f 4449 4593 4478
f 4449 4592 4593
f 4413 4594 4437
f 4413 4450 4594
f 4402 4595 4468
f 4402 4549 4595
f 4522 4596 4550
f 4522 4574 4596
f 4536 4562 4597
f 4536 4597 4585
f 4474 4537 4598
f 4474 4598 4566
f 4538 4599 4565
f 4538 4576 4599
f 4434 4600 4587
f 4434 4511 4600
f 4385 4601 4435
f 4385 4553 4602
f 4385 4603 4601
f 4385 4602 4603
f 4386 4436 4604
f 4386 4605 4558
f 4386 4604 4606
f 4386 4606 4605
f 4437 4594 4607
f 4437 4607 4516
f 4548 4570 4608
f 4548 4608 4583
f 4480 4609 4549
f 4480 4569 4609
f 4550 4610 4573
f 4550 4596 4610
f 4562 4563 4611
f 4562 4611 4597
f 4563 4564 4612
f 4563 4612 4611
f 4564 4565 4613
f 4564 4613 4612
f 4565 4599 4613
f 4445 4614 4489
f 4445 4587 4614
f 4475 4507 4588
f 4446 4615 4462
f 4446 4589 4615
f 4448 4463 4616
f 4448 4616 4592
f 4478 4593 4517
f 4450 4498 4617
f 4450 4617 4594
f 4570 4571 4618
f 4570 4618 4608
f 4571 4572 4619
f 4571 4619 4618
f 4572 4573 4620
f 4572 4620 4619
f 4573 4610 4620
f 4504 4566 4621
f 4504 4621 4575
f 4521 4622 4569
f 4521 4584 4622
f 4457 4523 4623
f 4457 4623 4586
f 4435 4624 4524
f 4435 4601 4624
f 4462 4625 4476
f 4462 4615 4625
f 4463 4477 4626
f 4463 4626 4616
f 4436 4534 4627
f 4436 4627 4604
f 4468 4628 4535
f 4468 4595 4628
f 4489 4629 4551
f 4489 4614 4629
f 4490 4630 4492
f 4490 4491 4631
f 4490 4631 4630
f 4492 4632 4508
f 4492 4630 4632
f 4508 4633 4507
f 4508 4632 4634
f 4508 4634 4633
f 4542 4544 4635
f 4542 4636 4540
f 4542 4635 4636
f 4544 4543 4637
f 4544 4638 4635
f 4544 4637 4638
f 4543 4545 4639
f 4543 4639 4637
f 4518 4640 4496
f 4518 4517 4641
f 4518 4642 4640
f 4518 4641 4642
f 4496 4643 4495
f 4496 4640 4643
f 4495 4644 4497
f 4495 4643 4644
f 4498 4645 4617
f 4498 4560 4645
f 4537 4586 4646
f 4537 4646 4598
f 4491 4506 4647
f 4491 4647 4631
f 4587 4648 4614
f 4587 4600 4648
f 4524 4649 4552
f 4524 4624 4649
f 4554 4650 4579
f 4554 4590 4650
f 4476 4651 4493
f 4476 4625 4651
f 4541 4540 4652
f 4541 4653 4555
f 4541 4652 4653
f 4540 4636 4652
f 4545 4546 4654
f 4545 4654 4639
f 4546 4556 4655
f 4546 4655 4654
f 4477 4494 4656
f 4477 4656 4626
f 4557 4657 4591
f 4557 4580 4657
f 4534 4559 4658
f 4534 4658 4627
f 4594 4617 4659
f 4594 4659 4607
f 4497 4660 4519
f 4497 4644 4660
f 4549 4661 4595
f 4549 4609 4661
f 4511 4662 4600
f 4511 4510 4663
f 4511 4663 4662
f 4577 4552 4664
f 4577 4664 4665
f 4577 4665 4578
f 4553 4579 4666
f 4553 4666 4602
f 4555 4667 4567
f 4555 4653 4667
f 4556 4568 4668
f 4556 4668 4655
f 4558 4669 4580
f 4558 4605 4669
f 4581 4670 4559
f 4581 4671 4670
f 4581 4582 4671
f 4516 4607 4672
f 4516 4673 4515
f 4516 4672 4673
f 4523 4561 4674
f 4523 4674 4623
f 4566 4598 4675
f 4566 4675 4621
f 4551 4676 4576
f 4551 4629 4676
f 4614 4677 4629
f 4614 4648 4677
f 4507 4678 4588
f 4507 4633 4678
f 4552 4649 4664
f 4493 4679 4512
f 4493 4651 4679
f 4494 4513 4680
f 4494 4680 4656
f 4559 4670 4658
f 4517 4593 4681
f 4517 4681 4641
f 4617 4645 4682
f 4617 4682 4659
f 4560 4683 4645
f 4560 4583 4683
f 4569 4684 4609
f 4569 4622 4684
f 4535 4685 4574
f 4535 4628 4685
f 4506 4539 4686
f 4506 4686 4647
f 4632 4630 4687
f 4632 4687 4634
f 4600 4662 4648
f 4567 4667 4590
f 4512 4688 4525
f 4512 4679 4688
f 4525 4689 4526
f 4525 4688 4689
f 4526 4690 4527
f 4526 4689 4690
f 4527 4691 4528
f 4527 4690 4691
f 4528 4692 4529
f 4528 4691 4692
f 4529 4692 4530
f 4530 4693 4531
f 4530 4692 4693
f 4531 4694 4532
f 4531 4693 4694
f 4532 4695 4533
f 4532 4694 4695
f 4533 4696 4513
f 4533 4695 4696
f 4513 4696 4680
f 4568 4591 4668
f 4607 4659 4672
f 4640 4697 4643
f 4640 4642 4697
f 4519 4698 4547
f 4519 4660 4698
f 4586 4623 4699
f 4586 4699 4646
f 4630 4631 4700
f 4630 4700 4687
f 4601 4701 4624
f 4601 4603 4701
f 4604 4627 4702
f 4604 4702 4606
f 4643 4703 4644
f 4643 4697 4703
f 4595 4704 4628
f 4595 4661 4704
f 4561 4585 4705
f 4561 4705 4674
f 4576 4706 4599
f 4576 4676 4706
f 4631 4647 4707
f 4631 4707 4700
f 4629 4708 4676
f 4629 4677 4708
f 4645 4683 4709
f 4645 4709 4682
f 4644 4710 4660
f 4644 4703 4710
f 4583 4711 4683
f 4583 4608 4711
f 4574 4712 4596
f 4574 4685 4712
f 4539 4575 4713
f 4539 4713 4686
f 4648 4714 4677
f 4648 4662 4714
f 4624 4715 4649
f 4624 4701 4715
f 4588 4716 4589
f 4588 4678 4716
f 4589 4717 4615
f 4589 4716 4717
f 4592 4718 4593
f 4592 4616 4719
f 4592 4719 4718
f 4593 4718 4681
f 4627 4658 4720
f 4627 4720 4702
f 4659 4682 4721
f 4659 4721 4672
f 4547 4698 4722
f 4547 4722 4584
f 4585 4597 4723
f 4585 4723 4705
f 4598 4646 4724
f 4598 4724 4675
f 4599 4725 4613
f 4599 4706 4725
f 4647 4686 4726
f 4647 4726 4707
f 4676 4727 4706
f 4676 4708 4727
f 4664 4649 4728
f 4664 4728 4729
f 4664 4729 4665
f 4670 4730 4658
f 4670 4731 4730
f 4670 4671 4731
f 4683 4711 4732
f 4683 4732 4709
f 4660 4733 4698
f 4660 4710 4733
f 4608 4618 4734
f 4608 4734 4711
f 4609 4735 4661
f 4609 4684 4735
f 4596 4736 4610
f 4596 4712 4736
f 4597 4611 4737
f 4597 4737 4723
f 4623 4674 4738
f 4623 4738 4699
f 4613 4739 4612
f 4613 4725 4739
f 4677 4740 4708
f 4677 4714 4740
f 4634 4687 4741
f 4634 4741 4742
f 4634 4742 4633
f 4649 4715 4728
f 4658 4730 4720
f 4642 4743 4697
f 4642 4744 4743
f 4642 4641 4744
f 4682 4709 4745
f 4682 4745 4721
f 4618 4619 4746
f 4618 4746 4734
f 4628 4747 4685
f 4628 4704 4747
f 4610 4748 4620
f 4610 4736 4748
f 4611 4612 4749
f 4611 4749 4737
f 4612 4739 4749
f 4510 4578 4750
f 4510 4750 4663
f 4579 4751 4666
f 4579 4650 4751
f 4590 4667 4752
f 4590 4752 4650
f 4591 4753 4668
f 4591 4657 4753
f 4580 4669 4754
f 4580 4754 4657
f 4515 4755 4582
f 4515 4673 4755
f 4619 4620 4756
f 4619 4756 4746
f 4620 4748 4756
f 4706 4757 4725
f 4706 4727 4757
f 4687 4700 4758
f 4687 4758 4741
f 4602 4759 4603
f 4602 4666 4760
f 4602 4761 4759
f 4602 4760 4761
f 4615 4762 4625
f 4615 4717 4762
f 4636 4635 4763
f 4636 4764 4652
f 4636 4763 4764
f 4635 4638 4765
f 4635 4765 4763
f 4638 4637 4766
f 4638 4767 4765
f 4638 4766 4767
f 4637 4639 4768
f 4637 4768 4766
f 4639 4654 4769
f 4639 4769 4768
f 4616 4626 4770
f 4616 4770 4719
f 4605 4606 4771
f 4605 4772 4669
f 4605 4771 4773
f 4605 4773 4772
f 4697 4774 4703
f 4697 4743 4774
f 4711 4734 4775
f 4711 4775 4732
f 4674 4705 4776
f 4674 4776 4738
f 4575 4777 4713
f 4575 4621 4777
f 4686 4713 4778
f 4686 4778 4726
f 4700 4707 4779
f 4700 4779 4758
f 4708 4780 4727
f 4708 4740 4780
f 4652 4781 4653
f 4652 4764 4781
f 4654 4655 4782
f 4654 4782 4769
f 4709 4732 4783
f 4709 4783 4745
f 4703 4784 4710
f 4703 4774 4784
f 4698 4785 4722
f 4698 4733 4785
f 4584 4722 4786
f 4584 4786 4622
f 4685 4787 4712
f 4685 4747 4787
f 4646 4699 4724
f 4725 4788 4739
f 4725 4757 4788
f 4603 4789 4701
f 4603 4759 4789
f 4625 4790 4651
f 4625 4762 4790
f 4653 4752 4667
f 4653 4781 4752
f 4655 4668 4753
f 4655 4753 4782
f 4626 4656 4791
f 4626 4791 4770
f 4606 4702 4792
f 4606 4792 4771
f 4734 4746 4793
f 4734 4793 4775
f 4661 4735 4704
f 4705 4723 4794
f 4705 4794 4776
f 4707 4726 4795
f 4707 4795 4779
f 4741 4758 4796
f 4741 4797 4742
f 4741 4796 4797
f 4743 4798 4774
f 4743 4744 4799
f 4743 4799 4798
f 4710 4800 4733
f 4710 4784 4800
f 4712 4801 4736
f 4712 4787 4801
f 4723 4737 4802
f 4723 4802 4794
f 4739 4803 4749
f 4739 4788 4803
f 4727 4804 4757
f 4727 4780 4804
f 4633 4805 4678
f 4633 4742 4805
f 4701 4806 4715
f 4701 4789 4806
f 4651 4807 4679
f 4651 4790 4807
f 4656 4680 4808
f 4656 4808 4791
f 4702 4720 4809
f 4702 4809 4792
f 4641 4681 4810
f 4641 4810 4744
f 4732 4775 4811
f 4732 4811 4783
f 4746 4756 4812
f 4746 4812 4793
f 4736 4813 4748
f 4736 4801 4813
f 4737 4749 4814
f 4737 4814 4802
f 4749 4803 4814
f 4713 4777 4815
f 4713 4815 4778
f 4758 4779 4816
f 4758 4816 4796
f 4662 4817 4714
f 4662 4818 4817
f 4662 4663 4818
f 4715 4819 4728
f 4715 4806 4819
f 4728 4819 4820
f 4728 4820 4729
f 4679 4821 4688
f 4679 4807 4821
f 4688 4822 4689
f 4688 4821 4822
f 4689 4823 4690
f 4689 4822 4823
f 4690 4824 4691
f 4690 4823 4824
f 4691 4825 4692
f 4691 4824 4825
f 4692 4825 4693
f 4693 4826 4694
f 4693 4825 4826
f 4694 4827 4695
f 4694 4826 4827
f 4695 4828 4696
f 4695 4827 4828
f 4696 4829 4680
f 4696 4828 4829
f 4680 4829 4808
f 4730 4830 4720
f 4730 4831 4830
f 4730 4731 4831
f 4720 4830 4809
f 4672 4721 4832
f 4672 4832 4833
f 4672 4833 4673
f 4774 4834 4784
f 4774 4798 4834
f 4722 4835 4786
f 4722 4785 4835
f 4756 4748 4836
f 4756 4836 4812
f 4748 4813 4836
f 4699 4738 4837
f 4699 4837 4838
f 4699 4838 4724
f 4621 4839 4777
f 4621 4675 4839
f 4666 4840 4760
f 4666 4751 4840
f 4669 4772 4841
f 4669 4841 4754
f 4622 4786 4842
f 4622 4842 4684
f 4704 4843 4747
f 4704 4844 4843
f 4704 4735 4844
f 4726 4778 4845
f 4726 4845 4795
f 4757 4846 4788
f 4757 4804 4846
f 4578 4665 4847
f 4578 4847 4750
f 4582 4848 4671
f 4582 4755 4848
f 4775 4793 4849
f 4775 4849 4811
f 4733 4850 4785
f 4733 4800 4850
f 4779 4795 4851
f 4779 4851 4816
f 4714 4817 4852
f 4714 4852 4740
f 4678 4853 4716
f 4678 4805 4853
f 4681 4718 4854
f 4681 4854 4810
f 4721 4855 4832
f 4721 4745 4855
f 4784 4856 4800
f 4784 4834 4856
f 4738 4776 4837
f 4788 4857 4803
f 4788 4846 4857
f 4817 4858 4852
f 4817 4818 4858
f 4759 4859 4789
f 4759 4761 4859
f 4716 4860 4717
f 4716 4853 4860
f 4718 4719 4861
f 4718 4861 4854
f 4771 4792 4862
f 4771 4862 4773
f 4832 4855 4863
f 4832 4863 4833
f 4793 4812 4864
f 4793 4864 4849
f 4747 4843 4787
f 4777 4839 4865
f 4777 4865 4815
f 4740 4852 4866
f 4740 4866 4780
f 4745 4867 4855
f 4745 4783 4867
f 4786 4835 4868
f 4786 4868 4842
f 4776 4794 4869
f 4776 4869 4837
f 4675 4870 4839
f 4675 4724 4870
f 4803 4871 4814
f 4803 4857 4871
f 4778 4815 4872
f 4778 4872 4845
f 4789 4873 4806
f 4789 4859 4873
f 4819 4806 4874
f 4819 4874 4875
f 4819 4875 4820
f 4650 4876 4751
f 4650 4752 4876
f 4657 4877 4753
f 4657 4754 4877
f 4830 4878 4809
f 4830 4879 4878
f 4830 4831 4879
f 4792 4809 4880
f 4792 4880 4862
f 4785 4881 4835
f 4785 4850 4881
f 4812 4836 4882
f 4812 4882 4864
f 4684 4842 4883
f 4684 4883 4735
f 4787 4884 4801
f 4787 4843 4884
f 4794 4802 4885
f 4794 4886 4869
f 4794 4885 4886
f 4814 4887 4802
f 4814 4871 4887
f 4795 4845 4888
f 4795 4888 4851
f 4852 4858 4889
f 4852 4889 4866
f 4858 4890 4889
f 4858 4891 4890
f 4858 4818 4891
f 4806 4873 4874
f 4717 4892 4762
f 4717 4860 4892
f 4719 4770 4893
f 4719 4893 4861
f 4809 4878 4880
f 4863 4855 4894
f 4863 4894 4895
f 4863 4895 4896
f 4863 4896 4833
f 4855 4867 4894
f 4800 4897 4850
f 4800 4856 4897
f 4836 4813 4898
f 4836 4898 4882
f 4801 4899 4813
f 4801 4884 4900
f 4801 4900 4899
f 4802 4887 4885
f 4780 4866 4901
f 4780 4901 4804
f 4663 4750 4902
f 4663 4902 4818
f 4665 4729 4903
f 4665 4903 4847
f 4671 4904 4731
f 4671 4848 4904
f 4673 4905 4755
f 4673 4833 4905
f 4783 4906 4867
f 4783 4811 4906
f 4813 4899 4898
f 4837 4869 4907
f 4837 4907 4838
f 4866 4889 4908
f 4866 4908 4901
f 4889 4890 4908
f 4763 4765 4909
f 4763 4910 4764
f 4763 4909 4910
f 4765 4767 4911
f 4765 4911 4909
f 4767 4766 4912
f 4767 4913 4911
f 4767 4912 4913
f 4766 4768 4914
f 4766 4914 4912
f 4768 4769 4915
f 4768 4915 4914
f 4894 4867 4916
f 4894 4916 4895
f 4867 4906 4916
f 4843 4917 4884
f 4843 4844 4917
f 4839 4870 4918
f 4839 4918 4865
f 4815 4865 4919
f 4815 4919 4872
f 4762 4920 4790
f 4762 4892 4920
f 4764 4921 4781
f 4764 4910 4921
f 4769 4782 4922
f 4769 4922 4915
f 4770 4791 4923
f 4770 4923 4893
f 4835 4924 4868
f 4835 4881 4924
f 4842 4868 4925
f 4842 4925 4883
f 4724 4926 4870
f 4724 4838 4926
f 4804 4901 4927
f 4804 4927 4846
f 4742 4928 4805
f 4742 4797 4929
f 4742 4929 4928
f 4790 4930 4807
f 4790 4920 4930
f 4791 4808 4931
f 4791 4931 4923
f 4744 4810 4932
f 4744 4933 4799
f 4744 4932 4933
f 4811 4934 4906
f 4811 4849 4934
f 4735 4883 4935
f 4735 4935 4844
f 4869 4936 4907
f 4869 4886 4936
f 4845 4872 4937
f 4845 4937 4888
f 4901 4908 4938
f 4901 4938 4927
f 4908 4939 4938
f 4908 4890 4939
f 4805 4940 4853
f 4805 4928 4940
f 4760 4941 4761
f 4760 4942 4941
f 4760 4943 4942
f 4760 4840 4943
f 4781 4876 4752
f 4781 4921 4876
f 4782 4753 4877
f 4782 4877 4922
f 4772 4773 4944
f 4772 4944 4945
f 4772 4945 4946
f 4772 4946 4841
f 4810 4854 4947
f 4810 4947 4932
f 4916 4906 4948
f 4916 4949 4895
f 4916 4948 4949
f 4906 4934 4948
f 4850 4950 4881
f 4850 4897 4950
f 4884 4917 4951
f 4884 4951 4900
f 4797 4796 4952
f 4797 4952 4953
f 4797 4953 4929
f 4761 4954 4859
f 4761 4941 4954
f 4807 4955 4821
f 4807 4930 4955
f 4821 4956 4822
f 4821 4955 4956
f 4822 4957 4823
f 4822 4956 4957
f 4823 4958 4824
f 4823 4957 4958
f 4824 4959 4825
f 4824 4958 4959
f 4825 4959 4826
f 4826 4960 4827
f 4826 4959 4960
f 4827 4961 4828
f 4827 4960 4961
f 4828 4962 4829
f 4828 4961 4962
f 4829 4963 4808
f 4829 4962 4963
f 4808 4963 4931
f 4773 4862 4964
f 4773 4964 4944
f 4799 4965 4798
f 4799 4966 4965
f 4799 4933 4966
f 4846 4927 4967
f 4846 4967 4857
f 4859 4968 4873
f 4859 4954 4968
f 4874 4873 4969
f 4874 4969 4970
f 4874 4970 4875
f 4878 4971 4880
f 4878 4972 4971
f 4878 4879 4972
f 4862 4880 4973
f 4862 4973 4964
f 4849 4974 4934
f 4849 4864 4974
f 4870 4926 4975
f 4870 4975 4918
f 4865 4918 4976
f 4865 4976 4919
f 4927 4938 4977
f 4927 4977 4967
f 4938 4978 4977
f 4938 4939 4978
f 4796 4816 4979
f 4796 4979 4952
f 4890 4891 4980
f 4890 4980 4939
f 4891 4818 4981
f 4891 4982 4980
f 4891 4981 4982
f 4873 4968 4969
f 4880 4971 4973
f 4896 4895 4983
f 4896 4984 4833
f 4896 4983 4985
f 4896 4985 4984
f 4895 4949 4983
f 4798 4986 4834
f 4798 4965 4986
f 4948 4934 4987
f 4948 4988 4949
f 4948 4987 4988
f 4934 4974 4987
f 4868 4989 4925
f 4868 4924 4989
f 4883 4925 4990
f 4883 4990 4935
f 4838 4907 4991
f 4838 4991 4926
f 4750 4847 4992
f 4750 4992 4902
f 4729 4820 4993
f 4729 4993 4903
f 4751 4876 4994
f 4751 4994 4840
f 4754 4995 4877
f 4754 4841 4995
f 4731 4996 4831
f 4731 4904 4996
f 4755 4997 4848
f 4755 4905 4997
f 4844 4935 4998
f 4844 4998 4917
f 4872 4919 4999
f 4872 4999 4937
f 4857 4967 5000
f 4857 5000 4871
f 4864 5001 4974
f 4864 4882 5001
f 4881 5002 4924
f 4881 4950 5002
f 4967 4977 5003
f 4967 5003 5000
f 4977 5004 5003
f 4977 4978 5004
f 4816 4851 5005
f 4816 5005 4979
f 4939 5006 4978
f 4939 4980 5006
f 4949 4988 5007
f 4949 5007 4983
f 4834 5008 4856
f 4834 4986 5008
f 4987 4974 5009
f 4987 5010 4988
f 4987 5009 5010
f 4974 5001 5009
f 4871 5011 4887
f 4871 5000 5011
f 4853 5012 4860
f 4853 4940 5012
f 4854 4861 5013
f 4854 5013 4947
f 4882 5014 5001
f 4882 4898 5014
f 4907 4936 5015
f 4907 5015 4991
f 4926 4991 5016
f 4926 5016 4975
f 4918 4975 5017
f 4918 5017 4976
f 4941 5018 4954
f 4941 4942 5018
f 4944 4964 5019
f 4944 5019 4945
f 4925 5020 4990
f 4925 4989 5020
f 4935 4990 5021
f 4935 5021 4998
f 4917 5022 4951
f 4917 4998 5022
f 4887 5023 4885
f 4887 5011 5023
f 4919 4976 4999
f 5000 5003 5024
f 5000 5024 5011
f 5003 5025 5024
f 5003 5004 5025
f 4978 5026 5004
f 4978 5006 5026
f 4954 5027 4968
f 4954 5018 5027
f 4969 4968 5028
f 4969 5028 5029
f 4969 5029 4970
f 4971 5030 4973
f 4971 5031 5030
f 4971 4972 5031
f 4964 4973 5032
f 4964 5032 5019
f 4988 5010 5033
f 4988 5033 5007
f 5009 5001 5034
f 5009 5034 5035
f 5009 5035 5010
f 5001 5014 5034
f 4924 5002 4989
f 4898 5036 5014
f 4898 4899 5036
f 4851 4888 5037
f 4851 5037 5005
f 4818 4902 4981
f 4847 4903 5038
f 4847 5038 4992
f 4820 4875 5039
f 4820 5039 4993
f 4968 5027 5028
f 4973 5030 5032
f 4831 5040 4879
f 4831 4996 5040
f 4848 5041 4904
f 4848 4997 5041
f 4833 4984 4905
f 4856 5042 4897
f 4856 5008 5042
f 4936 4886 5043
f 4936 5043 5015
f 4913 5044 4911
f 4913 4912 5045
f 4913 5046 5044
f 4913 5045 5046
f 4951 5047 4900
f 4951 5022 5047
f 4886 4885 5048
f 4886 5048 5043
f 4885 5023 5048
f 5011 5024 5049
f 5011 5049 5023
f 5024 5050 5049
f 5024 5025 5050
f 4952 4979 5051
f 4952 5052 4953
f 4952 5051 5052
f 4980 5053 5006
f 4980 4982 5053
f 4928 4929 5054
f 4928 5055 4940
f 4928 5054 5055
f 4911 5056 4909
f 4911 5044 5056
f 4912 4914 5057
f 4912 5057 5045
f 4932 4947 5058
f 4932 5059 4933
f 4932 5058 5059
f 4983 5007 5060
f 4983 5060 4985
f 4965 5061 4986
f 4965 4966 5062
f 4965 5062 5061
f 5034 5014 5063
f 5034 5063 5064
f 5034 5064 5035
f 5014 5036 5063
f 4899 4900 5065
f 4899 5065 5036
f 4900 5047 5065
f 4991 5015 5066
f 4991 5066 5016
f 4975 5016 5067
f 4975 5067 5017
f 5004 5068 5025
f 5004 5026 5068
f 4909 5069 4910
f 4909 5056 5069
f 4914 4915 5070
f 4914 5070 5057
f 5010 5035 5071
f 5010 5071 5033
f 4990 5072 5021
f 4990 5020 5072
f 4998 5073 5022
f 4998 5021 5073
f 5023 5049 5074
f 5023 5074 5048
f 5006 5075 5026
f 5006 5053 5075
f 4860 5076 4892
f 4860 5012 5076
f 4861 4893 5077
f 4861 5077 5013
f 5007 5033 5078
f 5007 5078 5060
f 5036 5079 5063
f 5036 5065 5079
f 4976 5017 5080
f 4976 5081 4999
f 4976 5080 5081
f 5049 5082 5074
f 5049 5050 5082
f 4888 4937 5083
f 4888 5083 5037
f 4979 5005 5084
f 4979 5084 5051
f 4910 5085 4921
f 4910 5069 5085
f 4915 4922 5086
f 4915 5086 5070
f 4986 5087 5008
f 4986 5061 5087
f 4897 5088 4950
f 4897 5042 5088
f 5063 5079 5089
f 5063 5089 5064
f 4989 5090 5020
f 4989 5002 5091
f 4989 5091 5090
f 5015 5043 5092
f 5015 5092 5066
f 5048 5093 5043
f 5048 5074 5093
f 4902 4992 4981
f 4905 4984 4997
f 5065 5094 5079
f 5065 5047 5094
f 5022 5095 5047
f 5022 5073 5095
f 5043 5093 5092
f 5016 5066 5096
f 5016 5096 5067
f 5074 5097 5093
f 5074 5082 5097
f 5025 5098 5050
f 5025 5068 5098
f 4903 4993 5099
f 4903 5099 5038
f 4875 4970 5100
f 4875 5100 5039
f 4921 5101 4876
f 4921 5085 5101
f 4922 4877 5102
f 4922 5102 5086
f 4879 5103 4972
f 4879 5040 5103
f 4904 5104 4996
f 4904 5041 5104
f 5035 5064 5105
f 5035 5105 5071
f 5079 5094 5106
f 5079 5106 5089
f 5021 5107 5073
f 5021 5072 5107
f 5047 5095 5094
f 5026 5108 5068
f 5026 5075 5108
f 4953 5109 4929
f 4953 5052 5110
f 4953 5110 5111
f 4953 5111 5109
f 4929 5109 5054
f 4940 5112 5012
f 4940 5055 5112
f 4942 5113 5018
f 4942 4943 5114
f 4942 5114 5113
f 5028 5027 5115
f 5028 5115 5116
f 5028 5116 5029
f 5030 5117 5032
f 5030 5118 5117
f 5030 5031 5118
f 4945 5019 5119
f 4945 5120 4946
f 4945 5119 5120
f 4947 5013 5121
f 4947 5121 5058
f 4933 5122 4966
f 4933 5059 5122
f 4966 5123 5062
f 4966 5124 5123
f 4966 5122 5124
f 5033 5071 5125
f 5033 5125 5078
f 5066 5092 5126
f 5066 5126 5096
f 5017 5067 5127
f 5017 5127 5080
f 5093 5128 5092
f 5093 5097 5128
f 5005 5037 5129
f 5005 5129 5084
f 4982 5130 5053
f 4982 4981 5131
f 4982 5131 5132
f 4982 5132 5130
f 5018 5133 5027
f 5018 5113 5133
f 5019 5032 5134
f 5019 5134 5119
f 4985 5135 4984
f 4985 5060 5136
f 4985 5137 5135
f 4985 5136 5137
f 5008 5138 5042
f 5008 5087 5138
f 5094 5095 5139
f 5094 5139 5106
f 5020 5140 5072
f 5020 5090 5140
f 5073 5141 5095
f 5073 5107 5141
f 5092 5128 5126
f 4937 4999 5142
f 4937 5142 5083
f 5050 5143 5082
f 5050 5098 5143
f 5027 5133 5115
f 4892 5144 4920
f 4892 5076 5144
f 4876 5101 5145
f 4876 5145 4994
f 4877 5146 5102
f 4877 4995 5146
f 4893 4923 5147
f 4893 5147 5077
f 5032 5117 5134
f 5064 5089 5148
f 5064 5148 5105
f 4950 5149 5002
f 4950 5088 5149
f 5095 5141 5139
f 5052 5051 5150
f 5052 5150 5110
f 5053 5130 5075
f 4981 4992 5131
f 4992 5038 5131
f 4997 4984 5135
f 4997 5135 5041
f 5060 5078 5136
f 5062 5151 5061
f 5062 5123 5151
f 5082 5152 5097
f 5082 5143 5152
f 5068 5153 5098
f 5068 5108 5153
f 4993 5039 5154
f 4993 5154 5099
f 5046 5155 5044
f 5046 5045 5156
f 5046 5157 5155
f 5046 5156 5157
f 4996 5158 5040
f 4996 5104 5158
f 5071 5105 5159
f 5071 5159 5125
f 5089 5106 5160
f 5089 5160 5148
f 5067 5096 5161
f 5067 5161 5127
f 5037 5083 5162
f 5037 5162 5129
f 5051 5084 5163
f 5051 5163 5150
f 4970 5029 5164
f 4970 5164 5100
f 5044 5165 5056
f 5044 5155 5165
f 5045 5057 5166
f 5045 5166 5156
f 4972 5167 5031
f 4972 5103 5167
f 5061 5168 5087
f 5061 5151 5168
f 5042 5169 5088
f 5042 5138 5169
f 5072 5170 5107
f 5072 5140 5170
f 5097 5171 5128
f 5097 5152 5171
f 5075 5172 5108
f 5075 5130 5173
f 5075 5173 5172
f 4920 5174 4930
f 4920 5144 5174
f 4923 4931 5175
f 4923 5175 5147
f 5078 5125 5176
f 5078 5177 5136
f 5078 5176 5177
f 5106 5139 5178
f 5106 5178 5160
f 5096 5126 5179
f 5096 5179 5161
f 5128 5179 5126
f 5128 5171 5180
f 5128 5180 5179
f 4999 5081 5142
f 4943 4840 5181
f 4943 5182 5114
f 4943 5183 5182
f 4943 5181 5183
f 4946 5184 4841
f 4946 5120 5185
f 4946 5185 5186
f 4946 5186 5184
f 5002 5149 5091
f 5139 5141 5187
f 5139 5188 5178
f 5139 5187 5188
f 5107 5187 5141
f 5107 5170 5187
f 5098 5189 5143
f 5098 5153 5189
f 5038 5099 5131
f 5115 5133 5190
f 5115 5190 5191
f 5115 5191 5116
f 5117 5192 5134
f 5117 5193 5192
f 5117 5118 5193
f 5041 5135 5104
f 5105 5148 5194
f 5105 5194 5159
f 5084 5129 5195
f 5084 5195 5163
f 5054 5196 5055
f 5054 5109 5196
f 5012 5197 5076
f 5012 5112 5197
f 4840 4994 5181
f 4930 5198 4955
f 4930 5174 5198
f 4955 5199 4956
f 4955 5198 5199
f 4956 5200 4957
f 4956 5199 5200
f 4957 5201 4958
f 4957 5200 5201
f 4958 5202 4959
f 4958 5201 5202
f 4959 5202 4960
f 4960 5203 4961
f 4960 5202 5203
f 4961 5204 4962
f 4961 5203 5204
f 4962 5205 4963
f 4962 5204 5205
f 4963 5206 4931
f 4963 5205 5206
f 4931 5206 5175
f 4841 5184 4995
f 5013 5077 5207
f 5013 5207 5121
f 5059 5058 5208
f 5059 5208 5122
f 5087 5209 5138
f 5087 5168 5209
f 5083 5142 5210
f 5083 5210 5162
f 5108 5172 5153
f 5132 5131 5211
f 5132 5212 5130
f 5132 5211 5212
f 5039 5100 5213
f 5039 5213 5154
f 5133 5113 5214
f 5133 5214 5190
f 5113 5114 5215
f 5113 5215 5214
f 5114 5182 5215
f 5056 5216 5069
f 5056 5165 5216
f 5057 5070 5217
f 5057 5217 5166
f 5120 5119 5218
f 5120 5218 5185
f 5134 5219 5119
f 5134 5192 5219
f 5119 5219 5218
f 5040 5220 5103
f 5040 5158 5220
f 5137 5221 5135
f 5137 5136 5222
f 5137 5222 5221
f 5125 5159 5176
f 5088 5223 5149
f 5088 5169 5223
f 5081 5080 5224
f 5081 5225 5142
f 5081 5224 5225
f 5110 5150 5226
f 5110 5227 5111
f 5110 5226 5227
f 5131 5099 5154
f 5131 5154 5228
f 5131 5228 5211
f 5135 5158 5104
f 5135 5229 5158
f 5135 5221 5229
f 5123 5230 5151
f 5123 5124 5231
f 5123 5231 5230
f 5091 5232 5090
f 5091 5149 5233
f 5091 5233 5232
f 5143 5234 5152
f 5143 5189 5234
f 5148 5160 5235
f 5148 5235 5194
f 5029 5236 5164
f 5029 5116 5236
f 5069 5237 5085
f 5069 5216 5237
f 5070 5086 5238
f 5070 5238 5217
f 5031 5239 5118
f 5031 5167 5239
f 5080 5127 5240
f 5080 5240 5224
f 5129 5162 5241
f 5129 5241 5195
f 5153 5242 5189
f 5153 5172 5242
f 5150 5163 5243
f 5150 5243 5226
f 5130 5212 5244
f 5130 5244 5173
f 5055 5245 5112
f 5055 5196 5245
f 5100 5164 5246
f 5100 5246 5213
f 5103 5247 5167
f 5103 5220 5247
f 5058 5121 5248
f 5058 5248 5208
f 5136 5249 5222
f 5136 5177 5249
f 5151 5250 5168
f 5151 5230 5250
f 5159 5251 5176
f 5159 5194 5251
f 5138 5252 5169
f 5138 5209 5252
f 5090 5253 5140
f 5090 5232 5253
f 5142 5225 5210
f 5152 5254 5171
f 5152 5234 5254
f 5160 5178 5255
f 5160 5255 5235
f 5149 5223 5233
f 5212 5211 5256
f 5212 5256 5244
f 5076 5257 5144
f 5076 5197 5257
f 5085 5258 5101
f 5085 5237 5258
f 5086 5102 5259
f 5086 5259 5238
f 5077 5147 5260
f 5077 5260 5207
f 5222 5261 5221
f 5222 5249 5261
f 5154 5213 5228
f 5190 5214 5262
f 5190 5262 5263
f 5190 5263 5191
f 5192 5264 5219
f 5192 5265 5264
f 5192 5193 5265
f 5158 5229 5220
f 5127 5161 5266
f 5127 5266 5240
f 5171 5267 5180
f 5171 5254 5267
f 5189 5268 5234
f 5189 5242 5268
f 5163 5195 5269
f 5163 5269 5243
f 5172 5173 5270
f 5172 5270 5242
f 5215 5182 5271
f 5215 5272 5214
f 5215 5271 5272
f 5182 5183 5271
f 5185 5218 5273
f 5185 5273 5186
f 5218 5219 5274
f 5218 5274 5273
f 5176 5275 5177
f 5176 5251 5275
f 5168 5276 5209
f 5168 5250 5276
f 5194 5235 5277
f 5194 5277 5251
f 5178 5188 5278
f 5178 5278 5255
f 5140 5279 5170
f 5140 5253 5279
f 5162 5210 5280
f 5162 5280 5241
f 5173 5281 5270
f 5173 5244 5281
f 5214 5272 5262
f 5219 5264 5274
f 5177 5282 5249
f 5177 5275 5282
f 5169 5283 5223
f 5169 5252 5283
f 5161 5179 5284
f 5161 5284 5266
f 5179 5180 5284
f 5180 5267 5285
f 5180 5285 5284
f 5111 5286 5109
f 5111 5227 5287
f 5111 5288 5286
f 5111 5287 5288
f 5109 5286 5196
f 5211 5228 5289
f 5211 5289 5256
f 5164 5290 5246
f 5164 5236 5290
f 5116 5291 5236
f 5116 5191 5291
f 5157 5292 5155
f 5157 5156 5293
f 5157 5294 5292
f 5157 5293 5294
f 5118 5239 5295
f 5118 5295 5193
f 5167 5296 5239
f 5167 5247 5296
f 5221 5297 5229
f 5221 5261 5297
f 5122 5298 5124
f 5122 5208 5298
f 5124 5299 5231
f 5124 5298 5300
f 5124 5300 5299
f 5188 5187 5301
f 5188 5302 5278
f 5188 5301 5302
f 5187 5170 5301
f 5170 5279 5301
f 5225 5224 5303
f 5225 5304 5210
f 5225 5303 5304
f 5227 5226 5305
f 5227 5305 5287
f 5213 5246 5228
f 5101 5258 5145
f 5102 5146 5259
f 5220 5229 5247
f 5231 5306 5230
f 5231 5299 5306
f 5233 5223 5307
f 5233 5308 5232
f 5233 5307 5308
f 5234 5309 5254
f 5234 5268 5309
f 5144 5310 5174
f 5144 5257 5310
f 5147 5175 5311
f 5147 5311 5260
f 5235 5255 5312
f 5235 5312 5277
f 5242 5270 5268
f 5112 5313 5197
f 5112 5245 5313
f 5121 5207 5314
f 5121 5314 5248
f 5251 5277 5275
f 5195 5241 5315
f 5195 5315 5269
f 5226 5243 5316
f 5226 5316 5305
f 5155 5317 5165
f 5155 5292 5317
f 5156 5166 5318
f 5156 5318 5293
f 5230 5319 5250
f 5230 5306 5319
f 5209 5320 5252
f 5209 5276 5320
f 5224 5240 5321
f 5224 5321 5303
f 5210 5304 5280
f 5174 5322 5198
f 5174 5310 5322
f 5198 5323 5199
f 5198 5322 5323
f 5199 5324 5200
f 5199 5323 5324
f 5165 5325 5216
f 5165 5317 5325
f 5200 5326 5201
f 5200 5324 5326
f 5201 5327 5202
f 5201 5326 5327
f 5202 5327 5203
f 5203 5328 5204
f 5203 5327 5328
f 5204 5329 5205
f 5204 5328 5329
f 5166 5217 5330
f 5166 5330 5318
f 5205 5331 5206
f 5205 5329 5331
f 5206 5332 5175
f 5206 5331 5332
f 5175 5332 5311
f 5223 5283 5307
f 5232 5333 5253
f 5232 5308 5333
f 5254 5334 5267
f 5254 5309 5334
f 5228 5246 5290
f 5228 5335 5289
f 5228 5290 5335
f 5236 5336 5290
f 5236 5291 5336
f 5262 5272 5337
f 5262 5338 5263
f 5262 5337 5338
f 5181 5339 5183
f 5181 4994 5340
f 5181 5341 5339
f 5181 5340 5341
f 5184 5186 5342
f 5184 5343 4995
f 5184 5342 5344
f 5184 5344 5343
f 5264 5345 5274
f 5264 5346 5345
f 5264 5265 5346
f 5239 5296 5347
f 5239 5347 5295
f 5247 5229 5296
f 5229 5348 5296
f 5229 5297 5348
f 5255 5278 5349
f 5255 5349 5312
f 5196 5286 5350
f 5196 5350 5245
f 5191 5351 5291
f 5191 5263 5351
f 5193 5295 5352
f 5193 5352 5265
f 5208 5353 5298
f 5208 5248 5353
f 5240 5266 5354
f 5240 5354 5321
f 5267 5334 5355
f 5267 5355 5285
f 5268 5270 5356
f 5268 5356 5309
f 5243 5269 5357
f 5243 5357 5316
f 5256 5358 5244
f 5256 5289 5359
f 5256 5359 5358
f 5272 5271 5360
f 5272 5360 5337
f 5271 5183 5361
f 5271 5361 5360
f 5183 5339 5361
f 5216 5362 5237
f 5216 5325 5362
f 5217 5238 5363
f 5217 5363 5330
f 5186 5273 5364
f 5186 5364 5342
f 5274 5365 5273
f 5274 5345 5365
f 5273 5365 5364
f 5261 5249 5366
f 5261 5367 5297
f 5261 5366 5367
f 5250 5368 5276
f 5250 5319 5368
f 5277 5369 5275
f 5277 5312 5369
f 5278 5370 5349
f 5278 5302 5370
f 5253 5371 5279
f 5253 5333 5371
f 5270 5372 5356
f 5270 5281 5372
f 5244 5373 5281
f 5244 5358 5374
f 5244 5374 5373
f 5249 5282 5375
f 5249 5376 5366
f 5249 5375 5376
f 5275 5369 5377
f 5275 5377 5282
f 5303 5378 5304
f 5303 5321 5378
f 5266 5284 5354
f 5241 5280 5379
f 5241 5379 5315
f 5252 5380 5283
f 5252 5320 5380
f 5308 5307 5381
f 5308 5381 5333
f 5279 5371 5301
f 5284 5382 5354
f 5284 5285 5382
f 5289 5335 5383
f 5289 5383 5359
f 5290 5336 5335
f 5197 5384 5257
f 5197 5313 5384
f 5294 5385 5292
f 5294 5293 5386
f 5294 5387 5385
f 5294 5386 5387
f 5207 5260 5388
f 5207 5388 5314
f 5296 5348 5347
f 5297 5389 5348
f 5297 5367 5389
f 5301 5371 5390
f 5301 5390 5302
f 5304 5391 5280
f 5304 5378 5392
f 5304 5392 5391
f 5309 5393 5334
f 5309 5356 5393
f 5291 5394 5336
f 5291 5351 5394
f 4994 5145 5340
f 4995 5343 5146
f 5295 5347 5395
f 5295 5395 5352
f 5312 5396 5369
f 5312 5349 5396
f 5307 5283 5397
f 5307 5398 5381
f 5307 5397 5398
f 5269 5315 5399
f 5269 5399 5357
f 5288 5400 5286
f 5288 5287 5401
f 5288 5402 5400
f 5288 5401 5402
f 5286 5400 5350
f 5237 5403 5258
f 5237 5362 5403
f 5292 5404 5317
f 5292 5385 5404
f 5293 5318 5405
f 5293 5405 5386
f 5238 5259 5406
f 5238 5406 5363
f 5298 5407 5300
f 5298 5353 5407
f 5300 5408 5299
f 5300 5407 5409
f 5300 5409 5408
f 5276 5410 5320
f 5276 5368 5410
f 5321 5354 5411
f 5321 5411 5378
f 5334 5393 5412
f 5334 5412 5355
f 5356 5413 5393
f 5356 5372 5413
f 5263 5414 5351
f 5263 5338 5414
f 5337 5360 5415
f 5337 5415 5416
f 5337 5416 5338
f 5345 5417 5365
f 5345 5418 5417
f 5345 5346 5418
f 5265 5352 5419
f 5265 5419 5346
f 5369 5396 5420
f 5369 5420 5377
f 5349 5421 5396
f 5349 5370 5421
f 5333 5422 5371
f 5333 5381 5422
f 5354 5382 5411
f 5287 5305 5423
f 5287 5423 5401
f 5317 5424 5325
f 5317 5404 5424
f 5318 5330 5425
f 5318 5425 5405
f 5299 5426 5306
f 5299 5408 5426
f 5371 5422 5390
f 5285 5355 5427
f 5285 5428 5382
f 5285 5427 5428
f 5280 5391 5429
f 5280 5429 5379
f 5281 5373 5372
f 5335 5336 5430
f 5335 5430 5431
f 5335 5431 5383
f 5336 5394 5430
f 5360 5361 5432
f 5360 5432 5415
f 5361 5339 5433
f 5361 5433 5432
f 5339 5341 5433
f 5342 5364 5434
f 5342 5434 5344
f 5365 5435 5364
f 5365 5417 5435
f 5364 5435 5434
f 5347 5348 5436
f 5347 5436 5395
f 5348 5437 5436
f 5348 5389 5437
f 5282 5377 5375
f 5283 5438 5397
f 5283 5380 5438
f 5302 5439 5370
f 5302 5390 5440
f 5302 5440 5439
f 5257 5441 5310
f 5257 5384 5441
f 5260 5311 5442
f 5260 5442 5388
f 5378 5411 5443
f 5378 5444 5392
f 5378 5443 5444
f 5393 5445 5412
f 5393 5413 5445
f 5305 5316 5446
f 5305 5446 5423
f 5359 5447 5358
f 5359 5448 5447
f 5359 5383 5448
f 5245 5449 5313
f 5245 5350 5449
f 5351 5450 5394
f 5351 5414 5450
f 5258 5451 5145
f 5258 5403 5451
f 5387 5452 5385
f 5387 5386 5453
f 5387 5454 5452
f 5387 5453 5454
f 5259 5146 5455
f 5259 5455 5406
f 5352 5395 5456
f 5352 5456 5419
f 5248 5314 5457
f 5248 5457 5353
f 5367 5366 5458
f 5367 5459 5389
f 5367 5458 5459
f 5306 5460 5319
f 5306 5426 5460
f 5396 5421 5461
f 5396 5461 5420
f 5381 5462 5422
f 5381 5398 5463
f 5381 5463 5462
f 5355 5412 5464
f 5355 5464 5427
f 5358 5447 5465
f 5358 5465 5374
f 5366 5466 5458
f 5366 5376 5466
f 5370 5467 5421
f 5370 5439 5467
f 5411 5382 5443
f 5382 5468 5443
f 5382 5428 5468
f 5391 5392 5469
f 5391 5469 5429
f 5315 5379 5470
f 5315 5470 5399
f 5412 5445 5464
f 5320 5471 5380
f 5320 5410 5471
f 5421 5467 5461
f 5397 5472 5398
f 5397 5438 5472
f 5390 5422 5462
f 5390 5473 5440
f 5390 5462 5473
f 5415 5432 5474
f 5415 5475 5416
f 5415 5474 5475
f 5310 5476 5322
f 5310 5441 5476
f 5385 5477 5404
f 5385 5452 5477
f 5386 5405 5478
f 5386 5478 5453
f 5311 5332 5479
f 5311 5479 5442
f 5417 5480 5435
f 5417 5481 5480
f 5417 5418 5481
f 5316 5357 5482
f 5316 5482 5446
f 5430 5394 5483
f 5430 5484 5431
f 5430 5483 5484
f 5394 5450 5483
f 5338 5485 5414
f 5338 5416 5485
f 5340 5486 5341
f 5340 5487 5486
f 5340 5145 5488
f 5340 5488 5487
f 5322 5489 5323
f 5322 5476 5489
f 5325 5490 5362
f 5325 5424 5490
f 5323 5491 5324
f 5323 5489 5491
f 5324 5492 5326
f 5324 5491 5492
f 5326 5493 5327
f 5326 5492 5493
f 5327 5493 5328
f 5328 5494 5329
f 5328 5493 5494
f 5329 5495 5331
f 5329 5494 5495
f 5331 5496 5332
f 5331 5495 5496
f 5330 5363 5497
f 5330 5497 5425
f 5332 5496 5479
f 5343 5344 5498
f 5343 5498 5499
f 5343 5500 5146
f 5343 5499 5500
f 5346 5419 5501
f 5346 5501 5418
f 5395 5436 5502
f 5395 5502 5456
f 5436 5503 5502
f 5436 5437 5503
f 5319 5504 5368
f 5319 5460 5504
f 5447 5448 5505
f 5447 5505 5465
f 5383 5431 5506
f 5383 5506 5448
f 5432 5433 5507
f 5432 5507 5474
f 5433 5341 5508
f 5433 5508 5507
f 5341 5486 5508
f 5344 5434 5509
f 5344 5509 5498
f 5435 5510 5434
f 5435 5480 5510
f 5434 5510 5509
f 5389 5511 5437
f 5389 5459 5511
f 5458 5512 5459
f 5458 5466 5512
f 5404 5513 5424
f 5404 5477 5513
f 5454 5514 5452
f 5454 5453 5515
f 5454 5516 5514
f 5454 5515 5516
f 5405 5517 5478
f 5405 5425 5517
f 5392 5444 5518
f 5392 5518 5469
f 5398 5519 5463
f 5398 5472 5519
f 5374 5520 5373
f 5374 5465 5521
f 5374 5522 5520
f 5374 5521 5522
f 5414 5485 5450
f 5419 5456 5501
f 5376 5375 5523
f 5376 5524 5466
f 5376 5523 5525
f 5376 5525 5524
f 5429 5526 5379
f 5429 5469 5527
f 5429 5527 5526
f 5357 5399 5528
f 5357 5528 5482
f 5373 5520 5372
f 5452 5529 5477
f 5452 5514 5529
f 5453 5478 5530
f 5453 5530 5515
f 5375 5377 5523
f 5368 5531 5410
f 5368 5504 5531
f 5438 5380 5532
f 5438 5532 5533
f 5438 5533 5472
f 5379 5526 5534
f 5379 5534 5535
f 5379 5535 5470
f 5402 5536 5400
f 5402 5401 5537
f 5402 5537 5538
f 5402 5538 5536
f 5400 5536 5350
f 5416 5539 5485
f 5416 5475 5539
f 5474 5507 5540
f 5474 5541 5475
f 5474 5540 5541
f 5480 5542 5510
f 5480 5481 5543
f 5480 5543 5542
f 5418 5501 5544
f 5418 5544 5481
f 5407 5545 5409
f 5407 5353 5545
f 5409 5546 5408
f 5409 5545 5547
f 5409 5547 5546
f 5380 5548 5532
f 5380 5549 5548
f 5380 5471 5549
f 5444 5443 5550
f 5444 5550 5518
f 5372 5520 5413
f 5431 5551 5506
f 5431 5484 5551
f 5313 5552 5384
f 5313 5449 5552
f 5483 5450 5553
f 5483 5553 5554
f 5483 5554 5484
f 5450 5485 5539
f 5450 5539 5553
f 5456 5502 5555
f 5456 5544 5501
f 5456 5555 5544
f 5502 5556 5555
f 5502 5503 5556
f 5314 5388 5557
f 5314 5557 5457
f 5437 5558 5503
f 5437 5511 5558
f 5377 5420 5523
f 5463 5559 5462
f 5463 5519 5559
f 5401 5423 5560
f 5401 5560 5537
f 5448 5506 5561
f 5448 5561 5505
f 5507 5508 5562
f 5507 5562 5540
f 5508 5486 5563
f 5508 5563 5562
f 5486 5487 5563
f 5362 5564 5403
f 5362 5490 5564
f 5363 5406 5565
f 5363 5565 5497
f 5498 5509 5566
f 5498 5566 5499
f 5510 5567 5509
f 5510 5542 5567
f 5509 5567 5566
f 5459 5568 5511
f 5459 5512 5568
f 5408 5569 5426
f 5408 5546 5569
f 5443 5468 5550
f 5428 5427 5570
f 5428 5571 5468
f 5428 5572 5571
f 5428 5570 5572
f 5465 5505 5573
f 5465 5574 5521
f 5465 5573 5574
f 5466 5575 5512
f 5466 5524 5576
f 5466 5576 5575
f 5440 5577 5439
f 5440 5473 5578
f 5440 5578 5579
f 5440 5579 5577
f 5462 5559 5473
f 5469 5518 5580
f 5469 5580 5527
f 5526 5527 5581
f 5526 5581 5534
f 5350 5536 5582
f 5350 5583 5449
f 5350 5582 5583
f 5145 5451 5488
f 5424 5513 5584
f 5424 5584 5490
f 5477 5529 5585
f 5477 5585 5513
f 5478 5586 5530
f 5478 5517 5586
f 5425 5587 5517
f 5425 5497 5587
f 5146 5500 5455
f 5353 5588 5545
f 5353 5457 5589
f 5353 5589 5588
f 5532 5590 5533
f 5532 5548 5590
f 5472 5591 5519
f 5472 5533 5591
f 5413 5592 5445
f 5413 5520 5592
f 5423 5446 5593
f 5423 5593 5560
f 5475 5594 5539
f 5475 5541 5594
f 5516 5595 5514
f 5516 5515 5596
f 5516 5597 5595
f 5516 5596 5597
f 5481 5544 5598
f 5481 5598 5543
f 5426 5599 5460
f 5426 5569 5599
f 5420 5461 5600
f 5420 5600 5523
f 5399 5470 5601
f 5399 5601 5528
f 5410 5602 5471
f 5410 5531 5602
f 5427 5464 5603
f 5427 5603 5570
f 5553 5539 5594
f 5553 5594 5554
f 5514 5604 5529
f 5514 5595 5604
f 5515 5530 5605
f 5515 5605 5596
f 5555 5598 5544
f 5555 5556 5598
f 5439 5606 5467
f 5439 5577 5606
f 5518 5550 5607
f 5518 5607 5580
f 5445 5608 5464
f 5445 5592 5608
f 5506 5551 5609
f 5506 5609 5561
f 5484 5554 5610
f 5484 5610 5551
f 5540 5562 5611
f 5540 5612 5541
f 5540 5611 5612
f 5403 5613 5451
f 5403 5564 5613
f 5406 5455 5614
f 5406 5614 5565
f 5542 5615 5567
f 5542 5543 5616
f 5542 5616 5615
f 5503 5617 5556
f 5503 5558 5617
f 5511 5618 5558
f 5511 5568 5618
f 5461 5467 5619
f 5461 5619 5600
f 5519 5620 5559
f 5519 5591 5620
f 5468 5607 5550
f 5468 5571 5607
f 5527 5580 5621
f 5527 5621 5581
f 5464 5608 5603
f 5446 5482 5622
f 5446 5622 5593
f 5505 5561 5623
f 5505 5623 5573
f 5529 5604 5624
f 5529 5624 5585
f 5530 5625 5605
f 5530 5586 5625
f 5512 5626 5568
f 5512 5575 5626
f 5460 5627 5504
f 5460 5599 5627
f 5467 5606 5619
f 5533 5628 5591
f 5533 5590 5628
f 5473 5559 5620
f 5473 5620 5578
f 5562 5563 5629
f 5562 5629 5611
f 5563 5487 5630
f 5563 5630 5629
f 5384 5631 5441
f 5384 5552 5631
f 5487 5488 5632
f 5487 5632 5630
f 5388 5442 5633
f 5388 5633 5557
f 5499 5566 5634
f 5499 5635 5500
f 5499 5634 5635
f 5567 5636 5566
f 5567 5615 5636
f 5566 5636 5634
f 5534 5581 5637
f 5534 5637 5535
f 5488 5638 5632
f 5488 5639 5638
f 5488 5451 5639
f 5500 5635 5640
f 5500 5640 5641
f 5500 5641 5455
f 5548 5642 5590
f 5548 5549 5642
f 5520 5522 5643
f 5520 5643 5592
f 5541 5644 5594
f 5541 5612 5644
f 5513 5585 5645
f 5513 5645 5584
f 5517 5646 5586
f 5517 5587 5646
f 5543 5598 5647
f 5543 5647 5616
f 5523 5648 5525
f 5523 5600 5648
f 5470 5535 5649
f 5470 5649 5601
f 5554 5594 5644
f 5554 5644 5610
f 5597 5650 5595
f 5597 5596 5651
f 5597 5652 5650
f 5597 5651 5652
f 5556 5647 5598
f 5556 5617 5647
f 5471 5653 5549
f 5471 5602 5653
f 5580 5607 5654
f 5580 5654 5621
f 5482 5528 5655
f 5482 5655 5622
f 5521 5574 5656
f 5521 5657 5522
f 5521 5656 5657
f 5574 5573 5658
f 5574 5658 5659
f 5574 5659 5660
f 5574 5660 5656
f 5551 5610 5661
f 5551 5661 5609
f 5558 5662 5617
f 5558 5618 5662
f 5576 5524 5663
f 5576 5664 5665
f 5576 5666 5664
f 5576 5665 5575
f 5576 5663 5666
f 5524 5525 5667
f 5524 5667 5663
f 5504 5668 5531
f 5504 5627 5668
f 5591 5669 5620
f 5591 5628 5669
f 5611 5629 5670
f 5611 5671 5612
f 5611 5670 5671
f 5604 5595 5672
f 5604 5673 5624
f 5604 5672 5673
f 5595 5650 5672
f 5596 5605 5674
f 5596 5674 5651
f 5605 5625 5675
f 5605 5675 5674
f 5615 5676 5636
f 5615 5616 5677
f 5615 5677 5676
f 5607 5571 5654
f 5537 5678 5538
f 5537 5560 5679
f 5537 5679 5678
f 5538 5680 5536
f 5538 5678 5680
f 5536 5680 5582
f 5441 5681 5476
f 5441 5631 5681
f 5442 5479 5682
f 5442 5682 5633
f 5545 5683 5547
f 5545 5588 5683
f 5547 5684 5546
f 5547 5683 5684
f 5546 5685 5569
f 5546 5684 5685
f 5620 5669 5578
f 5581 5686 5637
f 5581 5621 5686
f 5561 5609 5687
f 5561 5687 5623
f 5629 5630 5688
f 5629 5688 5670
f 5630 5632 5689
f 5630 5689 5688
f 5632 5638 5689
f 5635 5634 5690
f 5635 5690 5640
f 5636 5691 5634
f 5636 5676 5691
f 5634 5691 5690
f 5568 5692 5618
f 5568 5626 5692
f 5590 5642 5693
f 5590 5693 5628
f 5560 5593 5694
f 5560 5694 5679
f 5449 5695 5552
f 5449 5583 5695
f 5612 5696 5644
f 5612 5671 5696
f 5585 5624 5697
f 5585 5697 5645
f 5586 5698 5625
f 5586 5646 5698
f 5616 5647 5699
f 5616 5699 5677
f 5457 5557 5700
f 5457 5700 5589
f 5569 5701 5599
f 5569 5685 5701
f 5571 5572 5702
f 5571 5702 5654
f 5476 5703 5489
f 5476 5681 5703
f 5489 5704 5491
f 5489 5703 5704
f 5491 5705 5492
f 5491 5704 5705
f 5492 5706 5493
f 5492 5705 5706
f 5493 5706 5494
f 5494 5707 5495
f 5494 5706 5707
f 5495 5708 5496
f 5495 5707 5708
f 5496 5709 5479
f 5496 5708 5709
f 5479 5709 5682
f 5578 5710 5579
f 5578 5669 5710
f 5535 5637 5711
f 5535 5711 5649
f 5528 5601 5712
f 5528 5712 5655
f 5522 5657 5713
f 5522 5714 5643
f 5522 5713 5714
f 5659 5658 5715
f 5659 5715 5660
f 5573 5716 5658
f 5573 5623 5716
f 5610 5644 5696
f 5610 5696 5717
f 5610 5718 5661
f 5610 5717 5718
f 5647 5617 5699
f 5617 5719 5699
f 5617 5662 5720
f 5617 5720 5719
f 5664 5721 5665
f 5664 5666 5721
f 5575 5665 5722
f 5575 5722 5626
f 5525 5723 5667
f 5525 5648 5724
f 5525 5724 5723
f 5531 5725 5602
f 5531 5668 5725
f 5549 5726 5642
f 5549 5653 5726
f 5637 5686 5727
f 5637 5727 5711
f 5624 5673 5728
f 5624 5728 5697
f 5625 5729 5675
f 5625 5698 5729
f 5642 5730 5693
f 5642 5726 5730
f 5621 5654 5731
f 5621 5731 5686
f 5572 5570 5732
f 5572 5733 5702
f 5572 5734 5733
f 5572 5732 5734
f 5592 5735 5608
f 5592 5643 5735
f 5593 5622 5736
f 5593 5736 5694
f 5670 5688 5737
f 5670 5738 5671
f 5670 5737 5738
f 5490 5739 5564
f 5490 5584 5740
f 5490 5740 5739
f 5672 5741 5673
f 5672 5650 5742
f 5672 5742 5741
f 5652 5743 5650
f 5652 5651 5744
f 5652 5745 5743
f 5652 5744 5745
f 5674 5746 5651
f 5674 5675 5747
f 5674 5747 5746
f 5497 5565 5748
f 5497 5749 5587
f 5497 5748 5749
f 5676 5677 5750
f 5676 5751 5691
f 5676 5750 5751
f 5599 5752 5627
f 5599 5701 5752
f 5600 5753 5648
f 5600 5619 5753
f 5579 5754 5577
f 5579 5710 5755
f 5579 5755 5756
f 5579 5756 5754
f 5628 5757 5669
f 5628 5693 5757
f 5657 5656 5758
f 5657 5758 5713
f 5656 5660 5759
f 5656 5759 5758
f 5663 5667 5760
f 5663 5761 5666
f 5663 5760 5761
f 5667 5723 5760
f 5570 5603 5762
f 5570 5762 5732
f 5688 5689 5763
f 5688 5763 5737
f 5689 5638 5764
f 5689 5764 5763
f 5638 5639 5765
f 5638 5765 5764
f 5671 5717 5696
f 5671 5738 5717
f 5639 5451 5613
f 5639 5766 5765
f 5639 5767 5766
f 5639 5613 5767
f 5673 5741 5768
f 5673 5768 5728
f 5650 5743 5742
f 5651 5746 5744
f 5675 5769 5747
f 5675 5729 5769
f 5641 5640 5770
f 5641 5614 5455
f 5641 5770 5771
f 5641 5771 5772
f 5641 5772 5614
f 5677 5699 5719
f 5677 5719 5750
f 5640 5690 5773
f 5640 5773 5770
f 5691 5774 5690
f 5691 5751 5774
f 5690 5774 5773
f 5577 5775 5606
f 5577 5754 5775
f 5654 5702 5731
f 5608 5776 5603
f 5608 5735 5776
f 5643 5714 5735
f 5609 5661 5777
f 5609 5777 5687
f 5618 5778 5662
f 5618 5692 5778
f 5648 5753 5724
f 5619 5606 5779
f 5619 5779 5753
f 5669 5757 5710
f 5649 5780 5601
f 5649 5711 5781
f 5649 5781 5782
f 5649 5782 5780
f 5603 5776 5762
f 5658 5783 5715
f 5658 5716 5783
f 5665 5721 5784
f 5665 5784 5722
f 5606 5775 5779
f 5653 5602 5785
f 5653 5786 5726
f 5653 5785 5787
f 5653 5787 5786
f 5686 5731 5788
f 5686 5788 5727
f 5601 5780 5789
f 5601 5789 5712
f 5622 5655 5790
f 5622 5790 5736
f 5564 5791 5613
f 5564 5739 5791
f 5565 5614 5792
f 5565 5792 5748
f 5627 5793 5668
f 5627 5752 5793
f 5602 5794 5785
f 5602 5725 5794
f 5693 5795 5757
f 5693 5730 5795
f 5711 5727 5796
f 5711 5796 5781
f 5623 5797 5716
f 5623 5687 5797
f 5737 5763 5798
f 5737 5799 5738
f 5737 5798 5799
f 5745 5800 5743
f 5745 5744 5801
f 5745 5802 5800
f 5745 5801 5802
f 5751 5750 5803
f 5751 5804 5774
f 5751 5803 5804
f 5626 5805 5692
f 5626 5722 5805
f 5726 5806 5730
f 5726 5786 5806
f 5660 5715 5807
f 5660 5807 5759
f 5552 5808 5631
f 5552 5695 5808
f 5557 5633 5809
f 5557 5809 5700
f 5666 5810 5721
f 5666 5761 5810
f 5731 5702 5788
f 5702 5733 5788
f 5679 5811 5678
f 5679 5694 5812
f 5679 5812 5811
f 5678 5813 5680
f 5678 5811 5813
f 5661 5718 5777
f 5763 5764 5814
f 5763 5814 5798
f 5764 5765 5815
f 5764 5815 5814
f 5765 5766 5815
f 5738 5816 5717
f 5738 5799 5816
f 5584 5645 5817
f 5584 5817 5740
f 5742 5743 5818
f 5742 5819 5741
f 5742 5818 5819
f 5743 5800 5818
f 5744 5746 5820
f 5744 5820 5801
f 5746 5747 5821
f 5746 5821 5820
f 5587 5822 5646
f 5587 5749 5822
f 5750 5719 5823
f 5750 5823 5803
f 5770 5773 5824
f 5770 5824 5771
f 5774 5825 5773
f 5774 5804 5825
f 5773 5825 5824
f 5662 5778 5720
f 5684 5826 5685
f 5684 5683 5827
f 5684 5827 5826
f 5685 5828 5701
f 5685 5826 5828
f 5710 5757 5795
f 5710 5795 5755
f 5680 5813 5582
f 5683 5588 5827
f 5713 5758 5829
f 5713 5829 5714
f 5741 5819 5830
f 5741 5830 5768
f 5747 5831 5821
f 5747 5769 5831
f 5723 5832 5760
f 5723 5724 5832
f 5655 5712 5833
f 5655 5833 5790
f 5694 5736 5834
f 5694 5834 5812
f 5758 5759 5835
f 5758 5835 5829
f 5715 5783 5836
f 5715 5837 5807
f 5715 5838 5837
f 5715 5839 5838
f 5715 5836 5839
f 5583 5582 5840
f 5583 5841 5695
f 5583 5840 5841
f 5589 5842 5588
f 5589 5700 5843
f 5589 5843 5842
f 5721 5844 5784
f 5721 5810 5845
f 5721 5845 5846
f 5721 5846 5847
f 5721 5847 5844
f 5760 5848 5761
f 5760 5832 5848
f 5701 5849 5752
f 5701 5828 5849
f 5668 5850 5725
f 5668 5793 5850
f 5727 5788 5851
f 5727 5851 5796
f 5717 5816 5718
f 5798 5816 5799
f 5798 5814 5852
f 5798 5852 5816
f 5802 5853 5800
f 5802 5801 5854
f 5802 5855 5853
f 5802 5854 5855
f 5804 5803 5823
f 5804 5856 5825
f 5804 5823 5856
f 5719 5720 5823
f 5730 5857 5795
f 5730 5806 5857
f 5645 5697 5858
f 5645 5858 5817
f 5818 5800 5859
f 5818 5860 5819
f 5818 5859 5860
f 5820 5861 5801
f 5820 5862 5861
f 5820 5821 5862
f 5646 5863 5698
f 5646 5822 5863
f 5788 5733 5851
f 5781 5796 5864
f 5781 5864 5782
f 5780 5865 5789
f 5780 5782 5865
f 5714 5829 5735
f 5716 5866 5783
f 5716 5797 5866
f 5687 5777 5867
f 5687 5867 5797
f 5767 5868 5766
f 5767 5613 5791
f 5767 5869 5868
f 5767 5870 5869
f 5767 5791 5870
f 5631 5871 5681
f 5631 5808 5871
f 5800 5853 5859
f 5801 5861 5854
f 5633 5682 5872
f 5633 5872 5809
f 5772 5771 5873
f 5772 5792 5614
f 5772 5873 5874
f 5772 5874 5875
f 5772 5875 5792
f 5692 5876 5778
f 5692 5805 5876
f 5722 5784 5877
f 5722 5877 5805
f 5724 5753 5832
f 5785 5794 5878
f 5785 5878 5787
f 5786 5879 5806
f 5786 5787 5879
f 5795 5857 5755
f 5733 5734 5880
f 5733 5880 5851
f 5759 5807 5835
f 5814 5815 5881
f 5814 5881 5852
f 5815 5766 5882
f 5815 5882 5881
f 5766 5868 5882
f 5771 5824 5883
f 5771 5883 5873
f 5825 5884 5824
f 5825 5856 5884
f 5824 5884 5883
f 5761 5848 5810
f 5755 5885 5756
f 5755 5857 5885
f 5736 5790 5886
f 5736 5886 5834
f 5582 5813 5840
f 5718 5816 5887
f 5718 5888 5777
f 5718 5887 5888
f 5720 5889 5823
f 5720 5778 5890
f 5720 5890 5889
f 5588 5842 5827
f 5752 5891 5793
f 5752 5849 5891
f 5681 5892 5703
f 5681 5871 5892
f 5697 5728 5893
f 5697 5893 5858
f 5703 5894 5704
f 5703 5892 5894
f 5704 5895 5705
f 5704 5894 5895
f 5705 5896 5706
f 5705 5895 5896
f 5706 5896 5707
f 5707 5897 5708
f 5707 5896 5897
f 5708 5898 5709
f 5708 5897 5898
f 5709 5899 5682
f 5709 5898 5899
f 5698 5900 5729
f 5698 5863 5900
f 5682 5899 5872
f 5712 5789 5901
f 5712 5901 5902
f 5712 5902 5833
f 5816 5852 5887
f 5852 5881 5903
f 5852 5903 5887
f 5819 5860 5904
f 5819 5904 5830
f 5859 5853 5905
f 5859 5906 5860
f 5859 5905 5906
f 5855 5907 5853
f 5855 5854 5907
f 5861 5908 5854
f 5861 5862 5909
f 5861 5909 5908
f 5821 5910 5862
f 5821 5831 5910
f 5856 5823 5889
f 5856 5911 5884
f 5856 5889 5911
f 5725 5912 5794
f 5725 5913 5912
f 5725 5850 5913
f 5735 5914 5776
f 5735 5829 5914
f 5812 5915 5811
f 5812 5834 5915
f 5783 5866 5916
f 5783 5916 5836
f 5728 5768 5893
f 5729 5900 5769
f 5784 5917 5877
f 5784 5844 5917
f 5828 5826 5918
f 5828 5918 5849
f 5753 5919 5832
f 5753 5779 5919
f 5796 5851 5920
f 5796 5920 5864
f 5789 5921 5901
f 5789 5865 5921
f 5811 5922 5813
f 5811 5915 5923
f 5811 5923 5922
f 5777 5888 5867
f 5881 5882 5924
f 5881 5924 5903
f 5853 5907 5905
f 5854 5908 5907
f 5884 5925 5883
f 5884 5911 5925
f 5778 5876 5890
f 5826 5827 5926
f 5826 5927 5918
f 5826 5926 5927
f 5794 5912 5928
f 5794 5928 5878
f 5806 5929 5857
f 5806 5879 5929
f 5734 5930 5880
f 5734 5732 5931
f 5734 5932 5930
f 5734 5933 5932
f 5734 5931 5933
f 5807 5837 5934
f 5807 5935 5835
f 5807 5934 5935
f 5695 5936 5808
f 5695 5841 5936
f 5882 5868 5937
f 5882 5937 5924
f 5868 5869 5937
f 5768 5830 5893
f 5769 5900 5831
f 5873 5883 5938
f 5873 5938 5874
f 5883 5925 5938
f 5700 5809 5939
f 5700 5939 5843
f 5810 5940 5845
f 5810 5848 5941
f 5810 5941 5940
f 5756 5942 5754
f 5756 5885 5943
f 5756 5943 5944
f 5756 5944 5945
f 5756 5945 5942
f 5782 5864 5946
f 5782 5946 5865
f 5790 5833 5947
f 5790 5947 5886
f 5813 5922 5840
f 5797 5867 5948
f 5797 5948 5866
f 5740 5817 5949
f 5740 5950 5739
f 5740 5949 5950
f 5860 5906 5904
f 5907 5951 5905
f 5907 5908 5951
f 5862 5910 5909
f 5749 5952 5822
f 5749 5748 5953
f 5749 5953 5952
f 5805 5954 5876
f 5805 5877 5954
f 5827 5842 5926
f 5793 5955 5850
f 5793 5891 5955
f 5787 5956 5879
f 5787 5878 5956
f 5851 5880 5920
f 5776 5957 5762
f 5776 5914 5957
f 5829 5835 5914
f 5837 5838 5958
f 5837 5958 5934
f 5845 5959 5846
f 5845 5940 5959
f 5832 5919 5848
f 5779 5775 5960
f 5779 5960 5919
f 5857 5929 5885
f 5880 5930 5920
f 5732 5762 5961
f 5732 5961 5931
f 5762 5957 5961
f 5817 5962 5949
f 5817 5858 5962
f 5830 5904 5893
f 5905 5963 5906
f 5905 5964 5963
f 5905 5951 5964
f 5908 5909 5965
f 5908 5966 5951
f 5908 5965 5966
f 5831 5900 5910
f 5822 5967 5863
f 5822 5952 5967
f 5775 5754 5968
f 5775 5968 5960
f 5754 5942 5968
f 5885 5929 5943
f 5834 5886 5969
f 5834 5969 5915
f 5903 5924 5970
f 5903 5971 5887
f 5903 5970 5971
f 5739 5972 5791
f 5739 5950 5972
f 5906 5963 5904
f 5909 5910 5965
f 5748 5973 5953
f 5748 5792 5973
f 5911 5889 5974
f 5911 5975 5925
f 5911 5974 5975
f 5849 5918 5976
f 5849 5976 5891
f 5838 5839 5977
f 5838 5977 5958
f 5924 5937 5978
f 5924 5978 5970
f 5937 5869 5979
f 5937 5979 5978
f 5887 5971 5888
f 5869 5870 5980
f 5869 5980 5979
f 5870 5791 5981
f 5870 5982 5980
f 5870 5981 5982
f 5875 5874 5983
f 5875 5984 5792
f 5875 5983 5985
f 5875 5985 5984
f 5889 5890 5974
f 5874 5938 5986
f 5874 5986 5983
f 5925 5987 5938
f 5925 5975 5987
f 5938 5987 5986
f 5846 5988 5847
f 5846 5959 5988
f 5867 5888 5989
f 5867 5989 5948
f 5949 5990 5950
f 5949 5962 5991
f 5949 5991 5990
f 5858 5992 5962
f 5858 5893 5992
f 5863 5967 5993
f 5863 5993 5900
f 5952 5994 5967
f 5952 5953 5995
f 5952 5995 5994
f 5876 5996 5890
f 5876 5954 5996
f 5901 5997 5902
f 5901 5921 5997
f 5839 5836 5998
f 5839 5998 5977
f 5866 5999 5916
f 5866 5948 5999
f 5808 6000 5871
f 5808 5936 6000
f 5904 5963 6001
f 5904 6001 5893
f 5910 6002 5965
f 5910 5900 6002
f 5809 5872 6003
f 5809 6003 5939
f 5847 6004 5844
f 5847 5988 6004
f 5877 5917 6005
f 5877 6005 5954
f 5912 5913 6006
f 5912 6006 5928
f 5864 5920 6007
f 5864 6007 5946
f 5791 5972 6008
f 5791 6008 5981
f 5950 6009 5972
f 5950 5990 6009
f 5962 6010 5991
f 5962 5992 6010
f 5963 5964 6011
f 5963 6011 6001
f 6012 6013 6014
f 6012 6015 6013
f 6012 6014 6016
f 6012 6016 6017
f 6012 6018 6015
f 6012 6017 6018
f 6013 6019 6014
f 6013 6020 6019
f 6013 6015 6021
f 6013 6021 6020
f 5951 6021 5964
f 5951 5966 6021
f 6019 6022 6014
f 6019 6023 6022
f 6019 6020 6024
f 6019 6024 6023
f 5965 6025 5966
f 5965 6002 6025
f 5967 6026 5993
f 5967 5994 6026
f 5953 6027 5995
f 5953 5973 6027
f 5792 6028 5973
f 5792 5984 6028
f 5879 6029 5929
f 5879 5956 6029
f 5865 5946 6030
f 5865 6030 5921
f 5833 5902 6031
f 5833 6032 5947
f 5833 6031 6032
f 5835 6033 5914
f 5835 5935 6033
f 5888 5971 6034
f 5888 6034 5989
f 5964 6015 6011
f 5964 6021 6015
f 6016 6014 6035
f 6016 6036 6017
f 6016 6035 6036
f 6014 6022 6035
f 6022 6023 6037
f 6022 6037 6035
f 5966 6025 6020
f 5966 6020 6021
f 5890 6038 5974
f 5890 5996 6038
f 5848 5919 6039
f 5848 6039 5941
f 5850 6040 5913
f 5850 5955 6041
f 5850 6041 6040
f 5878 5928 6042
f 5878 6042 5956
f 5886 5947 6043
f 5886 6043 5969
f 5915 6044 5923
f 5915 5969 6044
f 5970 5978 6045
f 5970 6034 5971
f 5970 6045 6034
f 5991 6046 5990
f 5991 6047 6046
f 5991 6010 6047
f 5992 5893 6048
f 5992 6049 6010
f 5992 6048 6049
f 5893 6001 6050
f 5893 6050 6048
f 5900 5993 6051
f 5900 6052 6002
f 5900 6051 6052
f 5993 6026 6053
f 5993 6053 6051
f 5994 6054 6026
f 5994 6055 6054
f 5994 5995 6055
f 5975 5974 6038
f 5975 6056 5987
f 5975 6038 6056
f 5918 5927 6057
f 5918 6057 5976
f 5891 5976 6058
f 5891 6058 5955
f 5914 6033 5957
f 5916 6059 5836
f 5916 5999 6059
f 5972 6009 6060
f 5972 6060 6008
f 5990 6046 6061
f 5990 6061 6009
f 6046 6047 6062
f 6046 6062 6061
f 6047 6010 6062
f 6010 6049 6062
f 5871 6063 5892
f 5871 6000 6063
f 6001 6011 6064
f 6001 6064 6050
f 6011 6065 6064
f 6011 6015 6065
f 6025 6002 6066
f 6025 6067 6020
f 6025 6066 6067
f 6002 6052 6066
f 5872 5899 6068
f 5872 6068 6003
f 6026 6054 6069
f 6026 6069 6053
f 6054 6055 6069
f 6055 5995 6070
f 6055 6070 6069
f 5995 6027 6070
f 5973 6071 6027
f 5973 6028 6071
f 5917 5844 6072
f 5917 6072 6005
f 5919 5960 6039
f 5920 5930 6007
f 5978 5979 6073
f 5978 6073 6045
f 5979 5980 6074
f 5979 6074 6073
f 5980 5982 6075
f 5980 6075 6074
f 6062 6076 6061
f 6062 6049 6076
f 5892 6077 5894
f 5892 6063 6077
f 5894 6078 5895
f 5894 6077 6078
f 5895 6079 5896
f 5895 6078 6079
f 5896 6079 5897
f 5897 6080 5898
f 5897 6079 6080
f 5898 6081 5899
f 5898 6080 6081
f 5899 6081 6068
f 6069 6082 6053
f 6069 6070 6082
f 5983 5986 6083
f 5983 6084 5985
f 5983 6083 6084
f 5987 6085 5986
f 5987 6056 6085
f 5986 6085 6083
f 5929 6029 5943
f 5902 6086 6031
f 5902 5997 6086
f 5922 5923 6087
f 5922 6088 5840
f 5922 6087 6088
f 5934 6089 5935
f 5934 5958 6090
f 5934 6090 6089
f 5841 5840 6088
f 5841 6091 5936
f 5841 6088 6092
f 5841 6092 6091
f 6061 6076 6093
f 6061 6093 6009
f 6076 6049 6094
f 6076 6094 6095
f 6076 6095 6093
f 6049 6048 6094
f 6096 6065 6097
f 6096 6097 6098
f 6096 6099 6100
f 6096 6101 6099
f 6096 6100 6065
f 6096 6098 6101
f 6097 6065 6015
f 6097 6015 6102
f 6097 6103 6098
f 6097 6102 6103
f 6104 6067 6105
f 6104 6105 6106
f 6104 6020 6067
f 6104 6107 6020
f 6104 6106 6108
f 6104 6108 6107
f 6105 6109 6110
f 6105 6110 6111
f 6105 6067 6109
f 6105 6111 6106
f 6053 6082 6112
f 6053 6112 6051
f 6082 6070 6113
f 6082 6114 6112
f 6082 6113 6114
f 6070 6027 6113
f 5843 6115 5842
f 5843 5939 6116
f 5843 6117 6115
f 5843 6116 6117
f 5940 5941 6118
f 5940 6119 5959
f 5940 6118 6119
f 5926 6120 5927
f 5926 5842 6115
f 5926 6115 6120
f 5913 6040 6121
f 5913 6121 6006
f 5930 5932 6007
f 5948 5989 6122
f 5948 6122 5999
f 5982 5981 6123
f 5982 6124 6075
f 5982 6123 6124
f 6009 6093 6060
f 6048 6125 6094
f 6048 6050 6125
f 6064 6100 6050
f 6064 6065 6100
f 6015 6018 6102
f 6020 6107 6024
f 6066 6052 6109
f 6066 6109 6067
f 6051 6126 6052
f 6051 6112 6126
f 6027 6071 6113
f 5985 6127 5984
f 5985 6084 6128
f 5985 6128 6127
f 5954 6129 5996
f 5954 6005 6129
f 5943 6029 5944
f 5923 6044 6130
f 5923 6130 6087
f 5935 6131 6033
f 5935 6089 6131
f 6095 6094 6132
f 6095 6133 6093
f 6095 6132 6133
f 6099 6101 6134
f 6099 6134 6135
f 6099 6135 6100
f 6110 6136 6111
f 6110 6137 6136
f 6110 6109 6137
f 6114 6138 6112
f 6114 6113 6139
f 6114 6139 6138
f 5941 6039 6140
f 5941 6140 6118
f 5927 6120 6141
f 5927 6141 6057
f 5946 6007 6142
f 5946 6142 6030
f 5921 6143 5997
f 5921 6030 6143
f 5958 5977 6144
f 5958 6144 6090
f 5981 6008 6145
f 5981 6145 6123
f 6094 6125 6132
f 6050 6146 6125
f 6050 6100 6146
f 6036 6147 6017
f 6036 6035 6147
f 6037 6023 6147
f 6037 6147 6035
f 6052 6126 6148
f 6052 6148 6109
f 6112 6138 6126
f 5984 6149 6028
f 5984 6127 6149
f 5959 6150 5988
f 5959 6119 6150
f 5928 6006 6151
f 5928 6151 6042
f 5956 6152 6029
f 5956 6042 6152
f 5957 6033 6153
f 5957 6153 5961
f 5836 6154 5998
f 5836 6059 6155
f 5836 6156 6154
f 5836 6155 6156
f 5844 6004 6157
f 5844 6158 6072
f 5844 6159 6158
f 5844 6157 6159
f 5960 6160 6039
f 5960 5968 6160
f 5947 6161 6043
f 5947 6032 6161
f 5969 6162 6044
f 5969 6043 6162
f 6008 6060 6163
f 6008 6163 6145
f 6060 6093 6164
f 6060 6164 6163
f 6093 6133 6164
f 6133 6132 6165
f 6133 6166 6164
f 6133 6165 6166
f 6134 6101 6167
f 6134 6168 6135
f 6134 6167 6168
f 6017 6169 6018
f 6017 6147 6169
f 6023 6024 6169
f 6023 6169 6147
f 6136 6170 6111
f 6136 6171 6170
f 6136 6137 6171
f 6139 6113 6172
f 6139 6173 6138
f 6139 6174 6173
f 6139 6172 6174
f 6113 6071 6172
f 6071 6028 6175
f 6071 6175 6172
f 6028 6149 6175
f 5988 6176 6004
f 5988 6150 6176
f 5976 6057 6177
f 5976 6177 6058
f 5955 6058 6178
f 5955 6178 6041
f 6031 6179 6032
f 6031 6086 6179
f 6045 6073 6180
f 6045 6181 6034
f 6045 6180 6181
f 6132 6125 6182
f 6132 6182 6165
f 6125 6146 6182
f 6126 6138 6183
f 6126 6183 6148
f 6138 6173 6183
f 6056 6184 6085
f 6056 6038 6185
f 6056 6185 6184
f 6040 6041 6186
f 6040 6186 6121
f 6007 5932 6142
f 5933 6187 5932
f 5933 5931 6188
f 5933 6189 6187
f 5933 6188 6189
f 6033 6131 6153
f 5998 6154 6190
f 5989 6034 6181
f 5989 6181 6191
f 5989 6191 6122
f 5936 6192 6000
f 5936 6091 6192
f 6073 6074 6193
f 6073 6193 6180
f 6166 6194 6164
f 6166 6195 6194
f 6166 6165 6195
f 6100 6135 6146
f 6109 6148 6137
f 6174 6196 6173
f 6174 6172 6197
f 6174 6197 6196
f 6085 6198 6083
f 6085 6184 6198
f 5939 6003 6199
f 5939 6199 6116
f 5996 6185 6038
f 5996 6200 6185
f 5996 6129 6200
f 6004 6176 6157
f 6039 6160 6140
f 5945 5944 6201
f 5945 6202 5942
f 5945 6201 6203
f 5945 6203 6202
f 6029 6152 5944
f 5932 6187 6142
f 5999 6204 6059
f 5999 6122 6204
f 6074 6075 6205
f 6074 6205 6193
f 6075 6124 6206
f 6075 6206 6205
f 6084 6083 6207
f 6084 6208 6128
f 6084 6207 6208
f 6083 6198 6207
f 6005 6072 6209
f 6005 6209 6129
f 5944 6152 6201
f 5961 6210 5931
f 5961 6153 6210
f 6124 6123 6211
f 6124 6212 6206
f 6124 6211 6212
f 6164 6194 6213
f 6164 6213 6163
f 6194 6214 6213
f 6194 6215 6214
f 6194 6195 6215
f 6165 6182 6216
f 6165 6216 6195
f 6146 6217 6182
f 6146 6135 6217
f 6148 6218 6137
f 6148 6183 6218
f 6173 6219 6183
f 6173 6196 6219
f 6197 6172 6220
f 6197 6220 6221
f 6197 6221 6222
f 6197 6222 6196
f 6172 6175 6220
f 6128 6223 6127
f 6128 6208 6224
f 6128 6224 6223
f 5968 5942 6225
f 5968 6225 6160
f 5997 6226 6086
f 5997 6143 6226
f 6180 6193 6227
f 6180 6227 6228
f 6180 6228 6181
f 6123 6145 6229
f 6123 6229 6211
f 6163 6213 6230
f 6163 6230 6145
f 6213 6214 6231
f 6213 6231 6230
f 6214 6232 6231
f 6214 6215 6232
f 6101 6233 6167
f 6101 6098 6234
f 6101 6234 6233
f 6111 6235 6106
f 6111 6170 6236
f 6111 6236 6235
f 6221 6220 6237
f 6221 6237 6238
f 6221 6238 6222
f 6220 6175 6239
f 6220 6239 6237
f 6175 6149 6239
f 6127 6240 6149
f 6127 6223 6240
f 6184 6241 6198
f 6184 6242 6241
f 6184 6185 6242
f 6006 6121 6243
f 6006 6243 6151
f 6030 6142 6244
f 6030 6244 6143
f 5931 6210 6188
f 6193 6205 6227
f 6205 6206 6212
f 6205 6212 6227
f 6145 6230 6229
f 6231 6232 6230
f 6000 6245 6063
f 6000 6192 6245
f 6182 6217 6216
f 6135 6246 6217
f 6135 6168 6246
f 6167 6247 6168
f 6167 6233 6247
f 6098 6103 6248
f 6098 6248 6249
f 6098 6249 6234
f 6103 6102 6250
f 6103 6251 6248
f 6103 6250 6251
f 6108 6106 6252
f 6108 6250 6107
f 6108 6252 6253
f 6108 6253 6250
f 6106 6254 6252
f 6106 6235 6254
f 6170 6171 6255
f 6170 6255 6236
f 6137 6218 6256
f 6137 6256 6171
f 6183 6219 6218
f 6003 6068 6257
f 6003 6257 6199
f 6237 6239 6238
f 6149 6240 6239
f 6208 6207 6224
f 6207 6198 6241
f 6207 6241 6224
f 5942 6202 6225
f 6042 6258 6152
f 6042 6151 6258
f 6044 6162 6259
f 6044 6259 6130
f 6089 6260 6131
f 6089 6090 6260
f 6087 6261 6088
f 6087 6130 6262
f 6087 6262 6261
f 6227 6212 6263
f 6227 6263 6228
f 6212 6211 6264
f 6212 6264 6265
f 6212 6265 6266
f 6212 6266 6263
f 6195 6267 6215
f 6195 6216 6267
f 6063 6268 6077
f 6063 6245 6268
f 6068 6081 6269
f 6068 6269 6257
f 6196 6222 6270
f 6196 6270 6219
f 6224 6241 6271
f 6224 6272 6223
f 6224 6273 6272
f 6224 6274 6273
f 6224 6271 6274
f 6241 6242 6271
f 6120 6115 6275
f 6120 6276 6141
f 6120 6275 6276
f 6118 6140 6277
f 6118 6277 6119
f 6057 6278 6177
f 6057 6141 6278
f 6043 6279 6162
f 6043 6161 6279
f 6131 6280 6153
f 6131 6260 6280
f 6211 6229 6281
f 6211 6281 6264
f 6230 6281 6229
f 6230 6232 6281
f 6246 6282 6217
f 6246 6283 6282
f 6246 6168 6283
f 6077 6284 6078
f 6077 6268 6284
f 6102 6018 6285
f 6102 6285 6250
f 6078 6286 6079
f 6078 6284 6286
f 6079 6286 6080
f 6080 6287 6081
f 6080 6286 6287
f 6107 6285 6024
f 6107 6250 6285
f 6081 6287 6269
f 6256 6218 6288
f 6256 6288 6289
f 6256 6289 6171
f 6239 6290 6238
f 6239 6240 6290
f 6223 6290 6240
f 6223 6272 6290
f 6140 6160 6291
f 6140 6291 6277
f 6058 6177 6292
f 6058 6292 6178
f 6032 6293 6161
f 6032 6179 6293
f 6153 6280 6210
f 6181 6228 6191
f 6265 6264 6294
f 6265 6294 6295
f 6265 6295 6296
f 6265 6296 6266
f 6232 6215 6297
f 6232 6297 6281
f 6215 6267 6297
f 6217 6298 6216
f 6217 6282 6298
f 6018 6169 6285
f 6024 6285 6169
f 6218 6299 6288
f 6218 6219 6299
f 6222 6238 6300
f 6222 6300 6270
f 6238 6290 6300
f 6273 6301 6272
f 6273 6302 6301
f 6273 6303 6302
f 6273 6274 6303
f 6185 6200 6242
f 6160 6225 6291
f 6041 6178 6304
f 6041 6304 6186
f 6142 6187 6244
f 6059 6305 6155
f 6059 6204 6306
f 6059 6306 6305
f 6264 6281 6297
f 6264 6297 6294
f 6216 6298 6267
f 6282 6295 6298
f 6282 6307 6295
f 6282 6283 6307
f 6288 6299 6302
f 6288 6302 6308
f 6288 6308 6289
f 6219 6270 6299
f 6272 6300 6290
f 6272 6301 6300
f 6072 6158 6309
f 6072 6310 6209
f 6072 6309 6310
f 6152 6258 6201
f 6187 6189 6244
f 6086 6311 6179
f 6086 6226 6311
f 6092 6088 6261
f 6092 6312 6091
f 6092 6261 6312
f 6263 6313 6228
f 6263 6266 6314
f 6263 6314 6313
f 6295 6294 6298
f 6295 6307 6296
f 6298 6294 6267
f 6168 6247 6283
f 6171 6289 6255
f 6299 6301 6302
f 6299 6270 6301
f 6302 6303 6308
f 6271 6242 6315
f 6271 6316 6274
f 6271 6315 6316
f 6117 6275 6115
f 6117 6116 6317
f 6117 6317 6275
f 6121 6186 6318
f 6121 6318 6243
f 6201 6258 6203
f 6090 6144 6319
f 6090 6319 6260
f 6228 6320 6191
f 6228 6313 6320
f 6297 6267 6294
f 6283 6321 6307
f 6283 6247 6321
f 6289 6308 6322
f 6289 6322 6255
f 6270 6300 6301
f 6242 6200 6323
f 6242 6323 6315
f 6119 6324 6150
f 6119 6277 6324
f 6143 6244 6325
f 6143 6325 6226
f 6266 6296 6326
f 6266 6326 6314
f 6307 6327 6296
f 6307 6321 6327
f 6233 6234 6328
f 6233 6329 6247
f 6233 6328 6329
f 6236 6330 6235
f 6236 6255 6331
f 6236 6331 6330
f 6308 6303 6332
f 6308 6332 6322
f 6274 6333 6303
f 6274 6316 6333
f 6151 6334 6258
f 6151 6243 6334
f 6122 6191 6335
f 6122 6335 6204
f 6129 6336 6200
f 6129 6209 6336
f 6296 6327 6326
f 6249 6248 6337
f 6249 6338 6234
f 6249 6337 6338
f 6248 6251 6339
f 6248 6339 6337
f 6252 6254 6340
f 6252 6341 6253
f 6252 6340 6341
f 6254 6235 6342
f 6254 6342 6340
f 6303 6333 6332
f 6210 6280 6343
f 6210 6343 6188
f 6162 6279 6344
f 6162 6344 6259
f 6144 6190 6345
f 6144 6345 6319
f 6191 6320 6335
f 6200 6336 6323
f 6150 6346 6176
f 6150 6324 6346
f 6177 6347 6292
f 6177 6278 6347
f 6225 6348 6291
f 6225 6202 6348
f 6161 6349 6279
f 6161 6293 6349
f 6091 6350 6192
f 6091 6312 6350
f 6234 6338 6328
f 6351 6251 6250
f 6351 6352 6251
f 6351 6250 6253
f 6351 6253 6353
f 6351 6354 6355
f 6351 6355 6356
f 6351 6357 6354
f 6351 6358 6357
f 6351 6356 6352
f 6351 6353 6358
f 6235 6330 6342
f 6116 6199 6359
f 6116 6359 6317
f 6178 6292 6360
f 6178 6360 6304
f 6244 6189 6325
f 6189 6361 6325
f 6189 6188 6361
f 6179 6311 6362
f 6179 6362 6293
f 6280 6260 6363
f 6280 6363 6343
f 6130 6364 6262
f 6130 6259 6364
f 6260 6319 6363
f 6154 6156 6365
f 6154 6366 6190
f 6154 6365 6366
f 6156 6155 6367
f 6156 6367 6368
f 6156 6368 6365
f 6155 6305 6367
f 6320 6313 6369
f 6320 6370 6335
f 6320 6369 6370
f 6313 6314 6371
f 6313 6371 6369
f 6314 6326 6372
f 6314 6372 6371
f 6327 6321 6373
f 6327 6374 6326
f 6327 6373 6374
f 6247 6329 6321
f 6251 6352 6339
f 6253 6341 6353
f 6255 6322 6331
f 6332 6375 6322
f 6332 6333 6376
f 6332 6376 6375
f 6316 6315 6377
f 6316 6378 6333
f 6316 6377 6378
f 6323 6379 6315
f 6323 6336 6380
f 6323 6380 6379
f 6315 6379 6377
f 6158 6159 6381
f 6158 6381 6309
f 6159 6157 6382
f 6159 6383 6381
f 6159 6382 6383
f 6157 6176 6384
f 6157 6384 6382
f 6141 6276 6385
f 6141 6385 6278
f 6277 6291 6386
f 6277 6386 6324
f 6291 6348 6386
f 6186 6387 6318
f 6186 6304 6387
f 6203 6258 6334
f 6203 6334 6388
f 6203 6388 6202
f 6190 6366 6345
f 6321 6329 6373
f 6322 6375 6331
f 6176 6346 6384
f 6226 6325 6389
f 6226 6389 6311
f 6326 6374 6372
f 6333 6378 6376
f 6243 6390 6334
f 6243 6318 6390
f 6262 6391 6261
f 6262 6364 6391
f 6192 6392 6245
f 6192 6350 6392
f 6328 6393 6329
f 6328 6338 6394
f 6328 6394 6393
f 6330 6331 6395
f 6330 6396 6342
f 6330 6395 6396
f 6199 6257 6397
f 6199 6397 6359
f 6276 6275 6398
f 6276 6398 6385
f 6371 6399 6369
f 6371 6400 6399
f 6371 6372 6400
f 6245 6401 6268
f 6245 6392 6401
f 6268 6402 6284
f 6268 6401 6403
f 6268 6403 6402
f 6337 6339 6404
f 6337 6405 6338
f 6337 6404 6405
f 6284 6406 6286
f 6284 6402 6406
f 6286 6406 6287
f 6287 6407 6269
f 6287 6406 6407
f 6340 6408 6341
f 6340 6342 6409
f 6340 6409 6408
f 6269 6410 6257
f 6269 6407 6411
f 6269 6411 6410
f 6257 6410 6397
f 6377 6379 6412
f 6377 6413 6378
f 6377 6412 6413
f 6325 6361 6389
f 6319 6414 6363
f 6319 6345 6414
f 6204 6335 6415
f 6204 6415 6306
f 6335 6370 6416
f 6335 6416 6415
f 6369 6417 6370
f 6369 6399 6417
f 6374 6418 6372
f 6374 6419 6418
f 6374 6373 6419
f 6376 6378 6420
f 6376 6421 6375
f 6376 6420 6421
f 6336 6209 6422
f 6336 6423 6380
f 6336 6422 6423
f 6379 6424 6412
f 6379 6380 6424
f 6209 6310 6422
f 6324 6386 6425
f 6324 6425 6346
f 6334 6390 6388
f 6279 6349 6426
f 6279 6426 6344
f 6370 6417 6427
f 6370 6427 6416
f 6399 6400 6428
f 6399 6428 6417
f 6372 6418 6400
f 6329 6419 6373
f 6329 6393 6419
f 6429 6339 6430
f 6429 6430 6431
f 6429 6432 6339
f 6429 6431 6432
f 6433 6434 6341
f 6433 6435 6434
f 6433 6341 6436
f 6433 6436 6435
f 6331 6375 6421
f 6331 6421 6395
f 6378 6413 6420
f 6412 6437 6413
f 6412 6424 6437
f 6380 6438 6424
f 6380 6423 6438
f 6292 6439 6360
f 6292 6347 6439
f 6361 6188 6440
f 6361 6440 6389
f 6311 6389 6441
f 6311 6441 6362
f 6418 6442 6400
f 6418 6419 6442
f 6430 6339 6443
f 6430 6443 6444
f 6430 6444 6431
f 6434 6445 6341
f 6434 6446 6445
f 6434 6435 6446
f 6420 6413 6447
f 6420 6447 6421
f 6318 6448 6390
f 6318 6387 6448
f 6388 6449 6202
f 6388 6390 6449
f 6293 6362 6450
f 6293 6450 6349
f 6188 6343 6451
f 6188 6452 6440
f 6188 6451 6452
f 6363 6453 6343
f 6363 6414 6453
f 6261 6454 6312
f 6261 6391 6454
f 6400 6442 6428
f 6339 6352 6443
f 6339 6432 6404
f 6341 6445 6353
f 6341 6408 6436
f 6413 6437 6447
f 6275 6317 6455
f 6275 6455 6398
f 6386 6348 6456
f 6386 6456 6425
f 6202 6457 6348
f 6202 6449 6458
f 6202 6458 6457
f 6304 6360 6459
f 6304 6459 6387
f 6343 6453 6451
f 6417 6428 6460
f 6417 6460 6461
f 6417 6461 6427
f 6338 6405 6394
f 6443 6352 6462
f 6443 6462 6463
f 6443 6463 6444
f 6445 6464 6353
f 6445 6465 6464
f 6445 6446 6465
f 6342 6396 6409
f 6424 6466 6437
f 6424 6467 6466
f 6424 6438 6467
f 6348 6457 6456
f 6419 6468 6442
f 6419 6393 6469
f 6419 6470 6468
f 6419 6469 6470
f 6394 6471 6393
f 6394 6405 6472
f 6394 6472 6471
f 6355 6354 6473
f 6355 6474 6356
f 6355 6473 6475
f 6355 6475 6474
f 6354 6357 6473
f 6357 6358 6476
f 6357 6477 6473
f 6357 6476 6477
f 6396 6395 6478
f 6396 6479 6409
f 6396 6478 6479
f 6421 6447 6480
f 6421 6481 6395
f 6421 6480 6482
f 6421 6482 6481
f 6259 6483 6364
f 6259 6344 6483
f 6312 6454 6350
f 6367 6305 6484
f 6367 6484 6368
f 6428 6442 6468
f 6428 6468 6460
f 6431 6444 6432
f 6352 6356 6474
f 6352 6474 6462
f 6358 6353 6476
f 6353 6464 6476
f 6435 6436 6446
f 6437 6480 6447
f 6437 6466 6480
f 6381 6485 6309
f 6381 6383 6485
f 6317 6359 6455
f 6278 6385 6486
f 6278 6486 6347
f 6389 6440 6441
f 6440 6452 6487
f 6440 6487 6441
f 6306 6488 6305
f 6306 6415 6489
f 6306 6489 6488
f 6404 6432 6490
f 6404 6490 6491
f 6404 6491 6405
f 6462 6492 6463
f 6462 6474 6492
f 6464 6465 6493
f 6464 6493 6476
f 6408 6494 6436
f 6408 6495 6494
f 6408 6409 6495
f 6310 6496 6422
f 6310 6309 6497
f 6310 6497 6496
f 6449 6390 6448
f 6449 6498 6458
f 6449 6448 6498
f 6393 6471 6469
f 6444 6463 6432
f 6446 6436 6465
f 6395 6481 6478
f 6362 6441 6499
f 6362 6499 6450
f 6349 6450 6426
f 6468 6500 6460
f 6468 6470 6500
f 6480 6466 6501
f 6480 6501 6482
f 6360 6439 6459
f 6387 6502 6448
f 6387 6459 6502
f 6414 6503 6453
f 6414 6345 6504
f 6414 6504 6503
f 6366 6365 6505
f 6366 6505 6345
f 6365 6368 6506
f 6365 6506 6505
f 6460 6500 6461
f 6432 6463 6507
f 6432 6507 6490
f 6463 6508 6507
f 6463 6492 6508
f 6465 6436 6509
f 6465 6509 6510
f 6465 6510 6493
f 6436 6494 6509
f 6466 6467 6501
f 6382 6384 6511
f 6382 6512 6383
f 6382 6511 6512
f 6384 6346 6511
f 6425 6456 6513
f 6425 6514 6346
f 6425 6513 6514
f 6364 6515 6391
f 6364 6483 6515
f 6350 6516 6392
f 6350 6454 6516
f 6359 6397 6517
f 6359 6517 6455
f 6385 6398 6518
f 6385 6518 6486
f 6452 6451 6519
f 6452 6519 6487
f 6458 6520 6457
f 6458 6498 6520
f 6451 6453 6521
f 6451 6521 6519
f 6453 6503 6521
f 6305 6488 6484
f 6415 6416 6489
f 6490 6507 6522
f 6490 6522 6523
f 6490 6523 6524
f 6490 6524 6491
f 6507 6508 6525
f 6507 6526 6522
f 6507 6525 6526
f 6509 6494 6527
f 6509 6528 6510
f 6509 6529 6528
f 6509 6527 6529
f 6494 6530 6527
f 6494 6531 6530
f 6494 6495 6531
f 6422 6496 6423
f 6309 6485 6497
f 6456 6457 6532
f 6456 6532 6513
f 6457 6520 6532
f 6441 6487 6499
f 6368 6484 6533
f 6368 6533 6506
f 6383 6534 6485
f 6383 6512 6534
f 6448 6502 6498
f 6487 6519 6535
f 6487 6535 6499
f 6345 6505 6504
f 6392 6536 6401
f 6392 6516 6536
f 6405 6491 6472
f 6492 6537 6508
f 6492 6474 6537
f 6493 6510 6538
f 6493 6538 6476
f 6409 6479 6495
f 6397 6410 6539
f 6397 6539 6517
f 6346 6514 6511
f 6498 6540 6520
f 6498 6502 6540
f 6344 6541 6483
f 6344 6426 6541
f 6508 6537 6525
f 6475 6473 6542
f 6475 6543 6474
f 6475 6542 6544
f 6475 6544 6545
f 6475 6545 6543
f 6473 6477 6542
f 6477 6476 6546
f 6477 6547 6542
f 6477 6548 6547
f 6477 6546 6548
f 6510 6528 6538
f 6347 6486 6549
f 6347 6549 6439
f 6450 6499 6550
f 6450 6550 6426
f 6391 6551 6454
f 6391 6515 6551
f 6416 6427 6552
f 6416 6552 6489
f 6472 6553 6471
f 6472 6491 6554
f 6472 6554 6553
f 6401 6555 6403
f 6401 6536 6555
f 6526 6556 6522
f 6526 6525 6556
f 6403 6557 6402
f 6403 6555 6558
f 6403 6558 6557
f 6402 6559 6406
f 6402 6557 6559
f 6406 6559 6407
f 6407 6560 6411
f 6407 6559 6560
f 6411 6561 6410
f 6411 6560 6562
f 6411 6562 6561
f 6529 6563 6528
f 6529 6527 6563
f 6410 6561 6539
f 6479 6478 6564
f 6479 6565 6495
f 6479 6564 6565
f 6423 6566 6438
f 6423 6496 6566
f 6398 6455 6567
f 6398 6567 6518
f 6459 6568 6502
f 6459 6439 6568
f 6519 6569 6535
f 6519 6521 6569
f 6427 6461 6570
f 6427 6570 6552
f 6522 6556 6571
f 6522 6572 6523
f 6522 6571 6573
f 6522 6573 6572
f 6525 6574 6556
f 6525 6537 6574
f 6528 6563 6575
f 6528 6575 6538
f 6527 6576 6563
f 6527 6530 6577
f 6527 6578 6576
f 6527 6577 6578
f 6438 6579 6467
f 6438 6566 6579
f 6520 6540 6580
f 6520 6580 6532
f 6484 6488 6581
f 6484 6581 6533
f 6500 6582 6461
f 6500 6470 6583
f 6500 6583 6582
f 6471 6584 6469
f 6471 6553 6584
f 6556 6574 6571
f 6474 6543 6537
f 6476 6538 6546
f 6563 6576 6575
f 6478 6481 6585
f 6478 6585 6564
f 6501 6467 6586
f 6501 6587 6482
f 6501 6586 6587
f 6485 6588 6497
f 6485 6534 6588
f 6499 6535 6589
f 6499 6590 6550
f 6499 6589 6590
f 6489 6552 6488
f 6523 6572 6591
f 6523 6591 6592
f 6523 6592 6524
f 6530 6593 6577
f 6530 6594 6593
f 6530 6531 6594
f 6496 6497 6566
f 6502 6595 6540
f 6502 6568 6596
f 6502 6596 6595
f 6503 6597 6521
f 6503 6504 6597
f 6454 6551 6516
f 6461 6582 6570
f 6467 6579 6586
f 6455 6517 6567
f 6513 6532 6598
f 6513 6598 6514
f 6535 6569 6589
f 6470 6469 6599
f 6470 6599 6583
f 6469 6584 6599
f 6573 6571 6600
f 6573 6601 6572
f 6573 6600 6601
f 6571 6574 6600
f 6574 6537 6600
f 6575 6576 6602
f 6575 6602 6538
f 6576 6578 6602
f 6578 6577 6603
f 6578 6603 6602
f 6481 6482 6604
f 6481 6604 6585
f 6482 6587 6604
f 6540 6595 6580
f 6505 6506 6605
f 6505 6605 6504
f 6591 6572 6606
f 6591 6606 6607
f 6591 6607 6592
f 6572 6608 6606
f 6572 6601 6608
f 6542 6609 6544
f 6542 6547 6609
f 6577 6593 6610
f 6577 6611 6603
f 6577 6610 6611
f 6593 6612 6610
f 6593 6594 6612
f 6511 6613 6512
f 6511 6514 6613
f 6483 6614 6515
f 6483 6541 6614
f 6537 6608 6600
f 6537 6615 6608
f 6537 6543 6615
f 6544 6616 6545
f 6544 6617 6616
f 6544 6609 6617
f 6547 6548 6618
f 6547 6618 6619
f 6547 6619 6609
f 6538 6602 6611
f 6538 6611 6620
f 6538 6620 6546
f 6486 6518 6621
f 6486 6621 6549
f 6426 6550 6622
f 6426 6622 6541
f 6521 6597 6569
f 6506 6533 6623
f 6506 6623 6605
f 6491 6624 6554
f 6491 6524 6624
f 6600 6608 6601
f 6602 6603 6611
f 6495 6565 6625
f 6495 6625 6531
f 6512 6626 6534
f 6512 6613 6626
f 6439 6627 6568
f 6439 6549 6627
f 6532 6580 6598
f 6606 6628 6607
f 6606 6608 6628
f 6610 6612 6629
f 6610 6629 6611
f 6554 6630 6553
f 6554 6624 6631
f 6554 6631 6630
f 6607 6632 6592
f 6607 6628 6632
f 6612 6594 6633
f 6612 6633 6629
f 6565 6564 6634
f 6565 6635 6625
f 6565 6634 6635
f 6488 6552 6636
f 6488 6636 6581
f 6516 6637 6536
f 6516 6551 6637
f 6616 6638 6545
f 6616 6617 6639
f 6616 6639 6638
f 6618 6548 6640
f 6618 6641 6619
f 6618 6640 6641
f 6517 6539 6642
f 6517 6642 6567
f 6497 6643 6566
f 6497 6588 6643
f 6504 6644 6597
f 6504 6605 6645
f 6504 6645 6644
f 6533 6581 6646
f 6533 6646 6623
f 6592 6632 6647
f 6592 6648 6524
f 6592 6647 6649
f 6592 6649 6650
f 6592 6650 6648
f 6608 6615 6628
f 6545 6638 6651
f 6545 6651 6543
f 6609 6652 6617
f 6609 6619 6652
f 6548 6653 6640
f 6548 6546 6653
f 6611 6629 6620
f 6594 6531 6654
f 6594 6655 6633
f 6594 6656 6655
f 6594 6657 6656
f 6594 6654 6657
f 6534 6658 6588
f 6534 6626 6658
f 6514 6598 6659
f 6514 6660 6613
f 6514 6659 6660
f 6515 6661 6551
f 6515 6614 6662
f 6515 6662 6661
f 6617 6663 6639
f 6617 6652 6663
f 6619 6641 6664
f 6619 6664 6652
f 6518 6567 6665
f 6518 6666 6621
f 6518 6665 6666
f 6632 6628 6667
f 6632 6667 6647
f 6553 6668 6584
f 6553 6630 6668
f 6628 6615 6667
f 6524 6648 6624
f 6531 6625 6654
f 6629 6633 6669
f 6629 6669 6620
f 6564 6585 6670
f 6564 6670 6634
f 6633 6655 6669
f 6552 6570 6671
f 6552 6671 6636
f 6536 6672 6555
f 6536 6637 6672
f 6539 6561 6673
f 6539 6673 6642
f 6566 6674 6579
f 6566 6643 6674
f 6569 6597 6675
f 6569 6675 6589
f 6597 6644 6675
f 6581 6636 6676
f 6581 6676 6646
f 6647 6677 6649
f 6647 6667 6677
f 6655 6678 6669
f 6655 6656 6678
f 6588 6679 6643
f 6588 6658 6679
f 6598 6580 6680
f 6598 6680 6659
f 6580 6595 6680
f 6550 6590 6681
f 6550 6681 6622
f 6551 6682 6637
f 6551 6661 6682
f 6570 6582 6683
f 6570 6683 6671
f 6649 6677 6684
f 6649 6684 6650
f 6667 6615 6685
f 6667 6685 6677
f 6555 6686 6558
f 6555 6672 6686
f 6615 6543 6687
f 6615 6687 6685
f 6638 6639 6688
f 6638 6689 6651
f 6638 6688 6689
f 6543 6651 6687
f 6558 6690 6557
f 6558 6686 6691
f 6558 6691 6690
f 6639 6692 6688
f 6639 6663 6692
f 6557 6693 6559
f 6557 6690 6693
f 6559 6693 6560
f 6560 6694 6562
f 6560 6693 6694
f 6641 6640 6695
f 6641 6695 6696
f 6641 6696 6664
f 6562 6697 6561
f 6562 6694 6698
f 6562 6698 6697
f 6640 6699 6695
f 6640 6653 6699
f 6546 6620 6700
f 6546 6700 6653
f 6620 6669 6701
f 6620 6701 6700
f 6561 6697 6673
f 6669 6678 6701
f 6656 6702 6678
f 6656 6657 6702
f 6579 6703 6586
f 6579 6674 6703
f 6567 6642 6704
f 6567 6704 6665
f 6568 6705 6596
f 6568 6627 6705
f 6605 6623 6645
f 6706 6707 6708
f 6706 6709 6707
f 6706 6708 6710
f 6706 6711 6709
f 6706 6710 6711
f 6707 6712 6708
f 6707 6709 6713
f 6707 6714 6712
f 6707 6713 6714
f 6715 6716 6717
f 6715 6717 6718
f 6715 6719 6716
f 6715 6718 6720
f 6715 6720 6721
f 6715 6721 6719
f 6717 6716 6722
f 6717 6723 6718
f 6717 6722 6723
f 6613 6660 6626
f 6541 6622 6724
f 6541 6724 6614
f 6708 6712 6725
f 6708 6725 6710
f 6709 6711 6726
f 6709 6727 6713
f 6709 6726 6727
f 6583 6599 6728
f 6583 6729 6582
f 6583 6728 6729
f 6599 6584 6730
f 6599 6730 6728
f 6584 6668 6730
f 6677 6731 6684
f 6677 6685 6731
f 6678 6702 6732
f 6678 6732 6701
f 6585 6604 6733
f 6585 6733 6670
f 6604 6587 6734
f 6604 6734 6733
f 6587 6586 6735
f 6587 6735 6734
f 6716 6736 6722
f 6716 6719 6737
f 6716 6737 6736
f 6718 6738 6720
f 6718 6723 6738
f 6549 6739 6627
f 6549 6621 6739
f 6589 6675 6740
f 6589 6740 6590
f 6675 6644 6741
f 6675 6741 6740
f 6711 6710 6742
f 6711 6742 6726
f 6712 6743 6725
f 6712 6714 6743
f 6582 6729 6683
f 6631 6624 6744
f 6631 6745 6630
f 6631 6744 6745
f 6624 6746 6744
f 6624 6648 6746
f 6625 6635 6747
f 6625 6747 6748
f 6625 6748 6654
f 6635 6634 6749
f 6635 6749 6747
f 6586 6703 6735
f 6720 6738 6750
f 6720 6750 6721
f 6722 6751 6723
f 6722 6736 6751
f 6680 6595 6752
f 6680 6753 6659
f 6680 6752 6753
f 6595 6596 6752
f 6590 6740 6681
f 6710 6725 6754
f 6710 6754 6742
f 6650 6684 6755
f 6650 6755 6756
f 6650 6756 6648
f 6684 6731 6755
f 6702 6657 6757
f 6702 6757 6732
f 6657 6758 6757
f 6657 6654 6758
f 6723 6759 6738
f 6723 6751 6759
f 6596 6705 6752
f 6622 6681 6760
f 6622 6760 6724
f 6623 6646 6761
f 6623 6761 6645
f 6652 6762 6663
f 6652 6664 6762
f 6626 6763 6658
f 6626 6660 6763
f 6627 6764 6705
f 6627 6739 6764
f 6644 6645 6741
f 6651 6689 6765
f 6651 6765 6687
f 6688 6766 6689
f 6688 6692 6767
f 6688 6767 6766
f 6695 6699 6768
f 6695 6769 6696
f 6695 6768 6769
f 6653 6770 6699
f 6653 6700 6770
f 6659 6753 6660
f 6725 6743 6771
f 6725 6771 6772
f 6725 6772 6754
f 6755 6731 6773
f 6755 6773 6756
f 6663 6762 6774
f 6663 6774 6692
f 6664 6775 6762
f 6664 6696 6775
f 6757 6776 6732
f 6757 6758 6776
f 6738 6777 6750
f 6738 6778 6777
f 6738 6759 6778
f 6740 6779 6681
f 6740 6741 6779
f 6614 6724 6780
f 6614 6780 6781
f 6614 6782 6662
f 6614 6781 6782
f 6637 6783 6672
f 6637 6682 6783
f 6630 6745 6668
f 6634 6670 6749
f 6642 6673 6784
f 6642 6784 6704
f 6621 6785 6739
f 6621 6786 6785
f 6621 6666 6787
f 6621 6787 6786
f 6752 6788 6753
f 6752 6705 6788
f 6681 6779 6760
f 6741 6645 6789
f 6741 6789 6779
f 6636 6671 6790
f 6636 6790 6676
f 6714 6791 6743
f 6714 6713 6792
f 6714 6793 6791
f 6714 6794 6793
f 6714 6792 6794
f 6689 6766 6795
f 6689 6795 6765
f 6762 6796 6774
f 6762 6775 6796
f 6699 6797 6768
f 6699 6770 6797
f 6721 6750 6798
f 6721 6799 6719
f 6721 6798 6800
f 6721 6800 6801
f 6721 6801 6799
f 6643 6802 6674
f 6643 6679 6802
f 6753 6803 6660
f 6753 6788 6803
f 6705 6764 6788
f 6724 6760 6804
f 6724 6804 6780
f 6646 6676 6805
f 6646 6805 6761
f 6743 6791 6771
f 6744 6668 6745
f 6744 6746 6668
f 6731 6685 6806
f 6731 6806 6773
f 6685 6687 6807
f 6685 6808 6806
f 6685 6809 6808
f 6685 6807 6809
f 6692 6774 6810
f 6692 6810 6767
f 6696 6811 6775
f 6696 6769 6811
f 6701 6732 6812
f 6701 6813 6700
f 6701 6812 6814
f 6701 6814 6815
f 6701 6815 6813
f 6732 6776 6812
f 6747 6749 6670
f 6747 6670 6748
f 6750 6777 6798
f 6658 6816 6679
f 6658 6763 6816
f 6739 6817 6764
f 6739 6785 6817
f 6645 6818 6789
f 6645 6761 6805
f 6645 6805 6819
f 6645 6819 6818
f 6661 6820 6682
f 6661 6662 6820
f 6713 6821 6792
f 6713 6727 6821
f 6774 6822 6810
f 6774 6796 6822
f 6775 6823 6796
f 6775 6811 6823
f 6719 6799 6824
f 6719 6824 6737
f 6665 6704 6825
f 6665 6825 6666
f 6660 6803 6826
f 6660 6816 6763
f 6660 6827 6816
f 6660 6826 6827
f 6791 6793 6828
f 6791 6828 6771
f 6793 6829 6828
f 6793 6794 6829
f 6756 6830 6648
f 6756 6773 6831
f 6756 6831 6830
f 6648 6668 6746
f 6648 6832 6668
f 6648 6830 6832
f 6654 6833 6758
f 6654 6748 6670
f 6654 6670 6834
f 6654 6834 6833
f 6758 6835 6776
f 6758 6833 6835
f 6800 6798 6836
f 6800 6836 6837
f 6800 6837 6801
f 6798 6777 6836
f 6789 6838 6779
f 6789 6818 6838
f 6671 6683 6839
f 6671 6839 6790
f 6672 6840 6686
f 6672 6783 6840
f 6687 6765 6807
f 6700 6813 6770
f 6673 6697 6841
f 6673 6841 6784
f 6674 6842 6703
f 6674 6802 6842
f 6803 6788 6843
f 6803 6843 6826
f 6760 6779 6838
f 6760 6838 6804
f 6676 6844 6805
f 6676 6790 6844
f 6771 6828 6772
f 6773 6806 6808
f 6773 6808 6831
f 6810 6845 6767
f 6810 6822 6846
f 6810 6846 6845
f 6796 6847 6822
f 6796 6823 6847
f 6811 6769 6848
f 6811 6849 6823
f 6811 6848 6849
f 6776 6814 6812
f 6776 6835 6814
f 6777 6778 6836
f 6679 6816 6850
f 6679 6850 6802
f 6788 6764 6843
f 6764 6817 6843
f 6828 6829 6851
f 6828 6851 6772
f 6683 6729 6852
f 6683 6852 6839
f 6686 6853 6691
f 6686 6840 6853
f 6766 6767 6854
f 6766 6855 6795
f 6766 6854 6855
f 6767 6845 6854
f 6691 6856 6690
f 6691 6853 6856
f 6690 6857 6693
f 6690 6856 6857
f 6693 6857 6694
f 6694 6858 6698
f 6694 6857 6858
f 6698 6859 6697
f 6698 6858 6859
f 6769 6768 6860
f 6769 6860 6848
f 6768 6797 6861
f 6768 6861 6860
f 6697 6859 6841
f 6703 6862 6735
f 6703 6842 6862
f 6836 6863 6837
f 6836 6778 6863
f 6780 6804 6864
f 6780 6864 6781
f 6728 6730 6865
f 6728 6866 6729
f 6728 6865 6866
f 6730 6668 6832
f 6730 6832 6867
f 6730 6867 6865
f 6765 6795 6868
f 6765 6868 6807
f 6822 6869 6846
f 6822 6847 6869
f 6823 6849 6870
f 6823 6870 6847
f 6770 6871 6797
f 6770 6813 6871
f 6733 6734 6872
f 6733 6834 6670
f 6733 6873 6834
f 6733 6872 6873
f 6734 6735 6874
f 6734 6874 6872
f 6785 6875 6817
f 6785 6786 6875
f 6838 6876 6804
f 6838 6818 6877
f 6838 6877 6876
f 6794 6792 6878
f 6794 6879 6829
f 6794 6878 6879
f 6729 6866 6852
f 6830 6880 6879
f 6830 6879 6878
f 6830 6831 6880
f 6830 6878 6832
f 6833 6881 6835
f 6833 6882 6883
f 6833 6883 6881
f 6833 6834 6882
f 6735 6862 6874
f 6801 6882 6799
f 6801 6837 6883
f 6801 6883 6882
f 6843 6817 6884
f 6843 6885 6826
f 6843 6884 6885
f 6804 6876 6864
f 6795 6855 6886
f 6795 6886 6868
f 6845 6846 6887
f 6845 6888 6854
f 6845 6887 6888
f 6846 6869 6889
f 6846 6889 6887
f 6849 6848 6890
f 6849 6891 6870
f 6849 6890 6891
f 6848 6860 6892
f 6848 6892 6890
f 6797 6893 6861
f 6797 6871 6893
f 6817 6875 6884
f 6682 6894 6783
f 6682 6820 6894
f 6792 6895 6878
f 6792 6821 6895
f 6799 6882 6896
f 6799 6896 6824
f 6704 6784 6897
f 6704 6897 6825
f 6662 6782 6898
f 6662 6898 6820
f 6829 6879 6899
f 6829 6899 6851
f 6879 6878 6899
f 6879 6880 6899
f 6831 6900 6880
f 6831 6808 6900
f 6847 6901 6869
f 6847 6870 6901
f 6835 6881 6902
f 6835 6902 6814
f 6883 6837 6903
f 6883 6903 6882
f 6883 6903 6881
f 6837 6863 6903
f 6666 6904 6787
f 6666 6825 6904
f 6805 6844 6819
f 6854 6905 6855
f 6854 6888 6905
f 6869 6906 6889
f 6869 6901 6906
f 6870 6907 6901
f 6870 6891 6907
f 6860 6861 6908
f 6860 6908 6892
f 6816 6827 6850
f 6818 6909 6877
f 6818 6819 6909
f 6727 6726 6910
f 6727 6910 6911
f 6727 6911 6821
f 6878 6895 6832
f 6880 6912 6899
f 6880 6900 6912
f 6882 6834 6896
f 6881 6903 6913
f 6881 6913 6902
f 6737 6914 6736
f 6737 6915 6914
f 6737 6824 6915
f 6826 6885 6916
f 6826 6916 6827
f 6790 6917 6844
f 6790 6839 6917
f 6726 6742 6918
f 6726 6918 6910
f 6899 6912 6851
f 6855 6905 6919
f 6855 6919 6886
f 6887 6889 6920
f 6887 6921 6888
f 6887 6920 6921
f 6890 6922 6891
f 6890 6892 6923
f 6890 6923 6922
f 6861 6924 6908
f 6861 6893 6924
f 6903 6863 6913
f 6802 6850 6925
f 6802 6925 6842
f 6736 6926 6751
f 6736 6914 6926
f 6889 6906 6927
f 6889 6927 6920
f 6901 6928 6906
f 6901 6907 6928
f 6891 6929 6907
f 6891 6922 6929
f 6781 6930 6782
f 6781 6864 6931
f 6781 6931 6930
f 6844 6917 6819
f 6742 6754 6918
f 6851 6932 6772
f 6851 6912 6932
f 6783 6933 6840
f 6783 6894 6933
f 6808 6934 6900
f 6808 6809 6934
f 6888 6935 6905
f 6888 6921 6935
f 6906 6928 6936
f 6906 6936 6927
f 6907 6937 6928
f 6907 6929 6937
f 6892 6908 6938
f 6892 6938 6923
f 6814 6939 6815
f 6814 6902 6939
f 6784 6841 6940
f 6784 6940 6897
f 6863 6778 6941
f 6863 6941 6913
f 6751 6926 6759
f 6850 6827 6925
f 6786 6787 6942
f 6786 6943 6875
f 6786 6942 6943
f 6772 6944 6754
f 6772 6945 6944
f 6772 6932 6945
f 6832 6946 6867
f 6832 6895 6946
f 6834 6873 6947
f 6834 6947 6896
f 6778 6759 6948
f 6778 6948 6949
f 6778 6949 6941
f 6754 6944 6918
f 6839 6852 6950
f 6839 6950 6917
f 6900 6934 6912
f 6809 6807 6951
f 6809 6951 6934
f 6807 6868 6951
f 6813 6815 6952
f 6813 6952 6871
f 6815 6939 6952
f 6902 6913 6939
f 6842 6953 6862
f 6842 6925 6953
f 6759 6926 6948
f 6877 6954 6876
f 6877 6909 6954
f 6782 6930 6955
f 6782 6955 6956
f 6782 6956 6898
f 6910 6957 6911
f 6910 6918 6958
f 6910 6958 6959
f 6910 6959 6957
f 6911 6960 6821
f 6911 6957 6960
f 6912 6934 6932
f 6840 6961 6853
f 6840 6933 6961
f 6905 6935 6919
f 6856 6962 6857
f 6856 6853 6963
f 6856 6963 6962
f 6857 6962 6858
f 6928 6964 6936
f 6928 6937 6964
f 6858 6965 6859
f 6858 6962 6965
f 6908 6924 6938
f 6841 6859 6966
f 6841 6966 6940
f 6913 6941 6939
f 6915 6967 6914
f 6915 6824 6968
f 6915 6968 6967
f 6914 6969 6926
f 6914 6970 6969
f 6914 6967 6970
f 6787 6971 6942
f 6787 6972 6971
f 6787 6904 6972
f 6885 6884 6973
f 6885 6973 6916
f 6918 6944 6958
f 6852 6866 6974
f 6852 6974 6950
f 6865 6867 6975
f 6865 6976 6866
f 6865 6975 6976
f 6867 6977 6975
f 6867 6946 6977
f 6868 6886 6978
f 6868 6978 6951
f 6921 6920 6979
f 6921 6980 6935
f 6921 6979 6980
f 6920 6927 6981
f 6920 6981 6979
f 6853 6961 6963
f 6927 6936 6982
f 6927 6982 6981
f 6929 6922 6983
f 6929 6984 6937
f 6929 6983 6984
f 6859 6965 6966
f 6922 6923 6985
f 6922 6985 6983
f 6923 6938 6986
f 6923 6986 6985
f 6871 6987 6893
f 6871 6952 6987
f 6873 6872 6988
f 6873 6989 6947
f 6873 6988 6989
f 6872 6874 6990
f 6872 6990 6988
f 6862 6991 6874
f 6862 6953 6991
f 6926 6969 6948
f 6864 6876 6931
f 6944 6945 6992
f 6944 6992 6958
f 6936 6964 6993
f 6936 6993 6982
f 6937 6994 6964
f 6937 6984 6994
f 6948 6995 6949
f 6948 6969 6995
f 6875 6943 6884
f 6876 6996 6931
f 6876 6954 6996
f 6820 6997 6894
f 6820 6898 6997
f 6945 6998 6992
f 6945 6932 6998
f 6821 6960 6999
f 6821 6999 7000
f 6821 7000 6895
f 6886 6919 7001
f 6886 7001 6978
f 6893 7002 6924
f 6893 6987 7002
f 6824 7003 6968
f 6824 6896 7004
f 6824 7004 7003
f 6949 6995 7005
f 6949 7005 6941
f 6825 6897 7006
f 6825 7006 6904
f 6884 6943 7007
f 6884 7007 6973
f 6958 6992 6959
f 6866 6976 6974
f 6935 7008 6919
f 6935 6980 7008
f 6964 7009 6993
f 6964 6994 7009
f 6938 6924 7010
f 6938 7010 6986
f 6874 6991 6990
f 6969 6970 6995
f 6819 7011 6909
f 6819 6917 7012
f 6819 7012 7011
f 6960 6957 7013
f 6960 7013 6999
f 6981 7014 6979
f 6981 6982 7015
f 6981 7015 7014
f 6993 7016 6982
f 6993 7009 7017
f 6993 7017 7016
f 6994 6984 7018
f 6994 7019 7009
f 6994 7018 7019
f 6983 7020 6984
f 6983 6985 7021
f 6983 7021 7020
f 6968 7022 6967
f 6968 7003 7022
f 6827 6916 7023
f 6827 7024 6925
f 6827 7023 7024
f 6930 7025 6955
f 6930 6931 7025
f 6992 7026 6959
f 6992 6998 7026
f 6957 6959 7027
f 6957 7027 7013
f 6979 7028 6980
f 6979 7014 7028
f 6982 7016 7015
f 6984 7020 7018
f 6985 6986 7029
f 6985 7029 7021
f 6967 7030 6970
f 6967 7022 7030
f 6995 7031 7005
f 6995 6970 7031
f 6942 6971 7032
f 6942 7032 6943
f 6909 7011 6954
f 6919 7008 7033
f 6919 7033 7001
f 6924 7034 7010
f 6924 7002 7034
f 6916 6973 7023
f 6959 7026 7027
f 6917 6950 7012
f 6998 6932 7035
f 6998 7035 7026
f 6980 7028 7036
f 6980 7036 7008
f 6986 7037 7029
f 6986 7010 7037
f 7005 7038 6941
f 7005 7031 7038
f 6925 7024 6953
f 6970 7030 7031
f 6932 6934 7039
f 6932 7039 7035
f 6894 7040 6933
f 6894 6997 7040
f 7009 7041 7017
f 7009 7019 7041
f 6897 6940 7042
f 6897 7042 7006
f 6941 7043 6939
f 6941 7038 7043
f 6934 6951 7044
f 6934 7044 7039
f 7014 7015 7045
f 7014 7046 7028
f 7014 7045 7046
f 7015 7016 7047
f 7015 7047 7045
f 7016 7017 7048
f 7016 7048 7047
f 7017 7049 7048
f 7017 7041 7049
f 7019 7018 7050
f 7019 7050 7051
f 7019 7051 7041
f 7018 7020 7052
f 7018 7052 7050
f 7020 7021 7053
f 7020 7053 7052
f 7021 7029 7054
f 7021 7054 7053
f 6939 7055 6952
f 6939 7043 7055
f 6955 7025 7056
f 6955 7056 7057
f 6955 7057 7058
f 6955 7058 7059
f 6955 7059 6956
f 7026 7035 7060
f 7026 7060 7027
f 6999 7013 7061
f 6999 7061 7062
f 6999 7062 7000
f 6895 7063 6946
f 6895 7000 7063
f 7028 7064 7036
f 7028 7046 7064
f 7029 7037 7065
f 7029 7065 7054
f 6896 6947 7066
f 6896 7066 7004
f 7003 7067 7022
f 7003 7068 7067
f 7003 7004 7068
f 7031 7069 7038
f 7031 7030 7069
f 6971 7070 7032
f 6971 7071 7070
f 6971 7072 7071
f 6971 7073 7072
f 6971 6972 7073
f 7013 7027 7074
f 7013 7074 7061
f 7035 7075 7060
f 7035 7039 7075
f 6950 6974 7076
f 6950 7076 7012
f 7008 7036 7077
f 7008 7077 7033
f 6933 7078 6961
f 6933 7040 7078
f 6940 6966 7079
f 6940 7079 7042
f 7010 7080 7037
f 7010 7034 7080
f 6953 7081 6991
f 6953 7024 7081
f 7038 7069 7082
f 7038 7082 7043
f 7022 7083 7030
f 7022 7067 7083
f 6931 6996 7025
f 6898 7084 6997
f 6898 6956 7084
f 7027 7060 7074
f 6978 7001 7085
f 6978 7085 6951
f 6961 7086 6963
f 6961 7078 7086
f 6963 7087 6962
f 6963 7086 7087
f 6962 7087 6965
f 6965 7088 6966
f 6965 7087 7088
f 6966 7088 7079
f 6987 7089 7002
f 6987 6952 7089
f 7030 7083 7069
f 6904 7006 7090
f 6904 7090 6972
f 6943 7032 7007
f 6954 7091 6996
f 6954 7011 7091
f 6973 7007 7092
f 6973 7092 7023
f 7025 6996 7056
f 6974 6976 7093
f 6974 7093 7076
f 6975 6977 7094
f 6975 7094 6976
f 6946 7095 6977
f 6946 7063 7096
f 6946 7096 7095
f 6977 7095 7094
f 7001 7033 7097
f 7001 7097 7085
f 7036 7064 7098
f 7036 7098 7077
f 7045 7047 7099
f 7045 7100 7046
f 7045 7099 7100
f 7048 7101 7047
f 7048 7049 7102
f 7048 7102 7101
f 7050 7052 7103
f 7050 7104 7051
f 7050 7103 7104
f 7053 7105 7052
f 7053 7054 7106
f 7053 7106 7105
f 7037 7107 7065
f 7037 7080 7107
f 7002 7108 7034
f 7002 7089 7108
f 6989 7109 6947
f 6989 6988 7110
f 6989 7110 7109
f 6947 7111 7066
f 6947 7109 7111
f 6988 6990 7110
f 6991 7112 6990
f 6991 7081 7112
f 7032 7070 7007
f 7060 7113 7074
f 7060 7075 7113
f 7061 7114 7062
f 7061 7074 7115
f 7061 7115 7114
f 7062 7116 7000
f 7062 7114 7117
f 7062 7117 7116
f 7064 7046 7118
f 7064 7118 7098
f 7047 7101 7099
f 7041 7119 7049
f 7041 7051 7119
f 7052 7105 7103
f 7065 7120 7054
f 7065 7107 7120
f 7068 7121 7067
f 7068 7004 7122
f 7068 7123 7121
f 7068 7122 7123
f 7067 7124 7083
f 7067 7121 7124
f 7069 7125 7082
f 7069 7083 7125
f 7033 7077 7126
f 7033 7126 7097
f 7046 7100 7118
f 7049 7127 7102
f 7049 7119 7127
f 7051 7104 7128
f 7051 7128 7119
f 7054 7120 7106
f 7034 7129 7080
f 7034 7108 7129
f 6996 7057 7056
f 6996 7130 7057
f 6996 7131 7130
f 6996 7091 7131
f 7074 7113 7115
f 7075 7132 7113
f 7075 7039 7132
f 7000 7116 7133
f 7000 7134 7063
f 7000 7133 7134
f 6976 7135 7093
f 6976 7094 7135
f 6951 7085 7136
f 6951 7137 7044
f 6951 7136 7137
f 6952 7138 7089
f 6952 7055 7139
f 6952 7139 7138
f 6990 7112 7140
f 6990 7140 7110
f 7004 7141 7122
f 7004 7066 7142
f 7004 7142 7141
f 7082 7125 7143
f 7082 7143 7043
f 7083 7124 7125
f 7007 7070 7071
f 7007 7071 7144
f 7007 7144 7145
f 7007 7145 7092
f 7114 7115 7146
f 7114 7146 7117
f 7121 7147 7124
f 7121 7123 7147
f 7012 7093 7011
f 7012 7076 7093
f 7113 7132 7148
f 7113 7148 7115
f 7125 7149 7143
f 7125 7124 7149
f 7024 7023 7112
f 7024 7112 7081
f 7058 7057 7130
f 7058 7130 7150
f 7058 7151 7059
f 7058 7150 7151
f 7132 7152 7148
f 7132 7039 7152
f 7116 7117 7153
f 7116 7153 7133
f 6997 7154 7040
f 6997 7084 7154
f 7085 7097 7136
f 7077 7098 7155
f 7077 7155 7126
f 7102 7156 7101
f 7102 7127 7157
f 7102 7157 7156
f 7104 7103 7158
f 7104 7159 7128
f 7104 7158 7159
f 7080 7160 7107
f 7080 7129 7160
f 7089 7138 7108
f 7006 7042 7161
f 7006 7161 7090
f 7122 7162 7123
f 7122 7141 7162
f 7143 7149 7163
f 7143 7163 7043
f 7072 7144 7071
f 7072 7164 7144
f 7072 7073 7165
f 7072 7165 7164
f 6956 7059 7166
f 6956 7166 7084
f 7115 7148 7146
f 7100 7099 7167
f 7100 7168 7118
f 7100 7167 7168
f 7099 7101 7169
f 7099 7169 7167
f 7101 7156 7169
f 7103 7105 7170
f 7103 7170 7158
f 7105 7106 7171
f 7105 7171 7170
f 7106 7120 7172
f 7106 7172 7171
f 7124 7147 7149
f 6972 7173 7073
f 6972 7090 7173
f 7011 7093 7091
f 7117 7146 7174
f 7117 7174 7153
f 7097 7126 7175
f 7097 7175 7136
f 7098 7118 7176
f 7098 7176 7155
f 7107 7177 7120
f 7107 7160 7177
f 7108 7178 7129
f 7108 7138 7178
f 7123 7179 7147
f 7123 7162 7179
f 7023 7092 7112
f 7148 7180 7146
f 7148 7152 7180
f 7126 7155 7175
f 7040 7181 7078
f 7040 7154 7181
f 7119 7182 7127
f 7119 7128 7182
f 7042 7079 7183
f 7042 7183 7161
f 7129 7178 7160
f 7149 7147 7184
f 7149 7184 7163
f 7146 7180 7174
f 7039 7185 7152
f 7039 7044 7185
f 7063 7134 7096
f 7118 7168 7176
f 7078 7186 7086
f 7078 7181 7186
f 7127 7187 7157
f 7127 7182 7187
f 7086 7188 7087
f 7086 7186 7188
f 7087 7188 7088
f 7088 7189 7079
f 7088 7188 7189
f 7128 7159 7190
f 7128 7190 7182
f 7079 7189 7183
f 7120 7177 7172
f 7066 7111 7142
f 7043 7163 7191
f 7043 7191 7055
f 7147 7179 7184
f 7130 7131 7150
f 7152 7192 7180
f 7152 7185 7192
f 7133 7153 7193
f 7133 7194 7134
f 7133 7193 7194
f 7141 7195 7162
f 7141 7142 7196
f 7141 7196 7195
f 7163 7184 7197
f 7163 7197 7191
f 7144 7164 7145
f 7153 7174 7198
f 7153 7198 7193
f 7044 7137 7185
f 7157 7199 7156
f 7157 7187 7200
f 7157 7200 7201
f 7157 7201 7199
f 7159 7158 7202
f 7159 7203 7190
f 7159 7204 7203
f 7159 7202 7204
f 7055 7191 7139
f 7162 7205 7179
f 7162 7195 7205
f 7059 7151 7206
f 7059 7206 7207
f 7059 7207 7208
f 7059 7208 7209
f 7059 7209 7166
f 7180 7210 7174
f 7180 7192 7210
f 7155 7211 7175
f 7155 7176 7212
f 7155 7212 7211
f 7160 7178 7213
f 7160 7214 7177
f 7160 7213 7214
f 7184 7215 7197
f 7184 7179 7215
f 7073 7216 7165
f 7073 7217 7216
f 7073 7218 7217
f 7073 7219 7218
f 7073 7173 7219
f 7093 7135 7220
f 7093 7220 7091
f 7167 7169 7221
f 7167 7222 7168
f 7167 7221 7222
f 7169 7156 7223
f 7169 7223 7221
f 7156 7224 7223
f 7156 7199 7224
f 7158 7170 7225
f 7158 7225 7226
f 7158 7226 7202
f 7170 7171 7227
f 7170 7227 7225
f 7171 7172 7228
f 7171 7228 7227
f 7112 7229 7140
f 7112 7092 7229
f 7150 7131 7151
f 7174 7210 7198
f 7192 7230 7210
f 7192 7185 7230
f 7134 7194 7231
f 7134 7232 7096
f 7134 7231 7232
f 7094 7095 7135
f 7136 7175 7233
f 7136 7233 7137
f 7138 7234 7178
f 7138 7139 7234
f 7110 7140 7109
f 7142 7235 7196
f 7142 7111 7236
f 7142 7236 7235
f 7197 7215 7237
f 7197 7237 7191
f 7179 7205 7215
f 7164 7165 7145
f 7151 7131 7206
f 7194 7193 7238
f 7194 7238 7231
f 7168 7239 7176
f 7168 7222 7239
f 7172 7177 7240
f 7172 7240 7228
f 7196 7241 7195
f 7196 7235 7241
f 7165 7216 7145
f 7210 7242 7198
f 7210 7230 7242
f 7193 7198 7243
f 7193 7243 7238
f 7135 7095 7244
f 7135 7244 7220
f 7084 7245 7154
f 7084 7166 7245
f 7175 7211 7246
f 7175 7246 7233
f 7187 7182 7247
f 7187 7248 7200
f 7187 7247 7248
f 7182 7190 7247
f 7190 7203 7249
f 7190 7249 7247
f 7178 7250 7213
f 7178 7234 7250
f 7090 7161 7251
f 7090 7251 7173
f 7140 7252 7109
f 7140 7229 7252
f 7195 7253 7205
f 7195 7241 7253
f 7215 7205 7254
f 7215 7254 7237
f 7091 7220 7131
f 7176 7239 7212
f 7200 7255 7201
f 7200 7248 7255
f 7203 7256 7249
f 7203 7204 7256
f 7177 7214 7240
f 7092 7145 7229
f 7206 7131 7207
f 7198 7242 7243
f 7224 7257 7223
f 7224 7199 7258
f 7224 7258 7259
f 7224 7259 7257
f 7226 7225 7260
f 7226 7261 7202
f 7226 7262 7261
f 7226 7260 7262
f 7205 7253 7254
f 7216 7217 7145
f 7230 7263 7242
f 7230 7185 7263
f 7223 7264 7221
f 7223 7265 7264
f 7223 7266 7265
f 7223 7257 7266
f 7225 7227 7267
f 7225 7267 7268
f 7225 7268 7269
f 7225 7269 7260
f 7237 7254 7270
f 7237 7270 7191
f 7096 7271 7095
f 7096 7232 7271
f 7095 7272 7244
f 7095 7271 7272
f 7211 7273 7246
f 7211 7212 7274
f 7211 7274 7273
f 7221 7275 7222
f 7221 7264 7275
f 7154 7276 7181
f 7154 7277 7276
f 7154 7245 7277
f 7161 7183 7278
f 7161 7278 7279
f 7161 7279 7251
f 7227 7228 7280
f 7227 7280 7267
f 7213 7250 7281
f 7213 7282 7214
f 7213 7281 7282
f 7109 7283 7111
f 7109 7252 7284
f 7109 7284 7283
f 7111 7283 7236
f 7131 7208 7207
f 7131 7285 7208
f 7131 7220 7286
f 7131 7286 7285
f 7242 7287 7243
f 7242 7263 7287
f 7238 7288 7231
f 7238 7243 7289
f 7238 7289 7288
f 7231 7290 7232
f 7231 7288 7290
f 7199 7201 7291
f 7199 7291 7258
f 7186 7292 7188
f 7186 7181 7292
f 7188 7292 7189
f 7189 7292 7183
f 7202 7293 7204
f 7202 7261 7293
f 7235 7294 7241
f 7235 7236 7295
f 7235 7295 7294
f 7241 7296 7253
f 7241 7294 7296
f 7254 7297 7270
f 7254 7253 7297
f 7217 7218 7145
f 7145 7218 7298
f 7145 7299 7229
f 7145 7298 7299
f 7222 7300 7239
f 7222 7275 7300
f 7181 7276 7301
f 7181 7301 7292
f 7302 7303 7304
f 7302 7305 7303
f 7302 7304 7306
f 7302 7307 7305
f 7302 7306 7308
f 7302 7308 7307
f 7303 7309 7304
f 7303 7310 7309
f 7303 7305 7311
f 7303 7311 7310
f 7183 7312 7278
f 7183 7292 7312
f 7228 7240 7313
f 7228 7313 7280
f 7208 7285 7314
f 7208 7314 7209
f 7243 7287 7289
f 7263 7185 7315
f 7263 7316 7287
f 7263 7315 7316
f 7185 7137 7315
f 7304 7309 7317
f 7304 7317 7318
f 7304 7318 7306
f 7309 7319 7317
f 7309 7320 7319
f 7309 7310 7320
f 7305 7321 7311
f 7305 7322 7321
f 7305 7307 7322
f 7311 7321 7323
f 7311 7323 7324
f 7311 7324 7310
f 7191 7270 7325
f 7191 7325 7139
f 7270 7297 7326
f 7270 7326 7325
f 7253 7296 7297
f 7218 7327 7298
f 7218 7219 7327
f 7232 7290 7328
f 7232 7328 7271
f 7220 7244 7286
f 7137 7233 7329
f 7137 7329 7315
f 7233 7246 7329
f 7317 7319 7330
f 7317 7330 7331
f 7317 7331 7318
f 7319 7332 7330
f 7319 7333 7332
f 7319 7320 7333
f 7201 7255 7334
f 7201 7334 7291
f 7248 7247 7335
f 7248 7336 7255
f 7248 7335 7336
f 7247 7249 7335
f 7249 7256 7337
f 7249 7337 7335
f 7204 7338 7256
f 7204 7293 7338
f 7323 7321 7339
f 7323 7339 7340
f 7323 7340 7341
f 7323 7341 7324
f 7321 7342 7339
f 7321 7322 7342
f 7234 7139 7343
f 7234 7343 7250
f 7139 7325 7343
f 7229 7299 7252
f 7236 7344 7295
f 7236 7283 7344
f 7290 7288 7345
f 7290 7345 7286
f 7290 7286 7328
f 7246 7273 7346
f 7246 7346 7329
f 7239 7347 7212
f 7239 7300 7347
f 7330 7332 7348
f 7330 7348 7349
f 7330 7349 7331
f 7332 7350 7348
f 7332 7351 7350
f 7332 7333 7351
f 7255 7336 7334
f 7256 7338 7337
f 7340 7339 7352
f 7340 7352 7353
f 7340 7353 7354
f 7340 7354 7341
f 7339 7355 7352
f 7339 7342 7355
f 7250 7356 7281
f 7250 7343 7356
f 7240 7214 7357
f 7240 7357 7313
f 7295 7358 7294
f 7295 7299 7358
f 7295 7344 7299
f 7287 7359 7289
f 7287 7316 7359
f 7288 7289 7360
f 7288 7360 7345
f 7244 7361 7286
f 7244 7272 7361
f 7212 7347 7274
f 7277 7351 7276
f 7277 7245 7362
f 7277 7362 7363
f 7277 7364 7351
f 7277 7363 7364
f 7348 7350 7365
f 7348 7365 7366
f 7348 7366 7349
f 7350 7367 7365
f 7350 7364 7367
f 7350 7351 7364
f 7276 7333 7301
f 7276 7351 7333
f 7301 7320 7292
f 7301 7333 7320
f 7308 7306 7368
f 7308 7369 7307
f 7308 7368 7370
f 7308 7370 7369
f 7312 7341 7278
f 7312 7292 7324
f 7312 7324 7341
f 7278 7354 7279
f 7278 7341 7354
f 7353 7352 7371
f 7353 7371 7372
f 7353 7372 7373
f 7353 7373 7354
f 7352 7374 7371
f 7352 7355 7374
f 7279 7375 7251
f 7279 7354 7373
f 7279 7373 7376
f 7279 7376 7375
f 7214 7282 7357
f 7252 7377 7284
f 7252 7299 7377
f 7294 7378 7296
f 7294 7358 7378
f 7297 7379 7326
f 7297 7296 7379
f 7264 7380 7275
f 7264 7265 7380
f 7365 7367 7381
f 7365 7381 7382
f 7365 7382 7366
f 7367 7245 7381
f 7367 7383 7245
f 7367 7364 7383
f 7258 7384 7259
f 7258 7291 7384
f 7306 7318 7385
f 7306 7385 7368
f 7310 7292 7320
f 7310 7324 7292
f 7307 7386 7322
f 7307 7369 7386
f 7261 7387 7293
f 7261 7262 7387
f 7372 7371 7388
f 7372 7388 7251
f 7372 7251 7389
f 7372 7389 7373
f 7371 7390 7388
f 7371 7374 7390
f 7267 7280 7391
f 7267 7391 7268
f 7289 7359 7360
f 7316 7392 7359
f 7316 7315 7392
f 7286 7345 7285
f 7286 7361 7328
f 7272 7271 7393
f 7272 7394 7361
f 7272 7393 7394
f 7318 7331 7395
f 7318 7395 7385
f 7370 7368 7396
f 7370 7397 7369
f 7370 7396 7398
f 7370 7398 7397
f 7322 7399 7342
f 7322 7386 7399
f 7284 7400 7283
f 7284 7377 7401
f 7284 7401 7400
f 7299 7298 7358
f 7299 7344 7377
f 7326 7379 7402
f 7326 7402 7325
f 7296 7378 7379
f 7345 7403 7285
f 7345 7360 7403
f 7285 7403 7314
f 7314 7404 7209
f 7314 7403 7404
f 7166 7381 7245
f 7166 7405 7381
f 7166 7209 7406
f 7166 7406 7405
f 7273 7274 7407
f 7273 7408 7346
f 7273 7407 7408
f 7275 7409 7300
f 7275 7380 7409
f 7381 7405 7382
f 7245 7410 7362
f 7245 7383 7410
f 7331 7349 7411
f 7331 7411 7395
f 7368 7385 7412
f 7368 7412 7396
f 7336 7335 7413
f 7336 7413 7334
f 7335 7337 7413
f 7337 7338 7413
f 7369 7414 7386
f 7369 7397 7414
f 7342 7415 7355
f 7342 7399 7415
f 7251 7388 7173
f 7251 7375 7416
f 7251 7416 7389
f 7388 7417 7173
f 7388 7390 7417
f 7280 7313 7418
f 7280 7418 7391
f 7281 7419 7282
f 7281 7356 7420
f 7281 7420 7419
f 7173 7421 7219
f 7173 7417 7421
f 7327 7422 7298
f 7327 7219 7423
f 7327 7423 7422
f 7298 7422 7358
f 7358 7422 7378
f 7328 7393 7271
f 7328 7361 7393
f 7209 7404 7406
f 7362 7410 7363
f 7349 7366 7424
f 7349 7424 7411
f 7364 7363 7383
f 7385 7395 7425
f 7385 7425 7412
f 7386 7426 7399
f 7386 7414 7426
f 7373 7389 7376
f 7355 7427 7374
f 7355 7415 7427
f 7375 7376 7416
f 7219 7421 7423
f 7283 7400 7344
f 7344 7400 7377
f 7359 7428 7360
f 7359 7392 7428
f 7360 7428 7403
f 7361 7394 7393
f 7366 7382 7429
f 7366 7429 7424
f 7383 7363 7410
f 7266 7430 7265
f 7266 7257 7431
f 7266 7432 7430
f 7266 7431 7433
f 7266 7433 7432
f 7395 7411 7434
f 7395 7434 7425
f 7399 7435 7415
f 7399 7426 7435
f 7269 7268 7436
f 7269 7437 7260
f 7269 7436 7438
f 7269 7439 7437
f 7269 7438 7439
f 7389 7416 7376
f 7374 7440 7390
f 7374 7427 7440
f 7377 7400 7401
f 7378 7441 7379
f 7378 7422 7441
f 7379 7441 7402
f 7403 7442 7404
f 7403 7428 7442
f 7300 7443 7347
f 7300 7409 7443
f 7444 7445 7446
f 7444 7446 7447
f 7444 7447 7448
f 7445 7449 7446
f 7445 7450 7449
f 7411 7424 7451
f 7411 7451 7434
f 7398 7396 7452
f 7398 7453 7397
f 7398 7452 7454
f 7398 7454 7453
f 7415 7455 7427
f 7415 7435 7455
f 7456 7457 7458
f 7456 7459 7460
f 7456 7458 7459
f 7457 7461 7458
f 7457 7462 7461
f 7313 7357 7463
f 7313 7463 7418
f 7422 7423 7464
f 7422 7464 7441
f 7392 7465 7428
f 7392 7315 7466
f 7392 7466 7465
f 7404 7467 7406
f 7404 7442 7467
f 7382 7405 7468
f 7382 7468 7429
f 7446 7469 7447
f 7446 7449 7470
f 7446 7470 7469
f 7450 7471 7449
f 7450 7472 7471
f 7265 7473 7380
f 7265 7430 7473
f 7396 7412 7474
f 7396 7474 7452
f 7397 7475 7414
f 7397 7453 7475
f 7268 7391 7476
f 7268 7476 7436
f 7460 7459 7477
f 7460 7477 7478
f 7458 7461 7479
f 7458 7480 7459
f 7458 7479 7480
f 7390 7481 7417
f 7390 7440 7481
f 7423 7421 7482
f 7423 7482 7464
f 7402 7441 7483
f 7402 7484 7325
f 7402 7483 7484
f 7428 7465 7442
f 7406 7485 7405
f 7406 7467 7485
f 7274 7347 7486
f 7274 7486 7407
f 7347 7443 7486
f 7405 7485 7468
f 7448 7447 7487
f 7448 7487 7488
f 7447 7489 7487
f 7447 7469 7489
f 7424 7429 7490
f 7424 7490 7451
f 7257 7259 7491
f 7257 7492 7431
f 7257 7491 7492
f 7412 7425 7493
f 7412 7493 7474
f 7259 7384 7494
f 7259 7494 7491
f 7291 7334 7495
f 7291 7495 7384
f 7454 7452 7496
f 7454 7497 7453
f 7454 7496 7498
f 7454 7498 7497
f 7293 7499 7338
f 7293 7387 7499
f 7262 7260 7500
f 7262 7501 7387
f 7262 7500 7501
f 7414 7502 7426
f 7414 7475 7502
f 7260 7437 7503
f 7260 7503 7500
f 7427 7504 7440
f 7427 7455 7504
f 7461 7462 7505
f 7461 7505 7506
f 7461 7506 7479
f 7462 7507 7505
f 7417 7508 7421
f 7417 7481 7508
f 7282 7509 7357
f 7282 7419 7509
f 7357 7509 7463
f 7421 7508 7482
f 7441 7464 7483
f 7315 7329 7466
f 7449 7471 7510
f 7449 7510 7470
f 7425 7434 7511
f 7425 7511 7493
f 7452 7474 7512
f 7452 7512 7496
f 7453 7513 7475
f 7453 7497 7513
f 7426 7514 7435
f 7426 7502 7514
f 7459 7515 7477
f 7459 7480 7515
f 7325 7484 7343
f 7442 7465 7516
f 7442 7516 7467
f 7329 7346 7517
f 7329 7517 7466
f 7487 7518 7488
f 7487 7489 7519
f 7487 7519 7518
f 7429 7468 7520
f 7429 7520 7490
f 7472 7521 7471
f 7472 7522 7521
f 7434 7451 7523
f 7434 7523 7511
f 7474 7493 7512
f 7334 7413 7524
f 7334 7524 7495
f 7413 7338 7524
f 7338 7499 7524
f 7475 7513 7502
f 7435 7525 7455
f 7435 7514 7525
f 7478 7477 7526
f 7478 7526 7527
f 7440 7528 7481
f 7440 7504 7528
f 7505 7529 7506
f 7505 7507 7530
f 7505 7530 7529
f 7343 7531 7356
f 7343 7484 7531
f 7464 7482 7532
f 7464 7532 7483
f 7465 7466 7516
f 7467 7533 7485
f 7467 7516 7533
f 7468 7485 7534
f 7468 7534 7520
f 7380 7535 7409
f 7380 7473 7535
f 7471 7536 7510
f 7471 7521 7536
f 7451 7490 7537
f 7451 7537 7523
f 7493 7511 7512
f 7384 7495 7494
f 7387 7501 7499
f 7502 7513 7514
f 7455 7538 7504
f 7455 7525 7538
f 7477 7515 7539
f 7477 7539 7526
f 7391 7418 7540
f 7391 7540 7476
f 7481 7541 7508
f 7481 7528 7541
f 7482 7508 7542
f 7482 7542 7532
f 7483 7532 7484
f 7485 7533 7534
f 7346 7408 7543
f 7346 7543 7517
f 7488 7518 7544
f 7430 7545 7473
f 7430 7546 7545
f 7430 7432 7546
f 7511 7523 7512
f 7514 7513 7525
f 7436 7476 7547
f 7436 7547 7548
f 7436 7548 7438
f 7507 7549 7530
f 7356 7550 7420
f 7356 7531 7550
f 7508 7541 7542
f 7516 7551 7533
f 7516 7466 7551
f 7409 7552 7443
f 7409 7535 7552
f 7518 7519 7553
f 7518 7553 7554
f 7518 7554 7544
f 7490 7520 7555
f 7490 7555 7537
f 7504 7538 7556
f 7504 7556 7528
f 7529 7530 7557
f 7530 7558 7557
f 7530 7549 7558
f 7418 7463 7559
f 7418 7559 7540
f 7532 7542 7560
f 7532 7560 7484
f 7533 7551 7534
f 7522 7561 7521
f 7522 7562 7561
f 7523 7537 7563
f 7523 7563 7512
f 7525 7564 7538
f 7525 7513 7564
f 7527 7526 7565
f 7527 7565 7566
f 7542 7541 7560
f 7534 7567 7520
f 7534 7551 7567
f 7443 7568 7486
f 7443 7552 7568
f 7520 7567 7555
f 7553 7569 7554
f 7537 7555 7563
f 7521 7570 7536
f 7521 7561 7570
f 7526 7539 7571
f 7526 7571 7565
f 7538 7564 7556
f 7557 7558 7572
f 7528 7573 7541
f 7528 7556 7573
f 7463 7509 7574
f 7463 7574 7559
f 7541 7573 7560
f 7466 7517 7551
f 7486 7575 7407
f 7486 7568 7575
f 7544 7554 7576
f 7494 7495 7577
f 7494 7577 7491
f 7501 7578 7499
f 7501 7500 7578
f 7549 7579 7558
f 7509 7419 7580
f 7509 7580 7574
f 7484 7560 7531
f 7581 7408 7582
f 7581 7543 7408
f 7581 7582 7583
f 7581 7583 7584
f 7581 7584 7543
f 7407 7582 7408
f 7407 7585 7582
f 7407 7575 7585
f 7554 7569 7586
f 7554 7586 7576
f 7555 7567 7587
f 7555 7587 7563
f 7431 7588 7433
f 7431 7492 7589
f 7431 7589 7588
f 7498 7496 7590
f 7498 7590 7591
f 7498 7591 7592
f 7498 7592 7497
f 7437 7439 7593
f 7437 7594 7503
f 7437 7593 7594
f 7556 7595 7573
f 7556 7564 7595
f 7558 7596 7572
f 7558 7579 7596
f 7420 7597 7419
f 7420 7598 7597
f 7420 7550 7598
f 7419 7597 7599
f 7419 7599 7580
f 7598 7600 7597
f 7598 7601 7600
f 7598 7550 7601
f 7567 7551 7587
f 7517 7602 7551
f 7517 7603 7602
f 7517 7543 7604
f 7517 7604 7605
f 7517 7605 7603
f 7569 7606 7586
f 7473 7607 7535
f 7473 7545 7607
f 7496 7608 7590
f 7496 7512 7608
f 7591 7590 7609
f 7591 7610 7592
f 7591 7609 7611
f 7591 7611 7610
f 7497 7592 7612
f 7497 7612 7513
f 7476 7540 7613
f 7476 7613 7547
f 7572 7596 7614
f 7573 7595 7560
f 7531 7560 7615
f 7531 7615 7616
f 7531 7617 7550
f 7531 7618 7617
f 7531 7616 7618
f 7562 7619 7561
f 7562 7620 7619
f 7590 7608 7621
f 7590 7622 7609
f 7590 7621 7622
f 7495 7524 7577
f 7499 7578 7524
f 7592 7623 7612
f 7592 7610 7624
f 7592 7624 7623
f 7566 7565 7625
f 7566 7625 7626
f 7583 7582 7585
f 7583 7627 7584
f 7583 7628 7627
f 7583 7585 7628
f 7551 7602 7587
f 7570 7561 7629
f 7561 7619 7629
f 7524 7630 7577
f 7524 7578 7630
f 7565 7571 7631
f 7565 7631 7625
f 7560 7595 7615
f 7600 7599 7597
f 7600 7601 7632
f 7600 7632 7633
f 7600 7633 7599
f 7535 7634 7552
f 7535 7607 7634
f 7576 7586 7635
f 7512 7636 7608
f 7512 7563 7636
f 7491 7577 7637
f 7491 7637 7638
f 7491 7639 7492
f 7491 7638 7639
f 7577 7630 7637
f 7630 7578 7640
f 7630 7641 7637
f 7630 7640 7641
f 7578 7500 7640
f 7500 7642 7640
f 7500 7503 7643
f 7500 7643 7642
f 7513 7612 7644
f 7513 7644 7564
f 7579 7645 7596
f 7540 7559 7646
f 7540 7646 7613
f 7584 7627 7647
f 7584 7647 7543
f 7552 7648 7568
f 7552 7634 7648
f 7602 7649 7587
f 7602 7650 7649
f 7602 7603 7650
f 7586 7606 7651
f 7586 7651 7635
f 7606 7652 7651
f 7608 7636 7653
f 7608 7653 7621
f 7612 7654 7644
f 7612 7623 7654
f 7614 7596 7655
f 7614 7655 7656
f 7596 7645 7655
f 7615 7595 7657
f 7615 7657 7658
f 7615 7658 7616
f 7559 7574 7659
f 7559 7659 7646
f 7601 7550 7660
f 7601 7660 7632
f 7568 7661 7575
f 7568 7648 7661
f 7545 7662 7607
f 7545 7663 7662
f 7545 7546 7663
f 7433 7588 7432
f 7439 7438 7593
f 7547 7613 7664
f 7547 7664 7665
f 7547 7665 7548
f 7574 7580 7666
f 7574 7666 7659
f 7575 7667 7585
f 7575 7661 7667
f 7587 7649 7563
f 7649 7636 7563
f 7649 7668 7636
f 7649 7650 7669
f 7649 7669 7668
f 7636 7670 7653
f 7636 7671 7670
f 7636 7668 7671
f 7644 7657 7564
f 7644 7672 7657
f 7644 7654 7673
f 7644 7673 7674
f 7644 7674 7672
f 7564 7657 7595
f 7657 7672 7675
f 7657 7675 7658
f 7580 7599 7676
f 7580 7676 7666
f 7627 7628 7677
f 7627 7677 7678
f 7627 7678 7647
f 7543 7647 7679
f 7543 7679 7604
f 7652 7680 7651
f 7652 7681 7680
f 7656 7655 7682
f 7656 7682 7683
f 7550 7684 7660
f 7550 7617 7684
f 7632 7685 7633
f 7632 7686 7685
f 7632 7660 7686
f 7635 7651 7687
f 7651 7680 7687
f 7637 7641 7688
f 7637 7688 7638
f 7641 7640 7689
f 7641 7690 7688
f 7641 7689 7690
f 7640 7642 7689
f 7645 7691 7655
f 7655 7691 7682
f 7628 7585 7692
f 7628 7692 7677
f 7681 7693 7694
f 7681 7694 7680
f 7683 7695 7696
f 7683 7682 7695
f 7633 7697 7599
f 7633 7685 7697
f 7492 7639 7589
f 7503 7594 7643
f 7607 7698 7634
f 7607 7662 7698
f 7693 7699 7700
f 7693 7700 7694
f 7432 7701 7546
f 7432 7588 7701
f 7702 7703 7704
f 7702 7704 7705
f 7702 7706 7703
f 7702 7705 7706
f 7704 7703 7609
f 7704 7707 7705
f 7704 7609 7707
f 7708 7709 7710
f 7708 7711 7709
f 7708 7710 7712
f 7708 7712 7711
f 7709 7610 7710
f 7709 7711 7713
f 7709 7713 7610
f 7438 7548 7714
f 7438 7714 7593
f 7696 7715 7716
f 7696 7695 7715
f 7613 7646 7717
f 7613 7717 7664
f 7648 7634 7718
f 7648 7719 7661
f 7648 7718 7719
f 7585 7720 7692
f 7585 7667 7720
f 7634 7698 7718
f 7687 7680 7721
f 7680 7694 7721
f 7703 7706 7722
f 7703 7722 7609
f 7710 7723 7712
f 7710 7610 7723
f 7691 7724 7682
f 7682 7724 7695
f 7646 7659 7725
f 7646 7725 7717
f 7599 7697 7726
f 7599 7726 7676
f 7659 7666 7727
f 7659 7727 7725
f 7661 7719 7667
f 7699 7728 7729
f 7699 7729 7700
f 7589 7730 7588
f 7589 7639 7730
f 7731 7732 7733
f 7731 7733 7621
f 7731 7734 7732
f 7731 7735 7734
f 7731 7621 7735
f 7733 7732 7736
f 7733 7736 7622
f 7733 7622 7621
f 7705 7737 7706
f 7705 7707 7738
f 7705 7738 7739
f 7705 7739 7737
f 7706 7740 7722
f 7706 7737 7740
f 7712 7741 7711
f 7712 7723 7742
f 7712 7742 7741
f 7711 7743 7713
f 7711 7744 7743
f 7711 7741 7744
f 7745 7746 7747
f 7745 7747 7623
f 7745 7748 7746
f 7745 7624 7748
f 7745 7623 7624
f 7747 7746 7749
f 7747 7749 7750
f 7747 7750 7623
f 7594 7593 7751
f 7594 7751 7643
f 7752 7716 7753
f 7716 7715 7753
f 7666 7676 7727
f 7677 7692 7754
f 7677 7755 7678
f 7677 7754 7755
f 7732 7734 7756
f 7732 7756 7736
f 7707 7609 7738
f 7713 7743 7610
f 7746 7748 7757
f 7746 7757 7749
f 7685 7758 7697
f 7685 7759 7758
f 7685 7686 7759
f 7647 7760 7679
f 7647 7678 7761
f 7647 7761 7760
f 7692 7762 7754
f 7692 7720 7763
f 7692 7763 7762
f 7694 7764 7721
f 7694 7700 7764
f 7734 7765 7756
f 7734 7735 7766
f 7734 7766 7765
f 7736 7756 7739
f 7736 7738 7622
f 7736 7739 7738
f 7748 7744 7757
f 7748 7624 7743
f 7748 7743 7744
f 7749 7757 7767
f 7749 7768 7750
f 7749 7767 7768
f 7724 7769 7695
f 7695 7769 7715
f 7697 7758 7770
f 7697 7771 7726
f 7697 7770 7771
f 7660 7684 7772
f 7660 7773 7686
f 7660 7772 7773
f 7662 7774 7698
f 7662 7775 7774
f 7662 7663 7775
f 7700 7776 7764
f 7700 7729 7776
f 7756 7765 7777
f 7756 7777 7739
f 7609 7622 7738
f 7609 7722 7611
f 7610 7743 7624
f 7610 7611 7723
f 7757 7744 7778
f 7757 7778 7767
f 7715 7779 7753
f 7715 7769 7779
f 7664 7717 7780
f 7664 7780 7781
f 7664 7781 7665
f 7679 7760 7604
f 7782 7783 7784
f 7782 7784 7671
f 7782 7785 7783
f 7782 7786 7785
f 7782 7671 7786
f 7784 7783 7787
f 7784 7670 7671
f 7784 7787 7670
f 7546 7701 7788
f 7546 7788 7789
f 7546 7789 7790
f 7546 7790 7663
f 7621 7653 7735
f 7623 7750 7654
f 7548 7791 7714
f 7548 7792 7791
f 7548 7793 7792
f 7548 7665 7793
f 7794 7795 7796
f 7794 7796 7674
f 7794 7797 7795
f 7794 7674 7673
f 7794 7673 7797
f 7796 7795 7798
f 7796 7798 7799
f 7796 7799 7674
f 7684 7617 7772
f 7785 7800 7783
f 7785 7801 7800
f 7785 7786 7801
f 7783 7800 7787
f 7802 7803 7804
f 7802 7805 7803
f 7802 7804 7653
f 7802 7653 7806
f 7802 7806 7805
f 7803 7735 7804
f 7803 7805 7807
f 7803 7807 7735
f 7653 7804 7735
f 7653 7670 7806
f 7588 7730 7701
f 7593 7714 7751
f 7808 7809 7654
f 7808 7654 7750
f 7808 7810 7809
f 7808 7750 7810
f 7654 7809 7811
f 7654 7811 7673
f 7810 7812 7809
f 7810 7813 7812
f 7810 7750 7813
f 7809 7812 7811
f 7795 7814 7798
f 7795 7797 7814
f 7798 7814 7815
f 7798 7815 7799
f 7678 7816 7761
f 7678 7755 7816
f 7754 7817 7755
f 7754 7762 7817
f 7719 7718 7818
f 7719 7818 7667
f 7718 7698 7819
f 7718 7819 7818
f 7671 7668 7820
f 7671 7820 7786
f 7674 7821 7672
f 7674 7799 7821
f 7725 7727 7822
f 7725 7823 7717
f 7725 7822 7823
f 7727 7676 7822
f 7758 7759 7824
f 7758 7824 7770
f 7686 7773 7825
f 7686 7825 7759
f 7761 7826 7760
f 7761 7816 7826
f 7669 7650 7827
f 7669 7827 7828
f 7669 7829 7668
f 7669 7828 7829
f 7698 7774 7819
f 7800 7830 7787
f 7800 7801 7831
f 7800 7831 7830
f 7670 7787 7806
f 7805 7806 7832
f 7805 7833 7807
f 7805 7832 7833
f 7690 7834 7688
f 7690 7689 7834
f 7812 7835 7811
f 7812 7813 7836
f 7812 7836 7835
f 7673 7811 7797
f 7814 7797 7837
f 7814 7838 7815
f 7814 7837 7838
f 7717 7823 7780
f 7675 7672 7839
f 7675 7840 7658
f 7675 7841 7840
f 7675 7839 7841
f 7773 7772 7842
f 7773 7842 7825
f 7604 7760 7843
f 7604 7843 7605
f 7827 7650 7844
f 7827 7844 7845
f 7827 7845 7828
f 7650 7846 7844
f 7650 7603 7847
f 7650 7847 7846
f 7668 7848 7820
f 7668 7829 7848
f 7787 7830 7806
f 7638 7688 7849
f 7638 7849 7850
f 7638 7850 7851
f 7638 7852 7639
f 7638 7851 7852
f 7688 7834 7853
f 7688 7853 7849
f 7689 7642 7854
f 7689 7855 7834
f 7689 7854 7855
f 7642 7856 7854
f 7642 7857 7856
f 7642 7858 7857
f 7642 7643 7858
f 7797 7811 7837
f 7672 7821 7859
f 7672 7859 7839
f 7658 7840 7860
f 7658 7860 7861
f 7658 7862 7616
f 7658 7861 7862
f 7840 7841 7863
f 7840 7863 7860
f 7617 7864 7772
f 7617 7618 7864
f 7667 7865 7720
f 7667 7818 7866
f 7667 7866 7865
f 7844 7867 7845
f 7844 7846 7867
f 7828 7845 7868
f 7828 7868 7829
f 7841 7869 7863
f 7841 7839 7869
f 7860 7863 7870
f 7860 7870 7861
f 7676 7726 7871
f 7676 7872 7822
f 7676 7871 7872
f 7845 7873 7868
f 7845 7867 7873
f 7806 7830 7832
f 7811 7835 7837
f 7863 7869 7874
f 7863 7874 7870
f 7755 7875 7816
f 7755 7817 7875
f 7820 7848 7786
f 7701 7876 7788
f 7701 7730 7876
f 7834 7877 7853
f 7834 7855 7877
f 7714 7791 7878
f 7714 7878 7751
f 7821 7799 7859
f 7759 7879 7824
f 7759 7825 7879
f 7763 7720 7880
f 7763 7881 7762
f 7763 7880 7882
f 7763 7882 7881
f 7720 7883 7880
f 7720 7865 7883
f 7774 7884 7819
f 7774 7885 7884
f 7774 7775 7885
f 7735 7807 7766
f 7850 7849 7886
f 7850 7887 7851
f 7850 7886 7887
f 7853 7888 7849
f 7853 7877 7889
f 7853 7889 7890
f 7853 7890 7888
f 7855 7854 7891
f 7855 7892 7877
f 7855 7893 7892
f 7855 7891 7893
f 7856 7894 7854
f 7856 7857 7895
f 7856 7895 7894
f 7750 7768 7813
f 7780 7823 7896
f 7780 7896 7897
f 7780 7897 7781
f 7726 7771 7898
f 7726 7898 7899
f 7726 7899 7871
f 7771 7770 7900
f 7771 7901 7898
f 7771 7900 7901
f 7760 7826 7902
f 7760 7902 7903
f 7760 7903 7904
f 7760 7904 7843
f 7762 7905 7817
f 7762 7881 7906
f 7762 7906 7905
f 7818 7819 7907
f 7818 7907 7866
f 7829 7868 7848
f 7786 7848 7801
f 7789 7788 7908
f 7789 7908 7909
f 7789 7909 7790
f 7792 7910 7791
f 7792 7911 7910
f 7792 7793 7911
f 7799 7815 7859
f 7839 7859 7869
f 7822 7912 7823
f 7822 7872 7912
f 7770 7824 7913
f 7770 7914 7900
f 7770 7913 7914
f 7772 7915 7842
f 7772 7916 7915
f 7772 7917 7916
f 7772 7864 7917
f 7826 7816 7902
f 7603 7605 7918
f 7603 7918 7847
f 7819 7884 7907
f 7849 7888 7886
f 7919 7920 7921
f 7919 7922 7920
f 7919 7921 7923
f 7919 7923 7922
f 7920 7740 7921
f 7920 7922 7924
f 7920 7722 7740
f 7920 7924 7722
f 7925 7926 7927
f 7925 7927 7928
f 7925 7929 7926
f 7925 7928 7929
f 7927 7926 7742
f 7927 7930 7928
f 7927 7723 7930
f 7927 7742 7723
f 7854 7894 7891
f 7823 7912 7896
f 7616 7931 7618
f 7616 7862 7931
f 7842 7915 7825
f 7816 7932 7902
f 7816 7875 7932
f 7817 7933 7875
f 7817 7905 7933
f 7918 7934 7935
f 7918 7935 7847
f 7918 7605 7934
f 7936 7937 7938
f 7936 7938 7848
f 7936 7939 7937
f 7936 7868 7939
f 7936 7848 7868
f 7938 7937 7940
f 7938 7940 7941
f 7938 7941 7848
f 7663 7942 7775
f 7663 7790 7942
f 7943 7944 7807
f 7943 7945 7944
f 7943 7807 7833
f 7943 7946 7945
f 7943 7833 7946
f 7944 7766 7807
f 7944 7945 7947
f 7944 7947 7766
f 7639 7948 7730
f 7639 7852 7948
f 7851 7887 7949
f 7851 7950 7852
f 7851 7949 7950
f 7921 7951 7923
f 7921 7740 7952
f 7921 7952 7951
f 7877 7953 7889
f 7877 7892 7953
f 7926 7929 7954
f 7926 7955 7742
f 7926 7954 7955
f 7857 7956 7895
f 7857 7858 7957
f 7857 7957 7956
f 7643 7958 7858
f 7643 7751 7958
f 7813 7959 7960
f 7813 7768 7959
f 7813 7960 7836
f 7959 7961 7960
f 7959 7962 7961
f 7959 7768 7962
f 7960 7961 7963
f 7960 7963 7836
f 7665 7964 7793
f 7665 7781 7964
f 7965 7966 7967
f 7965 7967 7859
f 7965 7968 7966
f 7965 7969 7968
f 7965 7859 7969
f 7967 7966 7970
f 7967 7970 7869
f 7967 7869 7859
f 7931 7971 7972
f 7931 7862 7971
f 7931 7972 7618
f 7824 7973 7913
f 7824 7879 7973
f 7825 7915 7974
f 7825 7974 7879
f 7937 7939 7975
f 7937 7975 7940
f 7846 7847 7867
f 7801 7848 7941
f 7801 7976 7831
f 7801 7941 7977
f 7801 7977 7976
f 7832 7830 7978
f 7832 7978 7833
f 7788 7979 7908
f 7788 7876 7980
f 7788 7980 7979
f 7945 7946 7981
f 7945 7981 7947
f 7887 7890 7949
f 7887 7982 7890
f 7887 7886 7982
f 7889 7983 7890
f 7889 7953 7983
f 7923 7984 7922
f 7923 7951 7985
f 7923 7985 7984
f 7722 7924 7611
f 7922 7986 7924
f 7922 7984 7986
f 7928 7987 7929
f 7928 7930 7986
f 7928 7986 7987
f 7723 7611 7930
f 7929 7987 7988
f 7929 7988 7954
f 7892 7893 7989
f 7892 7989 7953
f 7895 7956 7893
f 7895 7893 7990
f 7895 7990 7894
f 7961 7962 7991
f 7961 7991 7963
f 7791 7910 7992
f 7791 7993 7878
f 7791 7992 7993
f 7835 7994 7837
f 7835 7836 7994
f 7815 7969 7859
f 7815 7838 7995
f 7815 7996 7969
f 7815 7995 7996
f 7861 7870 7862
f 7966 7997 7970
f 7966 7968 7997
f 7935 7934 7998
f 7935 7999 7847
f 7935 8000 7999
f 7935 7998 8001
f 7935 8001 8000
f 7934 7605 8002
f 7934 8002 7998
f 7880 7883 8003
f 7880 8003 7882
f 7883 8004 8003
f 7883 7865 8004
f 7939 8005 7975
f 7939 7868 7873
f 7939 7873 8005
f 7884 8006 7907
f 7884 8007 8006
f 7884 7885 8007
f 7766 7947 8008
f 7766 8008 7765
f 7730 8009 7876
f 7730 7948 8009
f 7852 7950 8010
f 7852 8010 7948
f 7737 7952 7740
f 7737 7739 8011
f 7737 8011 7952
f 7890 8012 7888
f 7890 8013 7949
f 7890 7983 8013
f 7890 7982 8012
f 7888 8014 7886
f 7888 8012 8014
f 7924 7986 7611
f 7611 7986 7930
f 7891 8015 7893
f 7891 7894 8016
f 7891 8016 8015
f 7742 7955 7741
f 7893 7956 8017
f 7893 8015 7990
f 7893 8017 7989
f 7741 8018 7744
f 7741 7955 8018
f 7858 8019 7957
f 7858 7958 8019
f 7751 7878 8020
f 7751 8020 7958
f 7768 7767 8021
f 7768 8021 7962
f 7896 7912 8022
f 7896 8022 8023
f 7896 8023 7897
f 7970 7997 8024
f 7970 7874 7869
f 7970 8024 7874
f 7899 7898 8025
f 7899 8026 7871
f 7899 8025 8026
f 7898 7901 8025
f 7971 8027 7972
f 7971 7862 8028
f 7971 8028 8029
f 7971 8030 8027
f 7971 8029 8030
f 7972 8031 7618
f 7972 8027 8031
f 7902 7932 7903
f 7605 7843 8002
f 7975 8032 7940
f 7975 8005 8033
f 7975 8033 8032
f 7881 7882 8034
f 7881 8035 7906
f 7881 8034 8035
f 7940 8032 7941
f 8036 8037 8038
f 8036 8038 7978
f 8036 8039 8037
f 8036 8040 8039
f 8036 7978 8040
f 8038 8037 8041
f 8038 8041 8042
f 8038 8042 7978
f 7946 8043 7981
f 7946 7833 8043
f 7981 8044 7947
f 7981 8043 8045
f 7981 8045 8044
f 7947 8044 8008
f 7765 8008 7777
f 7777 8011 7739
f 7777 8008 8011
f 7886 8014 7982
f 7894 7990 8016
f 7744 8018 7778
f 7778 8021 7767
f 7778 8018 8021
f 7962 8046 7991
f 7962 8021 8046
f 7991 8047 7963
f 7991 8046 8048
f 7991 8048 8047
f 7963 8047 7836
f 8049 8050 8051
f 8049 8051 7994
f 8049 8052 8050
f 8049 8053 8052
f 8049 7994 8053
f 8051 8050 8054
f 8051 8054 8055
f 8051 8055 7994
f 7968 8056 7997
f 7968 7969 8056
f 7997 8057 8024
f 7997 8056 8057
f 7900 8058 7901
f 7900 7914 8059
f 7900 8059 8058
f 7618 8031 7864
f 7915 7916 7974
f 7875 7933 8060
f 7875 8060 7932
f 7905 8061 7933
f 7905 7906 8061
f 7866 7907 8062
f 7866 8063 7865
f 7866 8062 8063
f 8037 8064 8041
f 8037 8039 8064
f 7949 8013 7950
f 7956 7957 8017
f 8050 8052 8065
f 8050 8065 8054
f 7872 8066 7912
f 7872 7871 8067
f 7872 8067 8066
f 7913 7973 8068
f 7913 8068 7914
f 7879 8069 7973
f 7879 7974 8069
f 7882 8003 8034
f 7847 7999 7867
f 7907 8006 8062
f 8041 8064 8070
f 8041 8071 8042
f 8041 8070 8071
f 8052 8072 8065
f 8052 8053 8073
f 8052 8073 8072
f 7912 8066 8022
f 7862 7870 8028
f 7901 8058 8025
f 7933 8061 8074
f 7933 8074 8060
f 8003 8004 8075
f 8003 8076 8034
f 8003 8075 8076
f 8004 7865 8063
f 8004 8063 8075
f 7867 8077 7873
f 7867 7999 8077
f 8039 8078 8064
f 8039 8040 8078
f 8064 8079 8070
f 8064 8078 8079
f 7830 7831 8040
f 7830 8040 7978
f 7908 7979 8080
f 7908 8080 7909
f 8013 8081 7950
f 8013 7983 8081
f 7982 8014 8012
f 8016 7990 8015
f 8017 7957 8082
f 8017 8082 7989
f 7910 8083 7992
f 7910 7911 8083
f 7837 7994 8055
f 7837 8055 7838
f 8065 8084 8054
f 8065 8072 8085
f 8065 8085 8084
f 8054 8084 8055
f 7871 8026 8067
f 7870 7874 8086
f 7870 8086 8028
f 8026 8025 8087
f 8026 8087 8067
f 8025 8058 8088
f 8025 8088 8087
f 7973 8089 8068
f 7973 8069 8089
f 7932 8090 7903
f 7932 8060 8091
f 7932 8091 8090
f 7974 7916 8092
f 7974 8093 8069
f 7974 8092 8093
f 7903 8090 7904
f 8006 8094 8062
f 8006 8095 8094
f 8006 8007 8095
f 8096 8097 8098
f 8096 8098 8099
f 8096 8100 8097
f 8096 8101 8100
f 8096 8099 7976
f 8096 7976 8101
f 8098 8097 8102
f 8098 8102 8103
f 8098 8103 8099
f 7775 8104 7885
f 7775 7942 8104
f 7790 7909 8105
f 7790 8105 7942
f 7833 7978 8042
f 7833 8042 8043
f 7876 8106 7980
f 7876 8009 8106
f 7950 8107 8010
f 7950 8081 8107
f 7953 8108 7983
f 7953 7989 8108
f 7957 8019 8109
f 7957 8109 8082
f 7878 7993 8110
f 7878 8110 8020
f 7836 8053 7994
f 7836 8047 8053
f 7793 8111 7911
f 7793 7964 8111
f 7781 7897 8112
f 7781 8112 7964
f 8113 8114 8115
f 8113 8115 8116
f 8113 8117 8114
f 8113 8118 8117
f 8113 8116 8118
f 8115 8114 8119
f 8115 8119 8120
f 8115 7995 8116
f 8115 8120 7995
f 8022 8066 8121
f 8022 8121 8122
f 8022 8122 8023
f 7916 7917 8092
f 7843 7904 8123
f 7843 8123 8002
f 7906 8124 8061
f 7906 8035 8125
f 7906 8125 8124
f 8097 8100 8126
f 8097 8126 8102
f 8010 8127 7948
f 8010 8107 8127
f 7983 8128 8081
f 7983 8108 8128
f 7989 8082 8129
f 7989 8129 8108
f 8019 7958 8130
f 8019 8130 8109
f 8114 8131 8119
f 8114 8117 8131
f 7914 8068 8132
f 7914 8133 8059
f 7914 8132 8133
f 7864 8134 7917
f 7864 8031 8134
f 8061 8135 8074
f 8061 8124 8135
f 8034 8076 8035
f 8075 8136 8076
f 8075 8063 8136
f 8100 8137 8126
f 8100 8101 8137
f 7831 8099 8040
f 7831 7976 8099
f 7838 8055 8116
f 7838 8116 7995
f 8119 8131 8138
f 8119 8138 8120
f 8058 8059 8088
f 8087 8088 8139
f 8087 8139 8067
f 8068 8089 8140
f 8068 8140 8132
f 8126 8141 8102
f 8126 8142 8141
f 8126 8137 8142
f 7941 8032 7977
f 8102 8141 8103
f 7948 8143 8009
f 7948 8127 8143
f 7958 8020 8144
f 7958 8144 8130
f 8117 8145 8131
f 8117 8118 8145
f 8131 8145 8146
f 8131 8146 8138
f 7969 7996 8056
f 8060 8074 8147
f 8060 8147 8091
f 8076 8136 8035
f 8035 8136 8125
f 8062 8094 8063
f 7979 7980 8080
f 7980 8106 8148
f 7980 8149 8080
f 7980 8148 8150
f 7980 8150 8149
f 7993 7992 8083
f 7993 8151 8110
f 7993 8152 8151
f 7993 8153 8152
f 7993 8083 8153
f 8066 8067 8121
f 8059 8139 8088
f 8059 8133 8139
f 8069 8154 8089
f 8069 8093 8154
f 8074 8135 8155
f 8074 8155 8147
f 8099 8103 8040
f 8042 8071 8043
f 8008 8156 8011
f 8008 8044 8157
f 8008 8157 8156
f 8081 8158 8107
f 8081 8128 8158
f 8082 8109 8159
f 8082 8159 8129
f 8021 8018 8160
f 8021 8161 8046
f 8021 8160 8161
f 8053 8047 8073
f 8116 8055 8118
f 8089 8162 8140
f 8089 8154 8162
f 8094 8163 8063
f 8094 8095 8163
f 8009 8143 8106
f 8107 8158 8127
f 8011 8164 7952
f 8011 8156 8165
f 8011 8165 8164
f 7952 8164 7951
f 7955 8166 8018
f 7955 7954 8166
f 8018 8167 8160
f 8018 8166 8167
f 8109 8130 8159
f 8020 8110 8144
f 8121 8067 8168
f 8121 8168 8122
f 8124 8125 8135
f 7885 8169 8007
f 7885 8104 8169
f 8040 8103 8078
f 7909 8080 8170
f 7909 8170 8105
f 7951 8171 7985
f 7951 8164 8171
f 7985 8172 7984
f 7985 8171 8172
f 7984 8172 7986
f 7986 8173 7987
f 7986 8172 8173
f 7987 8173 7988
f 7988 8174 7954
f 7988 8173 8174
f 7954 8174 8166
f 7911 8175 8083
f 7911 8111 8175
f 8055 8084 8118
f 7897 8023 8176
f 7897 8176 8112
f 8132 8140 8133
f 7873 8177 8005
f 7873 8077 8177
f 8063 8178 8136
f 8063 8163 8178
f 7942 8179 8104
f 7942 8105 8179
f 7964 8180 8111
f 7964 8112 8180
f 8067 8139 8181
f 8067 8181 8168
f 7874 8024 8182
f 7874 8182 8086
f 7904 8090 8183
f 7904 8183 8123
f 8128 8108 8184
f 8128 8185 8158
f 8128 8184 8185
f 8108 8129 8184
f 8129 8159 8186
f 8129 8186 8184
f 7917 8187 8092
f 7917 8134 8187
f 8091 8188 8090
f 8091 8147 8189
f 8091 8189 8188
f 8090 8188 8183
f 7999 8000 8077
f 8136 8190 8125
f 8136 8178 8190
f 8101 7976 7977
f 8101 7977 8191
f 8101 8191 8137
f 8071 8192 8043
f 8071 8070 8192
f 8043 8193 8045
f 8043 8192 8193
f 8045 8157 8044
f 8045 8193 8157
f 8106 8194 8148
f 8106 8143 8194
f 8127 8158 8195
f 8127 8195 8143
f 8130 8196 8159
f 8130 8144 8196
f 8110 8151 8197
f 8110 8197 8144
f 8046 8161 8048
f 8048 8198 8047
f 8048 8161 8198
f 8047 8199 8073
f 8047 8198 8199
f 8073 8199 8072
f 8120 7996 7995
f 8120 8200 7996
f 8120 8138 8200
f 8139 8133 8201
f 8139 8201 8181
f 8028 8086 8029
f 8092 8202 8093
f 8092 8187 8202
f 8093 8203 8154
f 8093 8202 8203
f 8135 8125 8190
f 8135 8190 8204
f 8135 8204 8155
f 8158 8185 8195
f 8159 8196 8186
f 8133 8140 8201
f 8140 8205 8201
f 8140 8162 8205
f 8070 8079 8206
f 8070 8206 8192
f 8080 8149 8207
f 8080 8207 8170
f 8150 8148 8208
f 8150 8209 8149
f 8150 8208 8210
f 8150 8210 8209
f 8148 8211 8208
f 8148 8194 8211
f 8151 8152 8212
f 8151 8212 8213
f 8151 8213 8197
f 8152 8153 8214
f 8152 8215 8212
f 8152 8214 8215
f 8083 8216 8153
f 8083 8175 8216
f 8072 8217 8085
f 8072 8199 8217
f 8078 8206 8079
f 8078 8103 8218
f 8078 8218 8206
f 8149 8209 8207
f 8153 8216 8214
f 8085 8217 8084
f 8084 8219 8118
f 8084 8217 8219
f 8002 8123 8220
f 8002 8220 7998
f 8007 8221 8095
f 8007 8169 8221
f 8103 8141 8218
f 8118 8219 8145
f 8023 8122 8222
f 8023 8222 8176
f 8031 8223 8134
f 8031 8027 8223
f 8147 8224 8189
f 8147 8155 8225
f 8147 8225 8224
f 8226 8227 8228
f 8226 8229 8227
f 8226 8228 8230
f 8226 8230 8000
f 8226 8001 8229
f 8226 8000 8001
f 8005 8231 8033
f 8005 8177 8231
f 8104 8232 8169
f 8104 8179 8232
f 8105 8170 8233
f 8105 8233 8179
f 8143 8195 8234
f 8143 8234 8235
f 8143 8235 8194
f 8144 8236 8196
f 8144 8237 8236
f 8144 8197 8237
f 8111 8238 8175
f 8111 8180 8238
f 8112 8239 8180
f 8112 8176 8239
f 8024 8057 8240
f 8024 8240 8182
f 8241 8242 8243
f 8241 8029 8242
f 8241 8243 8244
f 8241 8244 8245
f 8241 8245 8030
f 8241 8030 8029
f 8154 8203 8246
f 8154 8247 8162
f 8154 8246 8247
f 8227 8248 8228
f 8227 8249 8248
f 8227 8229 8249
f 8228 8250 8230
f 8228 8248 8250
f 8230 8250 8177
f 8230 8077 8000
f 8230 8177 8077
f 8191 7977 8251
f 8191 8251 8252
f 8191 8252 8137
f 8195 8185 8253
f 8195 8253 8234
f 8185 8184 8254
f 8185 8254 8253
f 8184 8186 8254
f 8186 8196 8255
f 8186 8255 8254
f 8196 8236 8255
f 8200 8256 7996
f 8200 8257 8256
f 8200 8138 8257
f 8242 8258 8243
f 8242 8182 8258
f 8242 8029 8086
f 8242 8086 8182
f 8243 8259 8244
f 8243 8258 8259
f 8244 8259 8260
f 8244 8260 8245
f 8248 8261 8250
f 8248 8249 8261
f 8190 8178 8204
f 8201 8205 8181
f 8259 8258 8262
f 8259 8262 8260
f 8250 8261 8263
f 8250 8263 8177
f 8229 8001 8264
f 8229 8264 8249
f 8123 8183 8220
f 8251 7977 8265
f 8251 8265 8266
f 8251 8266 8252
f 7977 8267 8265
f 7977 8032 8267
f 8210 8208 8268
f 8210 8269 8209
f 8210 8268 8270
f 8210 8270 8269
f 8208 8271 8268
f 8208 8211 8271
f 8212 8215 8272
f 8212 8272 8273
f 8212 8273 8213
f 8215 8214 8274
f 8215 8275 8272
f 8215 8274 8275
f 7996 8256 8276
f 7996 8277 8056
f 7996 8276 8277
f 8256 8278 8276
f 8256 8257 8278
f 8134 8223 8187
f 8245 8279 8030
f 8245 8260 8279
f 8258 8280 8262
f 8258 8182 8280
f 8001 7998 8264
f 7998 8220 8264
f 8265 8281 8266
f 8265 8267 8281
f 8032 8033 8267
f 8095 8282 8163
f 8095 8221 8282
f 8209 8283 8207
f 8209 8269 8283
f 8214 8284 8274
f 8214 8216 8284
f 8122 8168 8285
f 8122 8285 8222
f 8056 8277 8057
f 8276 8278 8286
f 8276 8286 8277
f 8027 8030 8279
f 8027 8279 8223
f 8189 8287 8188
f 8189 8224 8287
f 8249 8288 8261
f 8249 8264 8288
f 8266 8289 8252
f 8266 8281 8290
f 8266 8290 8289
f 8252 8291 8137
f 8252 8289 8291
f 8141 8142 8292
f 8141 8292 8218
f 8234 8253 8293
f 8234 8293 8235
f 8236 8294 8255
f 8236 8237 8294
f 8145 8295 8146
f 8145 8219 8295
f 8257 8296 8278
f 8257 8138 8297
f 8257 8297 8296
f 8278 8298 8286
f 8278 8296 8298
f 8260 8262 8299
f 8260 8299 8279
f 8203 8202 8300
f 8203 8300 8246
f 8163 8301 8178
f 8163 8302 8301
f 8163 8303 8302
f 8163 8282 8303
f 8137 8291 8142
f 8170 8207 8304
f 8170 8304 8233
f 8270 8268 8305
f 8270 8306 8269
f 8270 8305 8307
f 8270 8307 8306
f 8268 8308 8305
f 8268 8271 8308
f 8253 8254 8309
f 8253 8309 8293
f 8310 8311 8312
f 8310 8172 8311
f 8310 8312 8313
f 8310 8313 8173
f 8310 8173 8172
f 8254 8255 8314
f 8254 8315 8309
f 8254 8314 8315
f 8255 8294 8314
f 8272 8275 8316
f 8272 8316 8317
f 8272 8317 8273
f 8275 8318 8316
f 8275 8319 8318
f 8275 8274 8319
f 8175 8320 8216
f 8175 8238 8320
f 8138 8146 8297
f 8168 8181 8321
f 8168 8321 8322
f 8168 8322 8323
f 8168 8323 8285
f 8188 8287 8183
f 8142 8291 8292
f 8169 8324 8221
f 8169 8232 8324
f 8179 8233 8232
f 8325 8326 8327
f 8325 8327 8328
f 8325 8329 8326
f 8325 8328 8329
f 8327 8326 8165
f 8327 8156 8328
f 8327 8165 8156
f 8326 8329 8330
f 8326 8331 8165
f 8326 8330 8331
f 8211 8194 8332
f 8211 8332 8271
f 8194 8235 8332
f 8311 8333 8312
f 8311 8334 8333
f 8311 8172 8334
f 8312 8335 8313
f 8312 8333 8336
f 8312 8336 8335
f 8313 8335 8337
f 8313 8337 8173
f 8197 8213 8338
f 8197 8338 8237
f 8213 8273 8338
f 8339 8340 8341
f 8339 8341 8167
f 8339 8342 8340
f 8339 8343 8342
f 8339 8167 8344
f 8339 8344 8343
f 8341 8340 8345
f 8341 8345 8160
f 8341 8160 8167
f 8340 8342 8345
f 8180 8239 8238
f 8176 8222 8346
f 8176 8346 8239
f 8146 8295 8297
f 8202 8187 8300
f 8183 8287 8347
f 8183 8347 8220
f 8033 8231 8267
f 8207 8283 8304
f 8269 8306 8283
f 8307 8305 8348
f 8307 8349 8306
f 8307 8350 8349
f 8307 8348 8350
f 8328 8351 8329
f 8328 8156 8352
f 8328 8352 8351
f 8345 8342 8353
f 8345 8354 8160
f 8345 8353 8354
f 8318 8355 8316
f 8318 8356 8355
f 8318 8357 8356
f 8318 8319 8357
f 8274 8284 8319
f 8216 8320 8284
f 8057 8277 8240
f 8187 8358 8300
f 8187 8223 8358
f 8225 8155 8359
f 8225 8359 8224
f 8261 8360 8263
f 8261 8288 8360
f 8178 8361 8204
f 8178 8301 8361
f 8329 8362 8330
f 8329 8351 8362
f 8305 8363 8348
f 8305 8308 8363
f 8333 8364 8336
f 8333 8334 8365
f 8333 8365 8364
f 8336 8364 8335
f 8335 8366 8337
f 8335 8364 8366
f 8342 8343 8367
f 8342 8367 8353
f 8316 8355 8368
f 8316 8368 8317
f 8181 8205 8369
f 8181 8369 8321
f 8262 8280 8370
f 8262 8370 8299
f 8247 8371 8162
f 8247 8246 8371
f 8192 8206 8372
f 8192 8373 8193
f 8192 8372 8373
f 8306 8349 8374
f 8306 8374 8283
f 8349 8350 8375
f 8349 8375 8376
f 8349 8376 8374
f 8350 8348 8377
f 8350 8378 8375
f 8350 8377 8378
f 8348 8363 8379
f 8348 8379 8380
f 8348 8380 8377
f 8271 8332 8308
f 8172 8171 8334
f 8173 8337 8174
f 8273 8317 8338
f 8355 8356 8381
f 8355 8382 8368
f 8355 8383 8382
f 8355 8381 8383
f 8356 8357 8384
f 8356 8384 8385
f 8356 8385 8381
f 8357 8319 8386
f 8357 8387 8384
f 8357 8386 8387
f 8319 8284 8386
f 8199 8388 8217
f 8199 8198 8389
f 8199 8389 8388
f 8155 8204 8361
f 8155 8361 8359
f 8375 8390 8376
f 8375 8378 8390
f 8156 8157 8352
f 8165 8331 8164
f 8167 8166 8344
f 8160 8354 8161
f 8384 8387 8391
f 8384 8391 8385
f 8162 8369 8205
f 8162 8371 8369
f 8224 8392 8287
f 8224 8359 8393
f 8224 8393 8392
f 8221 8324 8282
f 8308 8332 8363
f 8164 8334 8171
f 8164 8331 8334
f 8166 8174 8337
f 8166 8337 8344
f 8317 8368 8338
f 8222 8285 8346
f 8246 8300 8394
f 8246 8395 8371
f 8246 8394 8395
f 8287 8392 8347
f 8396 8397 8398
f 8396 8398 8399
f 8396 8400 8397
f 8396 8399 8231
f 8396 8231 8400
f 8233 8304 8401
f 8233 8402 8232
f 8233 8401 8402
f 8304 8283 8401
f 8363 8332 8379
f 8368 8382 8338
f 8320 8238 8403
f 8320 8403 8284
f 8238 8239 8404
f 8238 8404 8403
f 8405 8406 8407
f 8405 8240 8406
f 8405 8407 8408
f 8405 8408 8409
f 8405 8409 8240
f 8300 8358 8394
f 8398 8397 8410
f 8398 8411 8399
f 8398 8410 8411
f 8397 8412 8410
f 8397 8400 8412
f 8399 8411 8281
f 8399 8413 8231
f 8399 8281 8413
f 8264 8414 8288
f 8264 8220 8414
f 8302 8415 8301
f 8302 8303 8415
f 8232 8402 8416
f 8232 8416 8324
f 8283 8374 8417
f 8283 8417 8401
f 8379 8332 8380
f 8235 8418 8332
f 8235 8293 8418
f 8237 8338 8419
f 8237 8419 8294
f 8382 8383 8338
f 8284 8420 8386
f 8284 8403 8420
f 8239 8421 8404
f 8239 8346 8421
f 8322 8321 8422
f 8322 8422 8323
f 8279 8299 8423
f 8279 8423 8223
f 8406 8424 8407
f 8406 8286 8424
f 8406 8240 8425
f 8406 8425 8286
f 8407 8426 8408
f 8407 8424 8426
f 8408 8426 8427
f 8408 8427 8409
f 8410 8428 8411
f 8410 8412 8428
f 8263 8429 8177
f 8263 8360 8429
f 8177 8430 8231
f 8177 8429 8430
f 8301 8431 8361
f 8301 8415 8431
f 8267 8231 8413
f 8267 8413 8281
f 8374 8376 8417
f 8376 8432 8417
f 8376 8390 8432
f 8387 8386 8420
f 8387 8420 8433
f 8387 8433 8391
f 8277 8425 8240
f 8277 8286 8425
f 8321 8369 8434
f 8321 8434 8422
f 8182 8435 8280
f 8182 8240 8436
f 8182 8436 8435
f 8280 8435 8370
f 8426 8424 8437
f 8426 8437 8427
f 8411 8428 8438
f 8411 8438 8281
f 8359 8361 8431
f 8359 8431 8393
f 8400 8231 8430
f 8400 8430 8412
f 8439 8440 8218
f 8439 8441 8440
f 8439 8218 8442
f 8439 8442 8441
f 8401 8417 8443
f 8401 8443 8402
f 8403 8444 8420
f 8403 8404 8444
f 8445 8219 8446
f 8445 8446 8447
f 8445 8448 8219
f 8445 8447 8448
f 8409 8436 8240
f 8409 8427 8436
f 8424 8449 8437
f 8424 8286 8449
f 8371 8434 8369
f 8371 8395 8434
f 8440 8206 8218
f 8440 8372 8206
f 8440 8441 8450
f 8440 8450 8372
f 8417 8451 8443
f 8417 8432 8451
f 8420 8452 8433
f 8420 8444 8452
f 8217 8446 8219
f 8217 8388 8446
f 8446 8453 8447
f 8446 8388 8453
f 8392 8454 8347
f 8392 8393 8455
f 8392 8455 8454
f 8347 8454 8220
f 8282 8456 8303
f 8282 8324 8457
f 8282 8457 8456
f 8442 8218 8292
f 8442 8458 8441
f 8442 8292 8458
f 8459 8460 8461
f 8459 8462 8460
f 8459 8461 8193
f 8459 8373 8462
f 8459 8193 8373
f 8460 8463 8461
f 8460 8462 8464
f 8460 8465 8463
f 8460 8464 8465
f 8461 8463 8157
f 8461 8157 8193
f 8466 8467 8468
f 8466 8469 8467
f 8466 8468 8198
f 8466 8161 8469
f 8466 8198 8161
f 8467 8470 8468
f 8467 8469 8471
f 8467 8472 8470
f 8467 8471 8472
f 8468 8470 8389
f 8468 8389 8198
f 8219 8448 8295
f 8448 8447 8473
f 8448 8473 8295
f 8285 8323 8474
f 8285 8475 8346
f 8285 8474 8475
f 8358 8476 8394
f 8358 8223 8476
f 8394 8477 8395
f 8394 8476 8477
f 8288 8478 8360
f 8288 8479 8478
f 8288 8414 8479
f 8412 8430 8429
f 8412 8480 8428
f 8412 8429 8481
f 8412 8481 8480
f 8303 8482 8415
f 8303 8483 8482
f 8303 8456 8483
f 8441 8484 8450
f 8441 8458 8484
f 8402 8443 8485
f 8402 8485 8486
f 8402 8487 8416
f 8402 8486 8488
f 8402 8488 8487
f 8443 8451 8489
f 8443 8489 8485
f 8432 8390 8451
f 8462 8490 8464
f 8462 8373 8490
f 8463 8465 8491
f 8463 8491 8157
f 8331 8492 8334
f 8331 8330 8493
f 8331 8493 8492
f 8332 8418 8494
f 8332 8495 8380
f 8332 8496 8495
f 8332 8494 8496
f 8338 8497 8419
f 8338 8383 8498
f 8338 8498 8499
f 8338 8499 8497
f 8344 8337 8500
f 8344 8501 8343
f 8344 8500 8501
f 8469 8502 8471
f 8469 8161 8502
f 8470 8472 8503
f 8470 8503 8389
f 8433 8452 8391
f 8444 8404 8504
f 8444 8505 8452
f 8444 8504 8505
f 8404 8506 8504
f 8404 8421 8507
f 8404 8508 8506
f 8404 8507 8508
f 8447 8453 8509
f 8447 8509 8473
f 8323 8422 8510
f 8323 8510 8511
f 8323 8511 8474
f 8427 8435 8436
f 8427 8437 8512
f 8427 8513 8435
f 8427 8512 8513
f 8299 8370 8514
f 8299 8514 8515
f 8299 8515 8423
f 8220 8454 8516
f 8220 8516 8414
f 8324 8416 8517
f 8324 8517 8457
f 8451 8518 8489
f 8451 8390 8518
f 8464 8519 8465
f 8464 8490 8519
f 8465 8520 8491
f 8465 8519 8520
f 8352 8157 8491
f 8352 8491 8351
f 8293 8309 8521
f 8293 8521 8418
f 8294 8522 8314
f 8294 8419 8522
f 8354 8502 8161
f 8354 8353 8502
f 8471 8523 8472
f 8471 8502 8524
f 8471 8524 8523
f 8472 8523 8503
f 8452 8525 8391
f 8452 8505 8525
f 8346 8526 8421
f 8346 8475 8526
f 8223 8527 8476
f 8223 8423 8527
f 8334 8528 8365
f 8334 8492 8528
f 8309 8315 8529
f 8309 8529 8521
f 8315 8314 8529
f 8314 8522 8529
f 8337 8366 8530
f 8337 8530 8500
f 8485 8489 8531
f 8485 8531 8486
f 8489 8518 8532
f 8489 8532 8531
f 8390 8378 8518
f 8418 8533 8494
f 8418 8521 8533
f 8419 8497 8534
f 8419 8534 8522
f 8391 8525 8385
f 8505 8504 8535
f 8505 8536 8525
f 8505 8535 8536
f 8504 8506 8535
f 8360 8481 8429
f 8360 8478 8481
f 8431 8415 8537
f 8431 8537 8393
f 8415 8538 8537
f 8415 8482 8538
f 8416 8487 8539
f 8416 8539 8517
f 8450 8540 8372
f 8450 8484 8540
f 8518 8378 8541
f 8518 8541 8532
f 8378 8542 8541
f 8378 8377 8542
f 8380 8495 8377
f 8383 8381 8498
f 8385 8525 8543
f 8385 8544 8381
f 8385 8543 8544
f 8525 8536 8543
f 8453 8388 8545
f 8453 8545 8509
f 8421 8546 8507
f 8421 8526 8546
f 8422 8434 8547
f 8422 8548 8510
f 8422 8547 8548
f 8434 8395 8547
f 8370 8435 8513
f 8370 8513 8514
f 8393 8549 8455
f 8393 8550 8549
f 8393 8537 8550
f 8428 8480 8551
f 8428 8551 8438
f 8291 8552 8292
f 8291 8289 8552
f 8541 8553 8532
f 8541 8542 8554
f 8541 8554 8553
f 8377 8495 8542
f 8495 8496 8542
f 8330 8555 8493
f 8330 8362 8555
f 8343 8501 8556
f 8343 8556 8367
f 8498 8381 8544
f 8498 8544 8499
f 8543 8557 8544
f 8543 8536 8558
f 8543 8558 8557
f 8297 8295 8559
f 8297 8559 8296
f 8437 8560 8512
f 8437 8449 8560
f 8395 8477 8561
f 8395 8562 8547
f 8395 8561 8562
f 8292 8552 8458
f 8532 8563 8531
f 8532 8553 8563
f 8542 8496 8554
f 8494 8564 8496
f 8494 8565 8564
f 8494 8533 8565
f 8365 8566 8364
f 8365 8528 8566
f 8366 8364 8566
f 8366 8566 8530
f 8497 8499 8567
f 8497 8567 8568
f 8497 8568 8534
f 8544 8557 8499
f 8536 8535 8569
f 8536 8569 8558
f 8295 8473 8559
f 8455 8549 8454
f 8531 8570 8486
f 8531 8563 8570
f 8496 8564 8554
f 8493 8571 8492
f 8493 8572 8571
f 8493 8555 8572
f 8571 8573 8492
f 8571 8572 8574
f 8571 8574 8573
f 8492 8573 8528
f 8500 8575 8501
f 8500 8576 8575
f 8500 8530 8576
f 8575 8577 8501
f 8575 8578 8577
f 8575 8576 8578
f 8501 8577 8556
f 8499 8557 8567
f 8535 8506 8579
f 8535 8579 8569
f 8477 8476 8561
f 8372 8580 8373
f 8372 8581 8580
f 8372 8540 8581
f 8582 8583 8580
f 8582 8584 8583
f 8582 8580 8581
f 8582 8585 8584
f 8582 8581 8585
f 8583 8490 8580
f 8583 8584 8490
f 8486 8570 8586
f 8486 8586 8488
f 8373 8580 8490
f 8553 8554 8587
f 8553 8588 8563
f 8553 8587 8588
f 8554 8564 8587
f 8572 8555 8574
f 8577 8578 8556
f 8557 8558 8589
f 8557 8589 8567
f 8558 8569 8590
f 8558 8590 8589
f 8389 8591 8388
f 8389 8503 8591
f 8506 8592 8579
f 8506 8508 8592
f 8593 8594 8591
f 8593 8595 8594
f 8593 8591 8503
f 8593 8503 8595
f 8594 8596 8591
f 8594 8595 8597
f 8594 8597 8596
f 8388 8591 8596
f 8388 8596 8545
f 8454 8598 8516
f 8454 8549 8598
f 8574 8599 8573
f 8574 8555 8600
f 8574 8600 8599
f 8573 8599 8528
f 8576 8601 8578
f 8576 8530 8601
f 8578 8602 8556
f 8578 8601 8602
f 8476 8527 8603
f 8476 8603 8561
f 8479 8604 8478
f 8479 8414 8605
f 8479 8605 8604
f 8516 8606 8414
f 8516 8598 8606
f 8281 8607 8290
f 8281 8438 8607
f 8585 8608 8584
f 8585 8581 8540
f 8585 8540 8608
f 8584 8608 8609
f 8584 8609 8490
f 8563 8610 8570
f 8563 8588 8610
f 8491 8611 8351
f 8491 8520 8611
f 8564 8565 8587
f 8567 8589 8568
f 8502 8353 8612
f 8502 8612 8524
f 8569 8613 8590
f 8569 8579 8613
f 8595 8614 8597
f 8595 8615 8614
f 8595 8503 8615
f 8597 8545 8596
f 8597 8614 8545
f 8286 8298 8616
f 8286 8616 8449
f 8527 8423 8617
f 8527 8617 8603
f 8515 8514 8618
f 8515 8619 8423
f 8515 8618 8619
f 8478 8604 8481
f 8538 8606 8537
f 8538 8482 8620
f 8538 8621 8606
f 8538 8620 8621
f 8458 8622 8484
f 8458 8552 8622
f 8351 8623 8362
f 8351 8611 8623
f 8362 8624 8555
f 8362 8623 8624
f 8533 8625 8565
f 8533 8521 8626
f 8533 8626 8625
f 8534 8568 8627
f 8534 8628 8522
f 8534 8627 8628
f 8367 8629 8353
f 8367 8556 8630
f 8367 8630 8629
f 8353 8629 8612
f 8473 8509 8631
f 8473 8631 8559
f 8548 8632 8510
f 8548 8547 8617
f 8548 8617 8633
f 8548 8633 8632
f 8514 8513 8618
f 8549 8550 8598
f 8537 8606 8550
f 8414 8606 8634
f 8414 8634 8605
f 8482 8635 8620
f 8482 8636 8635
f 8482 8483 8636
f 8637 8638 8639
f 8637 8639 8640
f 8637 8641 8638
f 8637 8642 8641
f 8637 8640 8642
f 8639 8638 8643
f 8639 8643 8487
f 8639 8487 8640
f 8608 8540 8644
f 8608 8645 8609
f 8608 8644 8645
f 8570 8610 8646
f 8570 8646 8586
f 8588 8587 8647
f 8588 8648 8610
f 8588 8647 8648
f 8587 8565 8647
f 8589 8590 8649
f 8589 8649 8568
f 8590 8613 8650
f 8590 8650 8649
f 8579 8651 8613
f 8579 8592 8651
f 8614 8652 8545
f 8614 8615 8653
f 8614 8653 8652
f 8654 8655 8656
f 8654 8656 8657
f 8654 8658 8655
f 8654 8507 8658
f 8654 8657 8507
f 8656 8655 8659
f 8656 8660 8657
f 8656 8659 8660
f 8510 8632 8661
f 8510 8661 8662
f 8510 8662 8511
f 8423 8663 8617
f 8423 8619 8663
f 8547 8562 8617
f 8561 8603 8562
f 8480 8664 8551
f 8480 8481 8664
f 8638 8665 8643
f 8638 8641 8665
f 8643 8665 8487
f 8565 8625 8647
f 8568 8649 8627
f 8658 8666 8655
f 8658 8507 8666
f 8655 8666 8659
f 8512 8560 8667
f 8512 8667 8513
f 8550 8606 8598
f 8606 8621 8634
f 8289 8290 8668
f 8289 8669 8552
f 8289 8668 8669
f 8484 8670 8540
f 8484 8622 8670
f 8641 8671 8665
f 8641 8642 8671
f 8640 8487 8488
f 8640 8672 8642
f 8640 8488 8672
f 8528 8599 8673
f 8528 8673 8566
f 8530 8674 8601
f 8530 8566 8674
f 8657 8508 8507
f 8657 8675 8508
f 8657 8660 8675
f 8659 8666 8676
f 8659 8676 8660
f 8509 8545 8677
f 8509 8677 8631
f 8296 8678 8298
f 8296 8559 8679
f 8296 8679 8678
f 8617 8562 8603
f 8617 8663 8633
f 8290 8607 8668
f 8456 8680 8483
f 8456 8457 8681
f 8456 8681 8680
f 8665 8539 8487
f 8665 8671 8539
f 8490 8682 8519
f 8490 8609 8682
f 8610 8648 8683
f 8610 8683 8646
f 8613 8684 8650
f 8613 8651 8684
f 8503 8523 8685
f 8503 8685 8615
f 8507 8546 8666
f 8666 8546 8676
f 8474 8511 8686
f 8474 8687 8475
f 8474 8686 8687
f 8298 8678 8616
f 8551 8688 8438
f 8551 8664 8688
f 8438 8688 8607
f 8540 8689 8644
f 8540 8670 8689
f 8520 8519 8690
f 8520 8690 8611
f 8648 8647 8691
f 8648 8691 8683
f 8647 8625 8691
f 8555 8624 8600
f 8521 8529 8692
f 8521 8692 8626
f 8522 8693 8529
f 8522 8628 8693
f 8556 8602 8630
f 8649 8650 8694
f 8649 8694 8627
f 8650 8684 8694
f 8524 8695 8523
f 8524 8612 8695
f 8545 8652 8696
f 8545 8696 8677
f 8449 8697 8560
f 8449 8616 8697
f 8560 8697 8667
f 8519 8682 8690
f 8529 8698 8692
f 8529 8693 8698
f 8523 8695 8685
f 8604 8605 8699
f 8604 8699 8700
f 8604 8700 8481
f 8618 8701 8619
f 8618 8513 8702
f 8618 8702 8701
f 8605 8634 8703
f 8605 8703 8699
f 8634 8621 8704
f 8634 8704 8705
f 8634 8705 8703
f 8621 8706 8704
f 8621 8620 8706
f 8663 8707 8633
f 8663 8619 8708
f 8663 8709 8707
f 8663 8708 8709
f 8633 8710 8632
f 8633 8707 8710
f 8619 8701 8708
f 8642 8672 8711
f 8642 8711 8671
f 8672 8488 8586
f 8672 8586 8712
f 8672 8712 8711
f 8683 8691 8713
f 8683 8714 8646
f 8683 8713 8714
f 8691 8625 8713
f 8625 8715 8713
f 8625 8626 8715
f 8627 8694 8716
f 8627 8716 8717
f 8627 8717 8628
f 8694 8684 8716
f 8684 8651 8718
f 8684 8718 8716
f 8508 8675 8592
f 8675 8660 8719
f 8675 8720 8592
f 8675 8719 8720
f 8660 8676 8719
f 8609 8645 8682
f 8586 8646 8712
f 8646 8714 8712
f 8651 8592 8720
f 8651 8720 8718
f 8615 8685 8653
f 8705 8704 8721
f 8705 8721 8722
f 8705 8722 8703
f 8704 8706 8723
f 8704 8723 8721
f 8700 8699 8724
f 8700 8725 8481
f 8700 8726 8725
f 8700 8727 8726
f 8700 8724 8727
f 8635 8728 8620
f 8635 8636 8729
f 8635 8729 8728
f 8620 8730 8706
f 8620 8728 8731
f 8620 8731 8730
f 8712 8714 8732
f 8712 8733 8711
f 8712 8732 8733
f 8714 8713 8734
f 8714 8734 8732
f 8713 8715 8734
f 8716 8718 8735
f 8716 8735 8717
f 8718 8720 8736
f 8718 8736 8735
f 8720 8719 8737
f 8720 8737 8736
f 8632 8738 8661
f 8632 8710 8739
f 8632 8740 8738
f 8632 8739 8740
f 8661 8741 8662
f 8661 8738 8741
f 8702 8513 8742
f 8702 8743 8701
f 8702 8742 8744
f 8702 8744 8745
f 8702 8745 8743
f 8709 8746 8707
f 8709 8747 8746
f 8709 8708 8747
f 8707 8748 8710
f 8707 8746 8748
f 8706 8730 8723
f 8699 8703 8724
f 8481 8725 8664
f 8483 8749 8636
f 8483 8680 8749
f 8511 8662 8750
f 8511 8750 8686
f 8513 8667 8742
f 8701 8743 8708
f 8710 8748 8739
f 8721 8751 8722
f 8721 8723 8751
f 8722 8724 8703
f 8722 8751 8724
f 8715 8626 8752
f 8715 8753 8734
f 8715 8752 8753
f 8626 8754 8752
f 8626 8692 8754
f 8628 8717 8755
f 8628 8756 8693
f 8628 8755 8756
f 8717 8735 8757
f 8717 8757 8755
f 8747 8758 8746
f 8747 8708 8743
f 8747 8743 8758
f 8746 8758 8748
f 8723 8759 8751
f 8723 8730 8759
f 8645 8644 8760
f 8645 8760 8682
f 8653 8761 8652
f 8653 8685 8761
f 8748 8758 8762
f 8748 8762 8739
f 8751 8759 8724
f 8636 8763 8729
f 8636 8749 8763
f 8671 8764 8539
f 8671 8711 8764
f 8600 8765 8599
f 8600 8624 8766
f 8600 8766 8765
f 8599 8765 8673
f 8601 8767 8602
f 8601 8674 8767
f 8602 8768 8630
f 8602 8767 8768
f 8676 8769 8719
f 8676 8546 8769
f 8662 8741 8770
f 8662 8770 8750
f 8758 8743 8762
f 8726 8771 8725
f 8726 8772 8771
f 8726 8727 8773
f 8726 8773 8772
f 8725 8771 8774
f 8725 8774 8775
f 8725 8775 8664
f 8607 8688 8776
f 8607 8776 8668
f 8539 8764 8777
f 8539 8777 8778
f 8539 8778 8517
f 8711 8733 8779
f 8711 8779 8764
f 8644 8689 8760
f 8652 8761 8696
f 8719 8780 8737
f 8719 8769 8780
f 8546 8781 8769
f 8546 8782 8781
f 8546 8526 8782
f 8616 8783 8697
f 8616 8678 8783
f 8742 8784 8744
f 8742 8785 8784
f 8742 8786 8785
f 8742 8667 8786
f 8744 8787 8745
f 8744 8784 8788
f 8744 8788 8787
f 8771 8772 8774
f 8727 8789 8773
f 8727 8790 8789
f 8727 8724 8790
f 8745 8787 8791
f 8745 8791 8792
f 8745 8792 8743
f 8784 8785 8788
f 8772 8773 8793
f 8772 8793 8774
f 8773 8789 8793
f 8728 8729 8763
f 8728 8794 8731
f 8728 8763 8794
f 8733 8732 8779
f 8737 8780 8736
f 8738 8770 8741
f 8738 8740 8795
f 8738 8795 8770
f 8788 8796 8787
f 8788 8785 8796
f 8787 8796 8791
f 8730 8797 8759
f 8730 8798 8797
f 8730 8731 8798
f 8799 8800 8552
f 8799 8801 8800
f 8799 8552 8669
f 8799 8802 8801
f 8799 8669 8802
f 8732 8734 8803
f 8732 8803 8779
f 8736 8804 8735
f 8736 8780 8804
f 8805 8559 8806
f 8805 8679 8559
f 8805 8806 8807
f 8805 8807 8808
f 8805 8808 8679
f 8739 8762 8809
f 8739 8809 8810
f 8739 8810 8740
f 8793 8811 8774
f 8793 8789 8811
f 8774 8811 8775
f 8800 8622 8552
f 8800 8801 8812
f 8800 8812 8622
f 8734 8753 8813
f 8734 8813 8803
f 8735 8814 8757
f 8735 8804 8814
f 8559 8631 8806
f 8806 8815 8807
f 8806 8631 8815
f 8785 8816 8796
f 8785 8786 8816
f 8796 8816 8791
f 8802 8817 8801
f 8802 8818 8817
f 8802 8669 8819
f 8802 8819 8818
f 8801 8817 8812
f 8752 8820 8753
f 8752 8754 8821
f 8752 8821 8820
f 8692 8698 8822
f 8692 8823 8754
f 8692 8822 8823
f 8698 8693 8824
f 8698 8825 8822
f 8698 8824 8825
f 8693 8756 8826
f 8693 8826 8824
f 8755 8827 8756
f 8755 8757 8828
f 8755 8828 8827
f 8807 8829 8808
f 8807 8815 8829
f 8808 8830 8679
f 8808 8829 8831
f 8808 8831 8830
f 8789 8790 8832
f 8789 8832 8811
f 8759 8833 8724
f 8759 8797 8833
f 8670 8622 8834
f 8670 8834 8689
f 8677 8835 8631
f 8677 8696 8835
f 8762 8743 8836
f 8762 8836 8809
f 8791 8837 8792
f 8791 8816 8837
f 8775 8838 8664
f 8775 8811 8838
f 8664 8839 8688
f 8664 8838 8839
f 8724 8833 8790
f 8817 8840 8812
f 8817 8818 8840
f 8812 8840 8622
f 8669 8668 8819
f 8623 8611 8841
f 8623 8841 8842
f 8623 8842 8624
f 8753 8843 8813
f 8753 8820 8843
f 8754 8823 8821
f 8756 8827 8826
f 8757 8814 8844
f 8757 8844 8828
f 8629 8845 8612
f 8629 8846 8845
f 8629 8630 8846
f 8679 8830 8678
f 8815 8847 8829
f 8815 8631 8847
f 8829 8847 8831
f 8667 8848 8786
f 8667 8697 8849
f 8667 8849 8848
f 8743 8792 8836
f 8786 8848 8816
f 8457 8850 8681
f 8457 8517 8850
f 8764 8779 8777
f 8611 8851 8841
f 8611 8690 8851
f 8566 8852 8853
f 8566 8853 8854
f 8566 8673 8852
f 8566 8854 8674
f 8612 8845 8855
f 8612 8855 8695
f 8769 8781 8780
f 8475 8687 8856
f 8475 8856 8526
f 8790 8833 8857
f 8790 8857 8832
f 8681 8858 8680
f 8681 8850 8859
f 8681 8859 8858
f 8622 8840 8834
f 8803 8813 8860
f 8803 8861 8779
f 8803 8860 8861
f 8841 8862 8842
f 8841 8863 8862
f 8841 8851 8863
f 8842 8862 8864
f 8842 8864 8624
f 8813 8865 8860
f 8813 8843 8865
f 8853 8852 8866
f 8853 8866 8854
f 8814 8804 8867
f 8814 8868 8844
f 8814 8867 8868
f 8846 8869 8845
f 8846 8870 8869
f 8846 8630 8870
f 8845 8869 8871
f 8845 8871 8855
f 8804 8872 8867
f 8804 8780 8872
f 8631 8835 8847
f 8687 8686 8873
f 8687 8874 8856
f 8687 8873 8874
f 8792 8875 8836
f 8792 8837 8875
f 8797 8798 8876
f 8797 8876 8833
f 8680 8877 8749
f 8680 8858 8877
f 8777 8779 8861
f 8777 8861 8878
f 8777 8878 8778
f 8852 8673 8879
f 8852 8880 8866
f 8852 8879 8880
f 8854 8866 8881
f 8854 8882 8674
f 8854 8881 8882
f 8781 8872 8780
f 8781 8883 8872
f 8781 8782 8883
f 8686 8750 8884
f 8686 8884 8873
f 8809 8885 8810
f 8809 8836 8885
f 8776 8886 8887
f 8776 8888 8886
f 8776 8688 8888
f 8776 8887 8668
f 8731 8889 8798
f 8731 8794 8889
f 8860 8865 8890
f 8860 8891 8861
f 8860 8890 8891
f 8862 8892 8864
f 8862 8863 8892
f 8864 8892 8893
f 8864 8894 8624
f 8864 8893 8894
f 8865 8843 8895
f 8865 8895 8896
f 8865 8896 8890
f 8843 8820 8897
f 8843 8897 8895
f 8673 8765 8879
f 8866 8880 8898
f 8866 8898 8881
f 8674 8882 8767
f 8844 8868 8899
f 8844 8900 8828
f 8844 8899 8900
f 8868 8867 8901
f 8868 8902 8899
f 8868 8901 8902
f 8870 8903 8869
f 8870 8904 8903
f 8870 8630 8905
f 8870 8905 8904
f 8869 8903 8871
f 8867 8872 8906
f 8867 8906 8901
f 8740 8810 8907
f 8740 8907 8795
f 8783 8908 8697
f 8783 8909 8910
f 8783 8910 8908
f 8783 8678 8909
f 8886 8911 8887
f 8886 8912 8911
f 8886 8913 8912
f 8886 8888 8913
f 8688 8839 8888
f 8863 8914 8892
f 8863 8851 8914
f 8820 8821 8915
f 8820 8915 8897
f 8880 8916 8898
f 8880 8879 8916
f 8881 8898 8917
f 8881 8917 8882
f 8828 8918 8827
f 8828 8900 8918
f 8871 8903 8919
f 8871 8919 8855
f 8697 8908 8849
f 8910 8909 8920
f 8910 8920 8921
f 8910 8922 8908
f 8910 8921 8922
f 8811 8923 8838
f 8811 8832 8923
f 8911 8924 8887
f 8911 8912 8925
f 8911 8925 8924
f 8887 8924 8668
f 8749 8926 8763
f 8749 8877 8926
f 8819 8668 8927
f 8819 8927 8818
f 8668 8924 8927
f 8861 8891 8878
f 8892 8914 8893
f 8895 8897 8928
f 8895 8928 8896
f 8898 8916 8929
f 8898 8929 8917
f 8899 8930 8900
f 8899 8902 8930
f 8903 8904 8919
f 8872 8883 8906
f 8830 8931 8678
f 8830 8831 8931
f 8678 8932 8909
f 8678 8931 8932
f 8750 8770 8933
f 8750 8933 8884
f 8909 8932 8920
f 8920 8934 8921
f 8920 8932 8934
f 8816 8848 8935
f 8816 8935 8837
f 8913 8936 8912
f 8913 8888 8937
f 8913 8937 8936
f 8912 8936 8925
f 8798 8938 8876
f 8798 8889 8938
f 8888 8839 8937
f 8850 8517 8859
f 8624 8894 8766
f 8821 8939 8915
f 8821 8823 8939
f 8827 8918 8940
f 8827 8940 8826
f 8630 8768 8905
f 8856 8874 8526
f 8908 8922 8941
f 8908 8941 8849
f 8921 8942 8922
f 8921 8934 8942
f 8810 8885 8943
f 8810 8943 8907
f 8922 8942 8941
f 8925 8936 8944
f 8925 8927 8924
f 8925 8944 8927
f 8818 8945 8840
f 8818 8927 8946
f 8818 8946 8945
f 8851 8690 8914
f 8897 8947 8928
f 8897 8915 8947
f 8900 8930 8948
f 8900 8948 8918
f 8855 8919 8695
f 8831 8847 8949
f 8831 8950 8931
f 8831 8949 8950
f 8934 8951 8942
f 8934 8932 8931
f 8934 8931 8951
f 8936 8937 8944
f 8763 8926 8794
f 8840 8945 8834
f 8859 8517 8952
f 8859 8952 8858
f 8953 8760 8954
f 8953 8955 8760
f 8953 8954 8956
f 8953 8956 8957
f 8953 8957 8955
f 8760 8689 8954
f 8760 8955 8682
f 8928 8947 8958
f 8928 8958 8896
f 8930 8959 8948
f 8930 8902 8959
f 8761 8960 8961
f 8761 8962 8960
f 8761 8685 8962
f 8761 8961 8696
f 8960 8963 8961
f 8960 8964 8963
f 8960 8962 8964
f 8874 8965 8526
f 8874 8873 8965
f 8847 8835 8949
f 8770 8795 8933
f 8942 8951 8941
f 8952 8517 8966
f 8952 8877 8858
f 8952 8967 8877
f 8952 8966 8967
f 8517 8778 8968
f 8517 8968 8969
f 8517 8969 8966
f 8954 8970 8956
f 8954 8689 8970
f 8682 8971 8690
f 8682 8955 8971
f 8685 8695 8972
f 8685 8972 8962
f 8961 8963 8973
f 8961 8973 8696
f 8526 8965 8974
f 8526 8975 8782
f 8526 8976 8975
f 8526 8974 8976
f 8965 8873 8884
f 8965 8884 8977
f 8965 8977 8974
f 8794 8926 8889
f 8956 8978 8957
f 8956 8970 8978
f 8957 8978 8979
f 8957 8979 8955
f 8915 8980 8947
f 8915 8939 8980
f 8918 8948 8981
f 8918 8981 8940
f 8964 8982 8963
f 8964 8962 8983
f 8964 8983 8982
f 8963 8982 8973
f 8795 8907 8933
f 8937 8984 8944
f 8937 8839 8984
f 8833 8876 8985
f 8833 8985 8857
f 8970 8986 8978
f 8970 8689 8986
f 8778 8987 8968
f 8778 8878 8988
f 8778 8988 8987
f 8690 8971 8914
f 8894 8989 8766
f 8894 8893 8989
f 8879 8765 8916
f 8882 8917 8767
f 8905 8768 8990
f 8905 8990 8904
f 8695 8919 8972
f 8782 8975 8991
f 8782 8992 8883
f 8782 8991 8992
f 8973 8982 8993
f 8973 8993 8696
f 8836 8994 8885
f 8836 8875 8994
f 8941 8951 8995
f 8941 8995 8849
f 8978 8996 8979
f 8978 8986 8996
f 8955 8979 8971
f 8914 8997 8893
f 8914 8971 8997
f 8766 8998 8765
f 8766 8989 8998
f 8947 8980 8958
f 8823 8822 8999
f 8823 8958 8939
f 8823 8999 8958
f 8822 8825 9000
f 8822 9000 8999
f 8825 8824 9000
f 8824 8826 9001
f 8824 9001 9000
f 8826 8940 8959
f 8826 8959 9001
f 8948 8959 8981
f 8768 8767 9002
f 8768 9002 8990
f 8919 8904 9003
f 8919 9003 8972
f 8962 8972 8983
f 8982 8983 9004
f 8982 9004 8993
f 8838 9005 8839
f 8838 8923 9005
f 8876 8938 9006
f 8876 9006 8985
f 8958 8999 8896
f 8958 8980 8939
f 8765 8998 8916
f 8767 8917 9002
f 8959 8940 8981
f 8959 8902 9001
f 8848 8849 9007
f 8848 9007 8935
f 8885 9008 8943
f 8885 8994 9008
f 8893 9009 8989
f 8893 8997 9009
f 8916 9010 8929
f 8916 8998 9010
f 8917 8929 9010
f 8917 9010 9002
f 8904 8990 9011
f 8904 9011 9003
f 8832 8857 8923
f 8889 9012 8938
f 8889 8926 9013
f 8889 9013 9012
f 8689 9014 8986
f 8689 8834 9014
f 8891 8890 9015
f 8891 9016 8878
f 8891 9015 9016
f 8890 8896 9017
f 8890 9017 9015
f 8901 8906 9018
f 8901 9019 8902
f 8901 9018 9019
f 8906 8883 9020
f 8906 9020 9018
f 8696 8993 9021
f 8696 9021 8835
f 8907 8943 9022
f 8907 9023 8933
f 8907 9022 9023
f 8837 8935 8875
f 8938 9012 9006
f 8968 8987 9024
f 8968 9025 8969
f 8968 9024 9025
f 8896 8999 9017
f 8902 9019 9001
f 8975 9026 8991
f 8975 8976 9027
f 8975 9027 9026
f 8943 9008 9022
f 8877 8967 8926
f 8979 8996 9028
f 8979 9028 8971
f 8878 9016 8988
f 8883 8992 9020
f 8983 9029 9004
f 8983 8972 9029
f 8884 8933 8977
f 8986 9030 8996
f 8986 9014 9030
f 8993 9004 9031
f 8993 9031 9021
f 8944 9032 8927
f 8944 9033 9032
f 8944 8984 9033
f 8926 9034 9013
f 8926 8967 9034
f 8927 9032 8946
f 8931 9035 8951
f 8931 8950 9035
f 8933 9023 9036
f 8933 9036 8977
f 8951 9035 9037
f 8951 9037 8995
f 8996 9038 9028
f 8996 9030 9038
f 9004 9029 9039
f 9004 9039 9031
f 8834 9040 9041
f 8834 9042 9040
f 8834 9041 9014
f 8834 8945 9042
f 8988 9016 9043
f 8988 9043 8987
f 9016 9015 9044
f 9016 9044 9045
f 9016 9045 9043
f 9020 8992 9046
f 9020 9047 9018
f 9020 9048 9047
f 9020 9046 9048
f 8992 8991 9046
f 8835 9049 9050
f 8835 9050 9051
f 8835 9021 9049
f 8835 9051 8949
f 8839 9005 9052
f 8839 9052 8984
f 9015 9017 9053
f 9015 9054 9044
f 9015 9053 9054
f 9017 8999 9053
f 9019 9018 9055
f 9019 9055 9001
f 9018 9047 9056
f 9018 9056 9055
f 8849 9057 9007
f 8849 8995 9057
f 8923 9058 9005
f 8923 9059 9058
f 8923 8857 9059
f 9005 9058 9060
f 9005 9060 9052
f 9040 9061 9041
f 9040 9062 9061
f 9040 9042 9062
f 8999 9000 9063
f 8999 9063 9053
f 9000 9001 9064
f 9000 9065 9063
f 9000 9064 9066
f 9000 9067 9065
f 9000 9066 9067
f 9001 9055 9064
f 9050 9049 9068
f 9050 9068 9069
f 9050 9069 9051
f 9007 9070 8935
f 9007 9071 9070
f 9007 9057 9071
f 8935 9070 9072
f 8935 9072 8875
f 9013 9034 9012
f 9041 9061 9073
f 9041 9073 9014
f 8945 9074 9042
f 8945 8946 9074
f 8987 9043 9075
f 8987 9075 9024
f 9044 9054 9076
f 9044 9076 9045
f 9047 9077 9056
f 9047 9048 9077
f 8991 9078 9046
f 8991 9026 9078
f 9049 9079 9068
f 9049 9021 9079
f 8949 9051 9080
f 8949 9080 8950
f 9023 9022 9036
f 8985 9006 9081
f 8985 9081 8857
f 9062 9082 9061
f 9062 9042 9074
f 9062 9074 9082
f 9061 9082 9073
f 8971 9083 9084
f 8971 9084 9085
f 8971 9028 9083
f 8971 9085 8997
f 9054 9053 9086
f 9054 9086 9076
f 9056 9087 9055
f 9056 9077 9087
f 8972 9088 9089
f 8972 9089 9090
f 8972 9003 9088
f 8972 9090 9029
f 9068 9091 9069
f 9068 9079 9091
f 9069 9080 9051
f 9069 9091 9080
f 8994 9092 9008
f 8994 8875 9092
f 9060 9058 9093
f 9060 9093 9094
f 9060 9095 9052
f 9060 9094 9095
f 9058 9096 9093
f 9058 9059 9096
f 9073 9097 9014
f 9073 9082 9098
f 9073 9098 9097
f 9014 9097 9030
f 8989 9009 9099
f 8989 9099 9100
f 8989 9100 9101
f 8989 9101 8998
f 9063 9086 9053
f 9063 9065 9086
f 9064 9055 9087
f 9064 9087 9066
f 8990 9102 9103
f 8990 9103 9011
f 8990 9104 9102
f 8990 9002 9104
f 9021 9105 9079
f 9021 9031 9105
f 9079 9106 9091
f 9079 9105 9106
f 9070 9071 9107
f 9070 9107 9108
f 9070 9108 9072
f 9071 9057 9109
f 9071 9110 9107
f 9071 9109 9110
f 9093 9111 9094
f 9093 9096 9111
f 9052 9095 9112
f 9052 9112 8984
f 9006 9012 9113
f 9006 9113 9081
f 9012 9034 9114
f 9012 9114 9113
f 9082 9074 9115
f 9082 9115 9098
f 9043 9045 9075
f 9046 9078 9048
f 9091 9106 9116
f 9091 9116 9080
f 9022 9008 9117
f 9022 9118 9036
f 9022 9117 9118
f 9008 9092 9117
f 9057 9119 9109
f 9057 8995 9119
f 9107 9110 9120
f 9107 9120 9108
f 9094 9121 9095
f 9094 9111 9121
f 9095 9121 9112
f 8967 8966 9034
f 9086 9065 9076
f 9087 9077 9066
f 8977 9036 8974
f 9109 9122 9110
f 9109 9119 9122
f 9110 9122 9120
f 8857 9081 9059
f 9084 9083 9123
f 9084 9123 9085
f 9045 9076 9124
f 9045 9124 9075
f 9099 9009 9125
f 9099 9126 9100
f 9099 9125 9126
f 9065 9067 9127
f 9065 9127 9076
f 9067 9066 9128
f 9067 9129 9127
f 9067 9128 9129
f 9066 9077 9128
f 9103 9102 9130
f 9103 9131 9011
f 9103 9130 9131
f 9048 9132 9077
f 9048 9078 9132
f 9089 9088 9133
f 9089 9133 9090
f 8875 9072 9092
f 9111 9134 9121
f 9111 9096 9134
f 9121 9135 9112
f 9121 9134 9135
f 8969 9025 9136
f 8969 9137 8966
f 8969 9136 9137
f 9025 9024 9138
f 9025 9138 9139
f 9025 9139 9136
f 9083 9140 9123
f 9083 9028 9140
f 9085 9123 9141
f 9085 9141 8997
f 9076 9127 9124
f 9009 9142 9125
f 9009 8997 9142
f 9100 9126 9143
f 9100 9143 9101
f 9102 9144 9130
f 9102 9104 9144
f 9011 9131 9145
f 9011 9145 9003
f 9077 9132 9128
f 9088 9146 9133
f 9088 9003 9146
f 9090 9147 9029
f 9090 9133 9147
f 9027 8976 9148
f 9027 9149 9026
f 9027 9150 9149
f 9027 9148 9150
f 8976 8974 9151
f 8976 9151 9148
f 9122 9152 9120
f 9122 9119 9153
f 9122 9153 9152
f 9120 9152 9108
f 9096 9059 9154
f 9096 9155 9134
f 9096 9154 9155
f 9032 9156 8946
f 9032 9157 9156
f 9032 9158 9157
f 9032 9033 9158
f 8966 9159 9034
f 8966 9137 9159
f 9024 9075 9160
f 9024 9161 9138
f 9024 9160 9161
f 9123 9140 9141
f 9028 9162 9140
f 9028 9038 9162
f 9125 9163 9126
f 9125 9142 9163
f 9126 9163 9143
f 9130 9164 9131
f 9130 9144 9164
f 9131 9164 9145
f 9029 9147 9165
f 9029 9165 9039
f 9133 9146 9147
f 9026 9166 9078
f 9026 9149 9167
f 9026 9167 9166
f 8974 9036 9168
f 8974 9168 9151
f 9035 8950 9169
f 9035 9169 9170
f 9035 9170 9171
f 9035 9171 9037
f 9108 9172 9072
f 9108 9152 9173
f 9108 9173 9172
f 8984 9112 9174
f 8984 9175 9033
f 8984 9174 9175
f 9059 9176 9154
f 9059 9081 9176
f 8946 9156 9177
f 8946 9177 9178
f 8946 9178 9074
f 8997 9141 9179
f 8997 9179 9142
f 9143 9163 9180
f 9143 9181 9101
f 9143 9180 9181
f 9144 9182 9164
f 9144 9104 9183
f 9144 9183 9182
f 9003 9184 9146
f 9003 9145 9184
f 8950 9185 9169
f 8950 9080 9186
f 8950 9186 9185
f 9072 9187 9092
f 9072 9172 9187
f 8995 9188 9119
f 8995 9037 9189
f 8995 9189 9188
f 9097 9098 9030
f 9140 9162 9141
f 9141 9162 9190
f 9141 9190 9179
f 9075 9124 9160
f 9163 9142 9180
f 9164 9182 9145
f 9078 9166 9132
f 9146 9165 9147
f 9146 9191 9165
f 9146 9184 9191
f 9105 9031 9106
f 9112 9135 9174
f 9156 9192 9177
f 9156 9157 9192
f 9101 9181 8998
f 9104 9002 9183
f 9169 9185 9193
f 9169 9193 9170
f 9119 9188 9153
f 9177 9192 9194
f 9177 9194 9178
f 9034 9159 9114
f 9074 9178 9195
f 9074 9195 9115
f 9098 9196 9030
f 9098 9115 9197
f 9098 9197 9196
f 9106 9031 9198
f 9106 9199 9116
f 9106 9198 9199
f 9080 9116 9200
f 9080 9200 9186
f 9036 9118 9168
f 9185 9201 9193
f 9185 9186 9201
f 9157 9202 9192
f 9157 9158 9202
f 9192 9202 9194
f 9030 9196 9038
f 9124 9127 9203
f 9124 9204 9160
f 9124 9203 9204
f 9127 9129 9203
f 9129 9128 9205
f 9129 9206 9203
f 9129 9205 9206
f 9128 9132 9205
f 9132 9166 9207
f 9132 9207 9205
f 9031 9039 9198
f 9193 9208 9170
f 9193 9201 9208
f 9170 9208 9171
f 9134 9209 9135
f 9134 9155 9209
f 9135 9209 9174
f 9153 9210 9152
f 9153 9188 9210
f 9152 9210 9173
f 9202 9211 9194
f 9202 9158 9212
f 9202 9212 9211
f 9194 9213 9178
f 9194 9211 9213
f 9178 9213 9195
f 9115 9214 9197
f 9115 9195 9214
f 9138 9215 9139
f 9138 9161 9216
f 9138 9216 9215
f 9142 9179 9217
f 9142 9217 9180
f 8998 9218 9010
f 8998 9181 9219
f 8998 9219 9218
f 9002 9010 9220
f 9002 9221 9183
f 9002 9220 9221
f 9145 9222 9184
f 9145 9182 9222
f 9149 9150 9223
f 9149 9224 9167
f 9149 9223 9224
f 9116 9199 9225
f 9116 9225 9200
f 9186 9226 9201
f 9186 9200 9226
f 9201 9227 9208
f 9201 9226 9227
f 9208 9228 9171
f 9208 9227 9228
f 9113 9229 9081
f 9113 9114 9229
f 9162 9230 9190
f 9162 9038 9230
f 9160 9204 9161
f 9166 9167 9207
f 9165 9191 9231
f 9165 9231 9039
f 9117 9092 9232
f 9117 9232 9118
f 9176 9233 9154
f 9176 9234 9233
f 9176 9081 9234
f 9033 9175 9158
f 9190 9217 9179
f 9190 9230 9217
f 9191 9184 9222
f 9191 9222 9231
f 9037 9171 9189
f 9187 9172 9235
f 9187 9235 9236
f 9187 9236 9092
f 9233 9237 9154
f 9233 9238 9237
f 9233 9239 9238
f 9233 9234 9239
f 9136 9240 9137
f 9136 9139 9241
f 9136 9241 9240
f 9010 9218 9242
f 9010 9243 9220
f 9010 9242 9244
f 9010 9244 9243
f 9148 9245 9150
f 9148 9151 9246
f 9148 9246 9245
f 9235 9172 9247
f 9235 9248 9249
f 9235 9249 9236
f 9235 9247 9248
f 9154 9237 9250
f 9154 9250 9155
f 9081 9229 9234
f 9181 9180 9251
f 9181 9251 9219
f 9183 9252 9182
f 9183 9221 9252
f 9092 9236 9232
f 9172 9253 9247
f 9172 9173 9253
f 9238 9239 9254
f 9238 9255 9237
f 9238 9254 9255
f 9239 9256 9254
f 9239 9234 9256
f 9237 9255 9250
f 9158 9257 9212
f 9158 9175 9257
f 9213 9211 9195
f 9114 9159 9229
f 9137 9240 9159
f 9139 9215 9258
f 9139 9258 9241
f 9204 9203 9259
f 9204 9259 9161
f 9180 9217 9251
f 9203 9206 9260
f 9203 9260 9259
f 9206 9205 9261
f 9206 9262 9260
f 9206 9261 9262
f 9205 9207 9263
f 9205 9263 9261
f 9182 9252 9222
f 9207 9167 9263
f 9150 9264 9223
f 9150 9245 9264
f 9151 9168 9246
f 9118 9232 9168
f 9226 9200 9227
f 9171 9228 9265
f 9171 9265 9189
f 9247 9266 9248
f 9247 9253 9266
f 9249 9248 9267
f 9249 9267 9268
f 9249 9268 9236
f 9248 9266 9267
f 9218 9269 9242
f 9218 9219 9269
f 9220 9243 9270
f 9220 9270 9221
f 9255 9254 9271
f 9255 9271 9250
f 9254 9256 9272
f 9254 9272 9271
f 9174 9209 9273
f 9174 9273 9175
f 9196 9274 9038
f 9196 9275 9274
f 9196 9276 9275
f 9196 9197 9276
f 9244 9242 9277
f 9244 9277 9243
f 9198 9039 9278
f 9198 9278 9279
f 9198 9279 9280
f 9198 9280 9199
f 9188 9281 9210
f 9188 9189 9281
f 9266 9282 9267
f 9266 9253 9282
f 9267 9283 9268
f 9267 9282 9283
f 9234 9229 9256
f 9038 9274 9284
f 9038 9284 9285
f 9038 9285 9230
f 9161 9259 9216
f 9242 9286 9277
f 9242 9269 9286
f 9243 9277 9287
f 9243 9287 9270
f 9167 9224 9263
f 9039 9288 9278
f 9039 9289 9288
f 9039 9231 9289
f 9236 9268 9232
f 9212 9290 9211
f 9212 9257 9290
f 9211 9291 9195
f 9211 9290 9291
f 9227 9292 9228
f 9227 9200 9293
f 9227 9293 9292
f 9228 9292 9265
f 9250 9294 9155
f 9250 9271 9294
f 9274 9295 9284
f 9274 9275 9295
f 9278 9288 9296
f 9278 9296 9279
f 9253 9173 9297
f 9253 9297 9282
f 9229 9159 9256
f 9284 9295 9298
f 9284 9298 9285
f 9259 9260 9299
f 9259 9300 9216
f 9259 9299 9300
f 9260 9262 9301
f 9260 9301 9299
f 9277 9286 9302
f 9277 9302 9287
f 9262 9261 9301
f 9261 9263 9303
f 9261 9303 9301
f 9263 9224 9304
f 9263 9304 9303
f 9288 9305 9296
f 9288 9289 9305
f 9232 9268 9168
f 9214 9306 9197
f 9214 9195 9307
f 9214 9307 9306
f 9275 9308 9295
f 9275 9276 9308
f 9295 9308 9298
f 9215 9216 9309
f 9215 9310 9258
f 9215 9309 9310
f 9219 9311 9269
f 9219 9251 9311
f 9286 9312 9302
f 9286 9269 9312
f 9287 9302 9313
f 9287 9313 9270
f 9221 9270 9314
f 9221 9314 9252
f 9223 9315 9224
f 9223 9264 9316
f 9223 9316 9315
f 9296 9317 9279
f 9296 9305 9317
f 9279 9317 9280
f 9225 9199 9318
f 9225 9319 9200
f 9225 9318 9319
f 9197 9320 9276
f 9197 9306 9321
f 9197 9321 9320
f 9298 9308 9322
f 9298 9322 9285
f 9216 9300 9309
f 9302 9312 9323
f 9302 9323 9313
f 9224 9315 9304
f 9305 9324 9317
f 9305 9289 9324
f 9199 9280 9325
f 9199 9326 9318
f 9199 9325 9326
f 9155 9327 9209
f 9155 9294 9327
f 9195 9291 9307
f 9159 9328 9256
f 9159 9240 9329
f 9159 9330 9328
f 9159 9329 9330
f 9308 9276 9331
f 9308 9331 9322
f 9269 9311 9312
f 9270 9313 9314
f 9317 9332 9280
f 9317 9324 9332
f 9168 9268 9333
f 9168 9334 9246
f 9168 9333 9335
f 9168 9335 9334
f 9200 9319 9293
f 9173 9210 9336
f 9173 9336 9297
f 9256 9328 9272
f 9241 9337 9240
f 9241 9258 9338
f 9241 9338 9337
f 9245 9246 9339
f 9245 9340 9264
f 9245 9339 9340
f 9268 9283 9333
f 9209 9341 9273
f 9209 9327 9341
f 9240 9337 9329
f 9300 9299 9342
f 9300 9343 9309
f 9300 9342 9343
f 9299 9301 9344
f 9299 9344 9342
f 9301 9303 9344
f 9303 9304 9345
f 9303 9345 9344
f 9304 9315 9346
f 9304 9346 9345
f 9246 9334 9339
f 9210 9281 9347
f 9210 9347 9336
f 9175 9348 9257
f 9175 9349 9348
f 9175 9273 9350
f 9175 9350 9349
f 9257 9348 9351
f 9257 9351 9352
f 9257 9352 9353
f 9257 9353 9290
f 9276 9320 9354
f 9276 9354 9331
f 9285 9355 9230
f 9285 9322 9355
f 9289 9231 9356
f 9289 9356 9324
f 9280 9357 9325
f 9280 9332 9357
f 9265 9358 9189
f 9265 9359 9358
f 9265 9360 9359
f 9265 9361 9360
f 9265 9292 9361
f 9189 9358 9362
f 9189 9363 9281
f 9189 9362 9363
f 9271 9364 9294
f 9271 9272 9364
f 9348 9365 9351
f 9348 9349 9365
f 9306 9366 9321
f 9306 9367 9366
f 9306 9307 9367
f 9230 9368 9217
f 9230 9355 9368
f 9231 9222 9369
f 9231 9369 9356
f 9318 9326 9370
f 9318 9371 9319
f 9318 9370 9371
f 9358 9359 9372
f 9358 9372 9362
f 9282 9297 9373
f 9282 9373 9283
f 9294 9364 9374
f 9294 9374 9327
f 9328 9330 9272
f 9321 9366 9375
f 9321 9375 9320
f 9326 9376 9370
f 9326 9325 9376
f 9333 9283 9335
f 9297 9377 9373
f 9297 9336 9377
f 9366 9367 9378
f 9366 9378 9375
f 9307 9379 9367
f 9307 9291 9379
f 9312 9380 9323
f 9312 9311 9380
f 9313 9323 9380
f 9313 9380 9314
f 9319 9371 9381
f 9319 9381 9293
f 9370 9376 9382
f 9370 9382 9371
f 9367 9379 9378
f 9375 9383 9320
f 9375 9378 9383
f 9320 9383 9354
f 9258 9310 9384
f 9258 9384 9338
f 9322 9331 9385
f 9322 9386 9355
f 9322 9385 9386
f 9368 9387 9217
f 9368 9355 9388
f 9368 9388 9389
f 9368 9389 9387
f 9217 9387 9390
f 9217 9390 9251
f 9222 9391 9369
f 9222 9392 9391
f 9222 9252 9392
f 9369 9391 9393
f 9369 9394 9356
f 9369 9393 9394
f 9324 9395 9332
f 9324 9356 9396
f 9324 9396 9395
f 9264 9397 9316
f 9264 9340 9397
f 9325 9398 9376
f 9325 9357 9398
f 9376 9398 9382
f 9371 9382 9381
f 9351 9399 9352
f 9351 9365 9399
f 9272 9400 9364
f 9272 9330 9400
f 9378 9379 9383
f 9331 9354 9385
f 9332 9395 9357
f 9382 9398 9381
f 9283 9373 9401
f 9283 9401 9335
f 9359 9360 9402
f 9359 9402 9372
f 9352 9399 9403
f 9352 9403 9353
f 9388 9355 9404
f 9388 9405 9389
f 9388 9404 9405
f 9355 9386 9404
f 9387 9389 9406
f 9387 9406 9390
f 9391 9407 9393
f 9391 9392 9407
f 9394 9408 9356
f 9394 9393 9409
f 9394 9409 9408
f 9356 9408 9396
f 9360 9410 9402
f 9360 9361 9410
f 9365 9411 9399
f 9365 9349 9411
f 9399 9411 9403
f 9273 9341 9350
f 9389 9405 9406
f 9393 9407 9409
f 9281 9363 9347
f 9402 9412 9372
f 9402 9410 9412
f 9372 9412 9362
f 9364 9400 9374
f 9309 9413 9310
f 9309 9343 9413
f 9251 9390 9414
f 9251 9415 9311
f 9251 9416 9415
f 9251 9414 9416
f 9252 9314 9417
f 9252 9418 9392
f 9252 9417 9419
f 9252 9419 9418
f 9315 9316 9420
f 9315 9420 9346
f 9373 9377 9401
f 9411 9421 9403
f 9411 9349 9422
f 9411 9422 9421
f 9403 9421 9353
f 9349 9350 9422
f 9353 9423 9290
f 9353 9421 9423
f 9379 9424 9383
f 9379 9291 9424
f 9337 9338 9425
f 9337 9426 9329
f 9337 9425 9426
f 9310 9427 9384
f 9310 9413 9427
f 9405 9404 9406
f 9406 9428 9390
f 9406 9404 9428
f 9407 9408 9409
f 9407 9392 9429
f 9407 9429 9408
f 9316 9397 9430
f 9316 9430 9420
f 9339 9431 9340
f 9339 9334 9432
f 9339 9432 9431
f 9381 9398 9433
f 9381 9433 9293
f 9361 9434 9410
f 9361 9292 9435
f 9361 9435 9434
f 9362 9412 9436
f 9362 9436 9363
f 9410 9434 9412
f 9412 9434 9436
f 9327 9437 9341
f 9327 9374 9438
f 9327 9438 9437
f 9290 9423 9291
f 9338 9384 9439
f 9338 9439 9425
f 9340 9440 9397
f 9340 9431 9440
f 9292 9293 9435
f 9336 9347 9441
f 9336 9442 9377
f 9336 9441 9442
f 9383 9443 9354
f 9383 9424 9443
f 9329 9426 9330
f 9334 9335 9432
f 9398 9357 9444
f 9398 9444 9433
f 9421 9422 9445
f 9421 9446 9423
f 9421 9445 9446
f 9341 9437 9447
f 9341 9447 9350
f 9330 9426 9400
f 9390 9448 9414
f 9390 9428 9449
f 9390 9449 9448
f 9311 9415 9450
f 9311 9451 9380
f 9311 9450 9451
f 9314 9452 9417
f 9314 9380 9453
f 9314 9453 9452
f 9392 9418 9454
f 9392 9455 9429
f 9392 9454 9455
f 9335 9401 9432
f 9347 9363 9456
f 9347 9456 9441
f 9434 9457 9436
f 9434 9435 9458
f 9434 9458 9457
f 9422 9350 9445
f 9374 9400 9459
f 9374 9460 9438
f 9374 9459 9460
f 9354 9461 9385
f 9354 9443 9461
f 9415 9416 9462
f 9415 9462 9450
f 9417 9463 9419
f 9417 9452 9463
f 9357 9395 9464
f 9357 9464 9444
f 9377 9465 9401
f 9377 9442 9466
f 9377 9466 9465
f 9436 9457 9363
f 9291 9423 9467
f 9291 9467 9468
f 9291 9468 9469
f 9291 9469 9424
f 9416 9414 9470
f 9416 9470 9462
f 9419 9471 9418
f 9419 9463 9471
f 9293 9472 9435
f 9293 9473 9472
f 9293 9474 9473
f 9293 9433 9474
f 9343 9342 9475
f 9343 9476 9413
f 9343 9475 9476
f 9414 9448 9470
f 9342 9344 9477
f 9342 9477 9475
f 9344 9345 9477
f 9345 9346 9478
f 9345 9478 9477
f 9418 9471 9454
f 9346 9420 9479
f 9346 9479 9478
f 9400 9426 9459
f 9428 9404 9449
f 9470 9480 9462
f 9470 9448 9480
f 9462 9480 9450
f 9463 9481 9471
f 9463 9452 9481
f 9471 9481 9454
f 9429 9455 9408
f 9401 9465 9432
f 9447 9437 9482
f 9447 9483 9350
f 9447 9482 9484
f 9447 9484 9485
f 9447 9485 9483
f 9423 9486 9467
f 9423 9446 9486
f 9384 9427 9439
f 9385 9487 9386
f 9385 9461 9488
f 9385 9488 9487
f 9386 9489 9404
f 9386 9490 9489
f 9386 9487 9490
f 9448 9491 9480
f 9448 9449 9491
f 9454 9481 9492
f 9454 9492 9455
f 9396 9493 9395
f 9396 9408 9494
f 9396 9494 9495
f 9396 9495 9493
f 9395 9496 9464
f 9395 9493 9496
f 9397 9440 9430
f 9435 9472 9497
f 9435 9497 9458
f 9456 9363 9498
f 9456 9499 9441
f 9456 9500 9499
f 9456 9501 9500
f 9456 9498 9501
f 9437 9438 9502
f 9437 9502 9482
f 9350 9483 9445
f 9467 9503 9468
f 9467 9486 9503
f 9404 9489 9449
f 9413 9504 9427
f 9413 9476 9504
f 9480 9505 9450
f 9480 9491 9505
f 9481 9452 9506
f 9481 9506 9492
f 9420 9430 9507
f 9420 9507 9479
f 9408 9455 9494
f 9472 9473 9508
f 9472 9508 9497
f 9363 9457 9498
f 9441 9509 9442
f 9441 9499 9509
f 9438 9510 9502
f 9438 9460 9510
f 9425 9511 9426
f 9425 9439 9512
f 9425 9512 9511
f 9380 9451 9513
f 9380 9513 9453
f 9431 9432 9514
f 9431 9515 9440
f 9431 9514 9515
f 9442 9516 9466
f 9442 9509 9516
f 9502 9517 9482
f 9502 9510 9517
f 9482 9517 9484
f 9460 9518 9510
f 9460 9459 9519
f 9460 9519 9518
f 9468 9520 9469
f 9468 9503 9520
f 9469 9521 9424
f 9469 9520 9521
f 9450 9522 9451
f 9450 9505 9522
f 9452 9453 9523
f 9452 9523 9506
f 9474 9524 9473
f 9474 9433 9525
f 9474 9525 9524
f 9473 9524 9508
f 9466 9526 9465
f 9466 9516 9527
f 9466 9527 9526
f 9499 9528 9509
f 9499 9500 9528
f 9509 9528 9516
f 9510 9518 9517
f 9459 9426 9529
f 9459 9529 9519
f 9424 9521 9530
f 9424 9531 9443
f 9424 9530 9531
f 9426 9511 9529
f 9449 9532 9491
f 9449 9489 9533
f 9449 9533 9532
f 9451 9522 9534
f 9451 9534 9513
f 9453 9535 9523
f 9453 9513 9535
f 9455 9492 9536
f 9455 9537 9494
f 9455 9536 9537
f 9432 9465 9538
f 9432 9538 9514
f 9433 9539 9525
f 9433 9444 9540
f 9433 9540 9539
f 9465 9526 9538
f 9516 9528 9527
f 9517 9518 9484
f 9503 9541 9520
f 9503 9486 9541
f 9484 9518 9485
f 9520 9541 9521
f 9445 9483 9446
f 9521 9541 9530
f 9439 9427 9542
f 9439 9542 9512
f 9427 9504 9543
f 9427 9543 9542
f 9430 9440 9544
f 9430 9545 9507
f 9430 9544 9545
f 9440 9515 9544
f 9525 9546 9524
f 9525 9539 9546
f 9457 9458 9498
f 9524 9546 9508
f 9508 9546 9497
f 9500 9527 9528
f 9500 9501 9527
f 9443 9547 9461
f 9443 9531 9547
f 9444 9464 9548
f 9444 9548 9540
f 9518 9519 9485
f 9541 9486 9549
f 9541 9549 9530
f 9488 9461 9547
f 9488 9550 9487
f 9488 9551 9550
f 9488 9547 9551
f 9496 9548 9464
f 9496 9493 9552
f 9496 9552 9553
f 9496 9553 9548
f 9546 9554 9497
f 9546 9539 9554
f 9527 9501 9526
f 9491 9555 9505
f 9491 9532 9555
f 9492 9506 9556
f 9492 9556 9536
f 9486 9446 9549
f 9489 9490 9557
f 9489 9557 9558
f 9489 9558 9533
f 9476 9475 9559
f 9476 9560 9504
f 9476 9559 9560
f 9505 9555 9522
f 9475 9477 9561
f 9475 9561 9559
f 9477 9478 9562
f 9477 9563 9561
f 9477 9562 9563
f 9478 9479 9564
f 9478 9564 9562
f 9506 9523 9556
f 9479 9507 9565
f 9479 9565 9564
f 9494 9566 9495
f 9494 9567 9566
f 9494 9537 9567
f 9497 9554 9458
f 9485 9568 9483
f 9485 9569 9568
f 9485 9519 9569
f 9483 9570 9446
f 9483 9568 9571
f 9483 9571 9570
f 9487 9572 9490
f 9487 9550 9572
f 9504 9573 9543
f 9504 9560 9573
f 9507 9545 9574
f 9507 9574 9565
f 9493 9495 9575
f 9493 9575 9552
f 9498 9576 9501
f 9498 9458 9577
f 9498 9578 9576
f 9498 9577 9578
f 9501 9576 9579
f 9501 9579 9526
f 9446 9580 9549
f 9446 9570 9580
f 9530 9549 9531
f 9490 9572 9557
f 9495 9566 9575
f 9539 9540 9554
f 9458 9554 9581
f 9458 9581 9577
f 9550 9551 9582
f 9550 9582 9572
f 9551 9558 9582
f 9551 9583 9558
f 9551 9547 9583
f 9512 9584 9511
f 9512 9542 9585
f 9512 9585 9584
f 9522 9586 9534
f 9522 9555 9586
f 9523 9535 9587
f 9523 9587 9556
f 9515 9514 9588
f 9515 9589 9544
f 9515 9588 9589
f 9553 9552 9590
f 9553 9590 9567
f 9553 9567 9591
f 9553 9591 9548
f 9552 9575 9590
f 9549 9592 9531
f 9549 9580 9592
f 9568 9593 9571
f 9568 9569 9594
f 9568 9594 9593
f 9572 9582 9557
f 9513 9534 9595
f 9513 9596 9535
f 9513 9595 9597
f 9513 9597 9596
f 9575 9566 9590
f 9576 9578 9598
f 9576 9599 9579
f 9576 9598 9599
f 9554 9540 9600
f 9554 9600 9581
f 9571 9601 9570
f 9571 9593 9602
f 9571 9602 9601
f 9557 9582 9558
f 9511 9584 9529
f 9534 9586 9603
f 9534 9603 9595
f 9535 9596 9604
f 9535 9604 9587
f 9514 9538 9588
f 9566 9567 9590
f 9578 9577 9605
f 9578 9605 9606
f 9578 9606 9598
f 9519 9529 9569
f 9558 9607 9533
f 9558 9583 9607
f 9542 9543 9573
f 9542 9608 9585
f 9542 9573 9608
f 9544 9574 9545
f 9544 9589 9609
f 9544 9609 9574
f 9567 9537 9610
f 9567 9610 9591
f 9526 9579 9538
f 9569 9611 9594
f 9569 9529 9612
f 9569 9612 9611
f 9531 9613 9547
f 9531 9592 9613
f 9547 9614 9583
f 9547 9613 9614
f 9548 9615 9540
f 9548 9591 9616
f 9548 9616 9615
f 9540 9615 9600
f 9579 9617 9538
f 9579 9599 9618
f 9579 9618 9617
f 9570 9601 9619
f 9570 9620 9580
f 9570 9619 9620
f 9533 9621 9532
f 9533 9607 9622
f 9533 9622 9621
f 9560 9559 9623
f 9560 9623 9573
f 9561 9563 9624
f 9561 9625 9559
f 9561 9624 9625
f 9563 9562 9624
f 9562 9564 9626
f 9562 9626 9624
f 9565 9627 9564
f 9565 9574 9627
f 9537 9536 9628
f 9537 9629 9610
f 9537 9628 9629
f 9577 9630 9605
f 9577 9581 9631
f 9577 9631 9630
f 9593 9594 9632
f 9593 9632 9602
f 9601 9602 9633
f 9601 9633 9619
f 9605 9634 9606
f 9605 9630 9634
f 9598 9635 9599
f 9598 9606 9635
f 9594 9611 9632
f 9580 9636 9592
f 9580 9620 9636
f 9529 9584 9637
f 9529 9637 9612
f 9583 9638 9607
f 9583 9614 9638
f 9585 9639 9584
f 9585 9608 9639
f 9532 9640 9555
f 9532 9621 9640
f 9559 9641 9623
f 9559 9625 9642
f 9559 9642 9641
f 9564 9627 9643
f 9564 9644 9626
f 9564 9643 9644
f 9536 9556 9645
f 9536 9645 9628
f 9589 9588 9646
f 9589 9646 9609
f 9591 9610 9647
f 9591 9647 9616
f 9538 9648 9588
f 9538 9617 9648
f 9581 9600 9631
f 9599 9635 9618
f 9632 9633 9602
f 9632 9611 9633
f 9555 9640 9586
f 9556 9587 9645
f 9606 9634 9635
f 9635 9634 9618
f 9611 9612 9633
f 9633 9612 9619
f 9592 9636 9649
f 9592 9649 9613
f 9619 9637 9620
f 9619 9612 9637
f 9607 9638 9622
f 9584 9650 9637
f 9584 9651 9650
f 9584 9639 9651
f 9573 9652 9608
f 9573 9623 9652
f 9586 9653 9603
f 9586 9654 9653
f 9586 9640 9654
f 9603 9655 9595
f 9603 9656 9655
f 9603 9653 9656
f 9595 9657 9597
f 9595 9655 9657
f 9597 9657 9596
f 9596 9658 9604
f 9596 9657 9658
f 9604 9659 9587
f 9604 9658 9656
f 9604 9656 9659
f 9587 9659 9660
f 9587 9660 9645
f 9574 9609 9661
f 9574 9661 9627
f 9610 9629 9647
f 9588 9662 9646
f 9588 9663 9662
f 9588 9648 9663
f 9630 9617 9634
f 9630 9631 9648
f 9630 9648 9617
f 9600 9664 9631
f 9600 9665 9664
f 9600 9615 9665
f 9634 9617 9618
f 9636 9620 9666
f 9636 9667 9649
f 9636 9668 9667
f 9636 9666 9668
f 9620 9637 9669
f 9620 9669 9666
f 9608 9652 9639
f 9609 9646 9661
f 9631 9670 9648
f 9631 9664 9670
f 9649 9671 9613
f 9649 9667 9672
f 9649 9672 9671
f 9657 9655 9673
f 9657 9673 9658
f 9623 9641 9674
f 9623 9674 9652
f 9655 9656 9673
f 9624 9675 9625
f 9624 9626 9676
f 9624 9677 9675
f 9624 9676 9677
f 9658 9673 9656
f 9627 9678 9643
f 9627 9661 9678
f 9637 9650 9669
f 9651 9679 9650
f 9651 9639 9680
f 9651 9681 9679
f 9651 9680 9681
f 9625 9675 9642
f 9626 9644 9676
f 9662 9682 9646
f 9662 9663 9683
f 9662 9683 9684
f 9662 9684 9682
f 9648 9670 9663
f 9664 9685 9670
f 9664 9665 9686
f 9664 9687 9685
f 9664 9686 9687
f 9669 9650 9688
f 9669 9688 9666
f 9613 9689 9614
f 9613 9671 9690
f 9613 9690 9691
f 9613 9691 9689
f 9638 9614 9692
f 9638 9692 9622
f 9614 9689 9692
f 9650 9679 9693
f 9650 9693 9688
f 9639 9652 9680
f 9656 9653 9694
f 9656 9694 9659
f 9646 9682 9661
f 9663 9670 9685
f 9663 9695 9683
f 9663 9685 9695
f 9647 9696 9616
f 9647 9629 9696
f 9616 9697 9615
f 9616 9696 9697
f 9615 9698 9665
f 9615 9699 9698
f 9615 9697 9699
f 9665 9698 9686
f 9667 9668 9700
f 9667 9700 9672
f 9666 9701 9668
f 9666 9688 9701
f 9622 9702 9621
f 9622 9692 9703
f 9622 9703 9704
f 9622 9704 9702
f 9641 9642 9705
f 9641 9706 9674
f 9641 9705 9706
f 9653 9654 9707
f 9653 9707 9694
f 9659 9708 9660
f 9659 9694 9708
f 9643 9709 9644
f 9643 9678 9710
f 9643 9710 9709
f 9629 9628 9711
f 9629 9712 9696
f 9629 9713 9712
f 9629 9711 9713
f 9668 9701 9700
f 9672 9714 9671
f 9672 9700 9714
f 9652 9674 9680
f 9621 9702 9640
f 9681 9715 9679
f 9681 9680 9716
f 9681 9716 9717
f 9681 9717 9718
f 9681 9719 9715
f 9681 9718 9719
f 9640 9702 9654
f 9642 9675 9705
f 9644 9709 9676
f 9645 9711 9628
f 9645 9660 9711
f 9684 9683 9720
f 9684 9721 9682
f 9684 9722 9721
f 9684 9723 9722
f 9684 9720 9699
f 9684 9699 9723
f 9661 9682 9678
f 9671 9693 9690
f 9671 9714 9724
f 9671 9724 9688
f 9671 9688 9693
f 9679 9715 9693
f 9678 9682 9725
f 9678 9726 9710
f 9678 9725 9726
f 9683 9695 9720
f 9700 9727 9714
f 9700 9701 9727
f 9690 9719 9691
f 9690 9715 9719
f 9690 9693 9715
f 9680 9674 9706
f 9680 9706 9716
f 9682 9721 9725
f 9698 9699 9728
f 9698 9729 9686
f 9698 9728 9729
f 9714 9727 9724
f 9691 9730 9689
f 9691 9719 9731
f 9691 9731 9730
f 9692 9689 9703
f 9717 9716 9732
f 9717 9733 9718
f 9717 9732 9734
f 9717 9734 9733
f 9675 9735 9705
f 9675 9677 9736
f 9675 9736 9735
f 9676 9736 9677
f 9676 9709 9737
f 9676 9737 9736
f 9722 9725 9721
f 9722 9710 9726
f 9722 9726 9725
f 9722 9738 9710
f 9722 9739 9738
f 9722 9723 9740
f 9722 9741 9739
f 9722 9740 9741
f 9696 9712 9697
f 9701 9724 9727
f 9701 9688 9724
f 9689 9742 9703
f 9689 9743 9742
f 9689 9730 9743
f 9703 9744 9704
f 9703 9742 9744
f 9706 9732 9716
f 9706 9705 9745
f 9706 9745 9732
f 9654 9702 9746
f 9654 9747 9707
f 9654 9748 9747
f 9654 9746 9748
f 9660 9708 9749
f 9660 9750 9711
f 9660 9749 9751
f 9660 9751 9750
f 9738 9739 9710
f 9710 9752 9709
f 9710 9739 9752
f 9712 9753 9697
f 9712 9713 9754
f 9712 9754 9753
f 9697 9753 9699
f 9720 9728 9699
f 9720 9695 9728
f 9685 9755 9695
f 9685 9687 9755
f 9719 9718 9731
f 9718 9733 9731
f 9702 9704 9756
f 9702 9756 9746
f 9704 9744 9757
f 9704 9757 9758
f 9704 9758 9759
f 9704 9759 9756
f 9705 9735 9745
f 9707 9760 9694
f 9707 9747 9761
f 9707 9761 9760
f 9708 9694 9760
f 9708 9760 9762
f 9708 9762 9749
f 9709 9752 9737
f 9713 9711 9763
f 9713 9764 9754
f 9713 9765 9764
f 9713 9763 9765
f 9711 9750 9763
f 9723 9699 9753
f 9723 9753 9754
f 9723 9754 9740
f 9732 9745 9766
f 9732 9766 9767
f 9732 9768 9734
f 9732 9769 9768
f 9732 9767 9769
f 9739 9766 9752
f 9739 9767 9766
f 9739 9770 9767
f 9739 9741 9771
f 9739 9771 9770
f 9757 9744 9734
f 9757 9734 9768
f 9757 9768 9758
f 9745 9735 9766
f 9735 9736 9766
f 9766 9737 9752
f 9766 9736 9737
f 9754 9764 9771
f 9754 9771 9741
f 9754 9741 9740
f 9695 9755 9728
f 9686 9772 9687
f 9686 9729 9772
f 9687 9772 9755
f 9742 9773 9744
f 9742 9774 9773
f 9742 9743 9774
f 9744 9733 9734
f 9744 9731 9733
f 9744 9773 9731
f 9768 9769 9758
f 9758 9769 9761
f 9758 9761 9759
f 9747 9748 9761
f 9760 9761 9775
f 9760 9775 9762
f 9767 9775 9769
f 9767 9770 9775
f 9749 9762 9751
f 9764 9770 9771
f 9764 9762 9770
f 9764 9765 9762
f 9728 9755 9776
f 9728 9776 9729
f 9775 9761 9769
f 9775 9770 9762
f 9731 9773 9777
f 9731 9777 9730
f 9746 9756 9748
f 9761 9748 9759
f 9762 9765 9751
f 9750 9751 9763
f 9756 9759 9748
f 9763 9751 9765
f 9755 9772 9778
f 9755 9778 9776
f 9773 9774 9779
f 9773 9779 9777
f 9729 9780 9772
f 9729 9776 9780
f 9772 9780 9778
f 9780 9776 9778
f 9730 9781 9743
f 9730 9777 9781
f 9743 9781 9774
f 9781 9779 9774
f 9781 9777 9779
f 2971 3305 2968
f 2489 2971 2968
f 2488 2489 2968
f 6190 6144 5977
f 5977 5998 6190
f 6899 6879 6880
f 6882 6903 6881

